{
"type": "FeatureCollection",
"name": "distritos_afectados_Q20260914",
"crs": { "type": "name", "properties": { "name": "urn:ogc:def:crs:OGC:1.3:CRS84" } },
"features": [
{ "type": "Feature", "properties": { "UBIGEO_INEI": "051006", "DEPARTAMEN": "AYACUCHO", "PROVINCIA": "VICTOR FAJARDO", "DISTRITO": "CAYARA" }, "geometry": { "type": "Polygon", "coordinates": [ [ [ -73.979904857999941, -13.747915730999978 ], [ -73.976224857999966, -13.753764855999975 ], [ -73.972230732999947, -13.755096230999982 ], [ -73.965670732999968, -13.773511730999928 ], [ -73.959978982999985, -13.778318230999957 ], [ -73.957966857999963, -13.788830980999933 ], [ -73.951594482999951, -13.790675605999979 ], [ -73.946324232999984, -13.799203980999948 ], [ -73.937092357999973, -13.80049635599994 ], [ -73.941115732999947, -13.806427730999928 ], [ -73.94222098299997, -13.815804105999973 ], [ -73.949669232999952, -13.822817981999947 ], [ -73.952959107999959, -13.83448698199993 ], [ -73.958168232999981, -13.83999898199994 ], [ -73.966398982999976, -13.836185356999977 ], [ -73.97126123299995, -13.837965106999945 ], [ -73.979714607999938, -13.833070981999981 ], [ -73.983305482999981, -13.828876106999928 ], [ -73.989661482999963, -13.827986356999929 ], [ -73.99436260799996, -13.821692731999974 ], [ -73.999075857999969, -13.819446856999946 ], [ -74.00695210799995, -13.823811981999938 ], [ -74.009197857999936, -13.819794856999977 ], [ -74.013281232999987, -13.818447231999926 ], [ -74.016402482999979, -13.807918105999931 ], [ -74.020730732999937, -13.801383230999932 ], [ -74.027023482999937, -13.79739260599996 ], [ -74.027230482999983, -13.793672355999945 ], [ -74.032074982999973, -13.78616348099996 ], [ -74.031590482999945, -13.781924480999976 ], [ -74.034093482999936, -13.777483730999961 ], [ -74.03240085799996, -13.772926730999927 ], [ -74.032398482999952, -13.763537105999944 ], [ -74.03857198299994, -13.754472605999979 ], [ -74.032478857999934, -13.748646980999979 ], [ -74.029315607999933, -13.747984230999975 ], [ -74.025188232999938, -13.751177605999942 ], [ -74.020699482999987, -13.748707230999969 ], [ -74.013649982999937, -13.748405980999962 ], [ -74.010848232999933, -13.751267980999955 ], [ -74.009371982999937, -13.759402105999982 ], [ -73.999129982999989, -13.764835605999963 ], [ -73.98629348299994, -13.759173730999976 ], [ -73.979904857999941, -13.747915730999978 ] ] ] } },
{ "type": "Feature", "properties": { "UBIGEO_INEI": "051007", "DEPARTAMEN": "AYACUCHO", "PROVINCIA": "VICTOR FAJARDO", "DISTRITO": "COLCA" }, "geometry": { "type": "Polygon", "coordinates": [ [ [ -74.101309983999954, -13.666569980999952 ], [ -74.098736358999986, -13.670912105999946 ], [ -74.083453608999946, -13.674156480999955 ], [ -74.076632858999972, -13.67868135599997 ], [ -74.071193358999949, -13.678953105999938 ], [ -74.06639523399997, -13.681858105999936 ], [ -74.061189732999935, -13.681684605999976 ], [ -74.056944982999937, -13.684754605999956 ], [ -74.05168598299997, -13.681791355999962 ], [ -74.04111173299998, -13.685097355999972 ], [ -74.040094732999989, -13.682326230999934 ], [ -74.037927982999975, -13.68228198099996 ], [ -74.036335982999958, -13.683667605999972 ], [ -74.035908607999943, -13.688487480999981 ], [ -74.029526232999956, -13.687278855999978 ], [ -74.023910357999966, -13.688443230999951 ], [ -74.019606232999934, -13.692142980999961 ], [ -74.011558607999973, -13.693160105999937 ], [ -74.005125107999959, -13.69656798099993 ], [ -73.997970607999946, -13.707807480999975 ], [ -74.000242732999936, -13.712282605999974 ], [ -73.996911732999934, -13.715758980999965 ], [ -73.999604357999942, -13.722640105999972 ], [ -73.992031107999935, -13.73081173099996 ], [ -73.988760732999935, -13.740750230999936 ], [ -73.980209732999981, -13.747543105999966 ], [ -73.984925607999969, -13.757651105999969 ], [ -73.991451982999934, -13.76209335599998 ], [ -73.999129982999989, -13.764835605999963 ], [ -74.009371982999937, -13.759402105999982 ], [ -74.010848232999933, -13.751267980999955 ], [ -74.013649982999937, -13.748405980999962 ], [ -74.020699482999987, -13.748707230999969 ], [ -74.025188232999938, -13.751177605999942 ], [ -74.031454482999948, -13.748014355999942 ], [ -74.039017232999981, -13.754146105999951 ], [ -74.045500982999954, -13.747792605999962 ], [ -74.046111732999975, -13.739853480999955 ], [ -74.049331732999974, -13.737466230999928 ], [ -74.053828732999989, -13.729360605999943 ], [ -74.063377983999942, -13.72275385599994 ], [ -74.064783858999988, -13.716915730999972 ], [ -74.074657358999957, -13.712035855999943 ], [ -74.080442233999975, -13.703750605999971 ], [ -74.090446233999955, -13.701039605999938 ], [ -74.099153233999971, -13.69637923099998 ], [ -74.10043860899998, -13.693263480999974 ], [ -74.097712358999956, -13.687577355999963 ], [ -74.102084733999959, -13.680135230999952 ], [ -74.104295608999962, -13.679328605999956 ], [ -74.105491983999968, -13.673101605999932 ], [ -74.104299608999952, -13.668369980999955 ], [ -74.101309983999954, -13.666569980999952 ] ] ] } },
{ "type": "Feature", "properties": { "UBIGEO_INEI": "180302", "DEPARTAMEN": "MOQUEGUA", "PROVINCIA": "ILO", "DISTRITO": "EL ALGARROBAL" }, "geometry": { "type": "Polygon", "coordinates": [ [ [ -71.274062480999987, -17.427154234999932 ], [ -71.257300730999987, -17.440742234999959 ], [ -71.243347605999986, -17.438863234999928 ], [ -71.231240230999958, -17.43516410999996 ], [ -71.215872980999961, -17.434665984999981 ], [ -71.211206980999975, -17.436673859999928 ], [ -71.197806605999972, -17.447259734999932 ], [ -71.185410105999949, -17.448710984999934 ], [ -71.173560605999967, -17.453484359999948 ], [ -71.157607480999957, -17.453281234999963 ], [ -71.148808605999989, -17.438216859999955 ], [ -71.144486355999959, -17.436759609999967 ], [ -71.140818730999968, -17.439938734999942 ], [ -71.133188230999963, -17.455935109999928 ], [ -71.125329980999936, -17.46250998499994 ], [ -71.115889980999953, -17.474819984999954 ], [ -71.112709980999966, -17.475979984999981 ], [ -71.107669980999958, -17.47474998499996 ], [ -71.08949998099996, -17.483349984999961 ], [ -71.082824230999961, -17.482570359999954 ], [ -71.076820355999985, -17.48484373499997 ], [ -71.073951230999967, -17.487466734999941 ], [ -71.072548855999969, -17.525802859999942 ], [ -71.051551355999948, -17.541111484999931 ], [ -71.037789105999934, -17.555331984999953 ], [ -71.035400355999968, -17.561042984999972 ], [ -71.031156230999954, -17.585658234999983 ], [ -71.022776105999981, -17.597742484999969 ], [ -71.016535105999935, -17.600970734999976 ], [ -70.994544980999933, -17.621972609999943 ], [ -70.956298855999933, -17.631613234999975 ], [ -70.946379480999951, -17.632815109999967 ], [ -70.933922480999968, -17.638055234999968 ], [ -70.929869980999968, -17.644369984999969 ], [ -70.918339730999946, -17.649454984999977 ], [ -70.907814980999945, -17.647219609999979 ], [ -70.909589980999954, -17.654719984999929 ], [ -70.907169980999981, -17.660819984999932 ], [ -70.909969980999961, -17.665639984999927 ], [ -70.909129980999978, -17.669639984999947 ], [ -70.912499980999939, -17.687369984999975 ], [ -70.931439980999983, -17.687549984999976 ], [ -70.956279980999966, -17.675959984999963 ], [ -70.964559980999979, -17.676019984999982 ], [ -70.971446480999987, -17.680882734999955 ], [ -70.983162230999937, -17.684626984999966 ], [ -70.989685605999966, -17.679263609999964 ], [ -70.99299623099995, -17.679119109999931 ], [ -71.003349605999972, -17.683699234999949 ], [ -71.005142605999936, -17.692599609999945 ], [ -71.017113230999939, -17.709210859999928 ], [ -71.020224605999942, -17.708783109999956 ], [ -71.026915980999945, -17.70387498499997 ], [ -71.035789105999982, -17.709658234999949 ], [ -71.04937623099994, -17.708826984999973 ], [ -71.057923980999988, -17.718075234999958 ], [ -71.060539730999949, -17.718635734999964 ], [ -71.073478480999938, -17.713753984999983 ], [ -71.082191355999953, -17.716683609999961 ], [ -71.084121730999982, -17.721275609999964 ], [ -71.087761730999944, -17.72157623499993 ], [ -71.099373105999973, -17.717435484999953 ], [ -71.097191355999939, -17.712806609999973 ], [ -71.099876980999966, -17.709306609999942 ], [ -71.098312480999937, -17.698783234999951 ], [ -71.104293230999986, -17.695593484999961 ], [ -71.106024480999963, -17.692130734999978 ], [ -71.116445355999986, -17.694119109999974 ], [ -71.130203105999954, -17.691328109999972 ], [ -71.139191355999969, -17.692312484999945 ], [ -71.141220730999976, -17.688134734999949 ], [ -71.139831980999986, -17.681070234999936 ], [ -71.147044105999953, -17.674916359999941 ], [ -71.15143485599998, -17.672160609999935 ], [ -71.160309480999956, -17.673748734999947 ], [ -71.163532355999962, -17.672767859999965 ], [ -71.172920855999962, -17.665154234999932 ], [ -71.193817355999954, -17.663542234999966 ], [ -71.207372730999964, -17.667373734999956 ], [ -71.215483855999935, -17.666504734999933 ], [ -71.223232730999939, -17.670922359999963 ], [ -71.22782710599995, -17.669873609999968 ], [ -71.233950980999964, -17.672805359999927 ], [ -71.266322730999946, -17.667373734999956 ], [ -71.272159793999947, -17.671107019999965 ], [ -71.29099034799998, -17.67588938199998 ], [ -71.297827449999943, -17.662214781999978 ], [ -71.296343515999979, -17.65681369899994 ], [ -71.30316354699994, -17.656097878999958 ], [ -71.318504340999937, -17.627951789999941 ], [ -71.32165476299997, -17.627208345999975 ], [ -71.321228480999935, -17.620396484999958 ], [ -71.318976730999964, -17.616970734999938 ], [ -71.303330105999976, -17.605984359999979 ], [ -71.300193355999966, -17.598581984999953 ], [ -71.281806605999975, -17.59233785999993 ], [ -71.273453105999977, -17.585210859999961 ], [ -71.272980480999934, -17.58260735999994 ], [ -71.267410105999943, -17.58025973499997 ], [ -71.258441730999948, -17.542472484999962 ], [ -71.261540980999939, -17.535917984999969 ], [ -71.258560605999946, -17.532878859999983 ], [ -71.262251980999963, -17.527990234999947 ], [ -71.263535105999949, -17.518097609999927 ], [ -71.265312480999967, -17.515496109999958 ], [ -71.26352735599994, -17.508945359999927 ], [ -71.268134730999975, -17.501251984999953 ], [ -71.279976605999934, -17.492619109999964 ], [ -71.287688980999974, -17.491580109999973 ], [ -71.290880855999944, -17.469058609999934 ], [ -71.305394480999951, -17.46316223499997 ], [ -71.310111355999936, -17.458242234999943 ], [ -71.311867230999951, -17.45249823499995 ], [ -71.31154685599995, -17.449564484999939 ], [ -71.308339355999976, -17.445588484999973 ], [ -71.30002123099996, -17.442880234999961 ], [ -71.278609355999947, -17.427769484999942 ], [ -71.274062480999987, -17.427154234999932 ] ] ] } },
{ "type": "Feature", "properties": { "UBIGEO_INEI": "230108", "DEPARTAMEN": "TACNA", "PROVINCIA": "TACNA", "DISTRITO": "POCOLLAY" }, "geometry": { "type": "Polygon", "coordinates": [ [ [ -69.932167979999974, -17.92612110999994 ], [ -69.90672260499997, -17.953662109999982 ], [ -69.904669979999937, -17.958289984999965 ], [ -69.911599979999949, -17.958409984999946 ], [ -69.928879979999977, -17.965889984999933 ], [ -69.933639979999953, -17.970859984999947 ], [ -69.943580104999967, -17.987859359999959 ], [ -69.953130854999984, -17.992449234999981 ], [ -69.970988104999947, -18.00843948499994 ], [ -69.977330104999965, -18.008310484999981 ], [ -69.982015604999958, -18.010919859999944 ], [ -69.984289979999971, -18.014909984999974 ], [ -69.987879979999946, -18.016339984999945 ], [ -69.998109979999981, -18.025359984999966 ], [ -69.999879979999946, -18.030989984999962 ], [ -70.010819979999951, -18.03539998499997 ], [ -70.01928997999994, -18.048089984999933 ], [ -70.023119979999933, -18.050389984999981 ], [ -70.031219979999946, -18.06150998499993 ], [ -70.041139979999969, -18.063819984999952 ], [ -70.045679979999989, -18.059249984999951 ], [ -70.075039979999985, -18.056489984999928 ], [ -70.085650354999984, -18.061998109999934 ], [ -70.096601604999933, -18.059529234999957 ], [ -70.113066354999944, -18.060507859999973 ], [ -70.118505854999967, -18.063345734999928 ], [ -70.128419979999933, -18.078699109999945 ], [ -70.132481104999954, -18.08057948499993 ], [ -70.138003854999965, -18.088081984999974 ], [ -70.144087854999952, -18.093087859999969 ], [ -70.18280072999994, -18.051443359999951 ], [ -70.21865822999996, -18.034189484999956 ], [ -70.237099604999969, -18.022460984999952 ], [ -70.222006354999962, -18.016431734999969 ], [ -70.233054729999935, -18.003574234999974 ], [ -70.229011729999968, -18.00079685999998 ], [ -70.234999979999941, -17.992310484999962 ], [ -70.228720729999964, -17.990314484999942 ], [ -70.22765622999998, -17.985388734999958 ], [ -70.221653854999943, -17.974475859999927 ], [ -70.225415729999952, -17.969720109999969 ], [ -70.223359979999941, -17.965219984999976 ], [ -70.223522354999943, -17.958396734999951 ], [ -70.210024729999986, -17.974706984999955 ], [ -70.204337854999949, -17.985423859999969 ], [ -70.19631247999996, -17.992351609999957 ], [ -70.172425729999986, -18.00567185999995 ], [ -70.165429729999971, -18.001587859999972 ], [ -70.148228479999943, -17.997123109999961 ], [ -70.136636729999964, -17.989447234999943 ], [ -70.123884729999986, -17.988626984999939 ], [ -70.113316354999938, -17.983984359999965 ], [ -70.092013729999962, -17.980257859999938 ], [ -70.083533229999944, -17.97683010999998 ], [ -70.069115229999966, -17.979662109999936 ], [ -70.059697229999983, -17.976939484999946 ], [ -70.045419979999963, -17.970923859999971 ], [ -70.037599604999969, -17.963412109999979 ], [ -70.028863229999956, -17.96055473499996 ], [ -70.015161979999959, -17.95236323499995 ], [ -70.007173854999962, -17.954197234999981 ], [ -70.001564479999956, -17.951615234999963 ], [ -69.998980479999943, -17.947943359999954 ], [ -69.993650354999943, -17.947117234999951 ], [ -69.987660104999975, -17.942706984999973 ], [ -69.981505854999966, -17.941857484999957 ], [ -69.964939479999941, -17.929644484999926 ], [ -69.958197229999939, -17.930226609999977 ], [ -69.946468729999935, -17.92745898499993 ], [ -69.941015604999961, -17.928953109999952 ], [ -69.932167979999974, -17.92612110999994 ] ] ] } },
{ "type": "Feature", "properties": { "UBIGEO_INEI": "230402", "DEPARTAMEN": "TACNA", "PROVINCIA": "TARATA", "DISTRITO": "HEROES ALBARRACIN" }, "geometry": { "type": "Polygon", "coordinates": [ [ [ -70.248782854999945, -17.38473348499997 ], [ -70.243988229999957, -17.38929698499993 ], [ -70.24066997999995, -17.404910109999946 ], [ -70.223236354999983, -17.412767609999946 ], [ -70.22048435499994, -17.416095734999942 ], [ -70.221364354999935, -17.420928234999963 ], [ -70.216696854999952, -17.434847109999964 ], [ -70.215942229999939, -17.442197859999965 ], [ -70.209737354999959, -17.446530109999969 ], [ -70.20470647999997, -17.44625048499995 ], [ -70.198864979999939, -17.450275234999935 ], [ -70.198697354999979, -17.459274984999979 ], [ -70.19326760499996, -17.460972609999942 ], [ -70.19282622999998, -17.464659984999969 ], [ -70.188859104999949, -17.470650484999965 ], [ -70.184135604999938, -17.468358609999939 ], [ -70.179015604999961, -17.468533359999981 ], [ -70.173773479999966, -17.470367234999969 ], [ -70.169989979999968, -17.474209984999959 ], [ -70.161783229999969, -17.469640609999942 ], [ -70.152677729999937, -17.461609359999954 ], [ -70.146279229999948, -17.458997984999939 ], [ -70.142937479999944, -17.459224609999978 ], [ -70.14254660499995, -17.463215859999934 ], [ -70.140509729999962, -17.46555860999996 ], [ -70.130078104999939, -17.458527359999948 ], [ -70.12437497999997, -17.458091734999982 ], [ -70.119736354999986, -17.454396609999947 ], [ -70.107718729999988, -17.463320359999955 ], [ -70.089273479999974, -17.458787234999932 ], [ -70.086244104999935, -17.460035359999949 ], [ -70.084269979999988, -17.467909984999949 ], [ -70.084849979999944, -17.476809984999932 ], [ -70.079749979999974, -17.485509984999965 ], [ -70.080873104999966, -17.488802734999979 ], [ -70.074333979999949, -17.494191359999945 ], [ -70.066609354999969, -17.505564484999979 ], [ -70.068359354999984, -17.513773484999945 ], [ -70.073378854999987, -17.516652359999966 ], [ -70.076124979999975, -17.521664109999961 ], [ -70.070992229999945, -17.536013484999955 ], [ -70.074644479999961, -17.538240234999932 ], [ -70.075867229999972, -17.544285109999976 ], [ -70.086664104999954, -17.553714859999957 ], [ -70.088570354999945, -17.55750785999993 ], [ -70.095261729999947, -17.549894484999982 ], [ -70.10590035499996, -17.553947234999953 ], [ -70.112478479999936, -17.553900359999943 ], [ -70.117867229999945, -17.549546859999964 ], [ -70.122662104999961, -17.550249984999937 ], [ -70.131964854999978, -17.541914109999936 ], [ -70.132933604999948, -17.54624610999997 ], [ -70.14159385499994, -17.550904234999962 ], [ -70.143740229999935, -17.554947234999929 ], [ -70.148462729999949, -17.557154234999928 ], [ -70.150318354999968, -17.559845734999953 ], [ -70.157935604999977, -17.562589859999946 ], [ -70.159070479999968, -17.564884734999964 ], [ -70.15773822999995, -17.570013609999933 ], [ -70.163521479999986, -17.569915984999966 ], [ -70.164296854999975, -17.572679734999952 ], [ -70.163544979999983, -17.575490234999961 ], [ -70.160322229999963, -17.577429734999953 ], [ -70.169974479999951, -17.588187484999935 ], [ -70.173255854999979, -17.586919859999966 ], [ -70.184700604999989, -17.589443484999947 ], [ -70.212486354999953, -17.588507859999936 ], [ -70.225714854999978, -17.591810484999939 ], [ -70.236193354999955, -17.590059234999956 ], [ -70.259700854999949, -17.578277484999944 ], [ -70.265829604999965, -17.570861359999981 ], [ -70.271874354999966, -17.568790484999965 ], [ -70.274672854999949, -17.56532035999993 ], [ -70.279906104999952, -17.562605734999977 ], [ -70.287601979999977, -17.537559109999961 ], [ -70.289970729999936, -17.537195359999942 ], [ -70.296210979999955, -17.540029359999949 ], [ -70.303217729999972, -17.538986359999967 ], [ -70.305092729999956, -17.536523609999961 ], [ -70.305932229999939, -17.528995609999981 ], [ -70.309598479999977, -17.526784734999978 ], [ -70.312872604999939, -17.519564609999975 ], [ -70.321380104999946, -17.516234359999942 ], [ -70.331795229999955, -17.509316359999957 ], [ -70.334649979999938, -17.497319984999933 ], [ -70.333189979999986, -17.495979984999963 ], [ -70.336539979999941, -17.493869984999947 ], [ -70.340679979999948, -17.486139984999966 ], [ -70.341959979999956, -17.478019984999946 ], [ -70.340589979999947, -17.471899984999936 ], [ -70.345787104999943, -17.460740234999946 ], [ -70.325790104999953, -17.446769984999946 ], [ -70.324147104999952, -17.439395734999948 ], [ -70.321749979999936, -17.436251984999956 ], [ -70.31467635499996, -17.433147484999949 ], [ -70.307249354999954, -17.424266359999933 ], [ -70.302078104999964, -17.422937484999977 ], [ -70.29506635499996, -17.417033234999963 ], [ -70.292076104999978, -17.409658234999938 ], [ -70.28111322999996, -17.410353484999973 ], [ -70.277458854999963, -17.408562484999948 ], [ -70.275923854999974, -17.404037109999933 ], [ -70.283468354999968, -17.397813984999971 ], [ -70.27975097999996, -17.393230234999976 ], [ -70.274608229999956, -17.389261359999978 ], [ -70.269884854999987, -17.389931984999976 ], [ -70.264574354999979, -17.388143359999958 ], [ -70.259705104999966, -17.390113234999944 ], [ -70.248782854999945, -17.38473348499997 ] ] ] } },
{ "type": "Feature", "properties": { "UBIGEO_INEI": "040807", "DEPARTAMEN": "AREQUIPA", "PROVINCIA": "LA UNION", "DISTRITO": "QUECHUALLA" }, "geometry": { "type": "Polygon", "coordinates": [ [ [ -73.033821107999984, -15.229959482999959 ], [ -73.027778607999949, -15.244013732999974 ], [ -73.020359982999935, -15.251779982999949 ], [ -73.015149982999958, -15.260899982999945 ], [ -73.002689982999982, -15.256879982999976 ], [ -72.99915998299997, -15.252669982999976 ], [ -72.990739982999969, -15.251299982999967 ], [ -72.982999981999967, -15.24512998299997 ], [ -72.978019981999978, -15.246309982999946 ], [ -72.970789981999985, -15.244649982999931 ], [ -72.965329981999957, -15.241469982999945 ], [ -72.958729981999966, -15.241659982999977 ], [ -72.965154856999959, -15.244945357999939 ], [ -72.967422481999961, -15.257855357999972 ], [ -72.974296606999985, -15.259153357999935 ], [ -72.981599981999977, -15.263399982999942 ], [ -72.97709998199997, -15.272979982999971 ], [ -72.977639981999971, -15.280629982999926 ], [ -72.981231731999969, -15.292332607999981 ], [ -72.983871481999984, -15.29055885799994 ], [ -72.991989107999984, -15.289785357999961 ], [ -72.998611482999934, -15.292451857999936 ], [ -73.003707732999942, -15.291588732999969 ], [ -73.009818982999946, -15.285897232999957 ], [ -73.011665232999974, -15.278488107999976 ], [ -73.013789982999981, -15.275839982999969 ], [ -73.012947107999935, -15.280755982999949 ], [ -73.016624482999987, -15.292275482999969 ], [ -73.015930232999949, -15.298001232999979 ], [ -73.020492607999984, -15.302750482999954 ], [ -73.031303357999946, -15.305575482999927 ], [ -73.028488107999976, -15.309311857999944 ], [ -73.02804998299996, -15.314969982999969 ], [ -73.035229982999965, -15.315969982999945 ], [ -73.044975232999946, -15.322924482999952 ], [ -73.042739857999948, -15.337905732999957 ], [ -73.043075607999981, -15.342285107999942 ], [ -73.044509857999969, -15.343493482999975 ], [ -73.052509982999936, -15.346479982999938 ], [ -73.061904857999934, -15.341359107999949 ], [ -73.071569982999961, -15.340769982999973 ], [ -73.08224998299994, -15.342349982999963 ], [ -73.088769982999963, -15.335379982999939 ], [ -73.095029982999961, -15.336359982999966 ], [ -73.100899982999977, -15.33469998299995 ], [ -73.106899982999948, -15.336839982999948 ], [ -73.112289982999982, -15.335439982999958 ], [ -73.120899982999958, -15.331529982999939 ], [ -73.125109982999959, -15.326609982999969 ], [ -73.127579982999976, -15.316709982999953 ], [ -73.127339982999956, -15.311279982999963 ], [ -73.130599982999968, -15.305899982999961 ], [ -73.13737998299996, -15.304689982999946 ], [ -73.142429982999943, -15.308019982999951 ], [ -73.148445107999976, -15.307042107999962 ], [ -73.155593857999975, -15.310999857999946 ], [ -73.157981857999971, -15.314355857999942 ], [ -73.161994857999957, -15.314683857999967 ], [ -73.164192232999937, -15.314001982999969 ], [ -73.165969857999983, -15.309418732999973 ], [ -73.172134357999937, -15.306076107999957 ], [ -73.163505732999965, -15.295775357999958 ], [ -73.162826482999947, -15.290862982999954 ], [ -73.160041857999943, -15.286355982999964 ], [ -73.15295410799996, -15.283064857999932 ], [ -73.14953610799995, -15.273655857999927 ], [ -73.150688232999983, -15.261334357999942 ], [ -73.146957357999952, -15.257775357999947 ], [ -73.138030982999965, -15.260023107999928 ], [ -73.131179857999939, -15.265818607999961 ], [ -73.127281232999962, -15.264085732999945 ], [ -73.11778260799997, -15.254981857999951 ], [ -73.106254607999972, -15.256423982999934 ], [ -73.101928732999966, -15.258715607999932 ], [ -73.098304732999964, -15.257791482999949 ], [ -73.092575107999949, -15.261561357999938 ], [ -73.089248607999934, -15.267918607999945 ], [ -73.084670982999967, -15.272021232999975 ], [ -73.073097232999942, -15.274165107999977 ], [ -73.063713107999945, -15.267512357999976 ], [ -73.060165357999949, -15.259971607999944 ], [ -73.052490357999943, -15.253552482999964 ], [ -73.048942607999948, -15.241405482999937 ], [ -73.043037357999935, -15.236665732999938 ], [ -73.039421107999942, -15.235750232999976 ], [ -73.033821107999984, -15.229959482999959 ] ] ] } },
{ "type": "Feature", "properties": { "UBIGEO_INEI": "040119", "DEPARTAMEN": "AREQUIPA", "PROVINCIA": "AREQUIPA", "DISTRITO": "SAN JUAN DE TARUCANI" }, "geometry": { "type": "Polygon", "coordinates": [ [ [ -70.844574105999982, -15.921938857999976 ], [ -70.843116730999952, -15.923914857999932 ], [ -70.843254105999961, -15.928715732999933 ], [ -70.839805604999981, -15.93352323299996 ], [ -70.840148979999981, -15.937896732999945 ], [ -70.83673097999997, -15.940340982999942 ], [ -70.83914185499998, -15.945099857999935 ], [ -70.834411604999957, -15.94653410799998 ], [ -70.832199229999958, -15.949095732999979 ], [ -70.832702604999952, -15.951692607999973 ], [ -70.83838647999994, -15.95514873299993 ], [ -70.840866105999964, -15.958840357999975 ], [ -70.842460605999975, -15.969344108999962 ], [ -70.83723447999995, -15.974691358999962 ], [ -70.834373479999954, -15.974372858999971 ], [ -70.828010604999974, -15.97825523399996 ], [ -70.820198104999974, -15.978467983999963 ], [ -70.827529854999966, -15.989150108999979 ], [ -70.82860560499995, -15.999205608999944 ], [ -70.816558854999982, -16.002756108999961 ], [ -70.814869104999957, -16.012166858999933 ], [ -70.817741979999937, -16.015489858999956 ], [ -70.818074729999978, -16.022253358999933 ], [ -70.820945729999949, -16.029750858999932 ], [ -70.818618729999969, -16.033367108999983 ], [ -70.807357729999978, -16.040828733999945 ], [ -70.804084729999943, -16.053827233999982 ], [ -70.80515285499996, -16.055635483999936 ], [ -70.812568604999967, -16.053960858999972 ], [ -70.823722979999957, -16.056035983999948 ], [ -70.849525480999944, -16.055112858999962 ], [ -70.856735230999959, -16.05633735899994 ], [ -70.865852355999948, -16.069673483999964 ], [ -70.86680598099997, -16.080081983999946 ], [ -70.878105105999964, -16.081443733999947 ], [ -70.875060980999933, -16.094577733999927 ], [ -70.884803855999962, -16.10090060899995 ], [ -70.887298605999945, -16.099302233999936 ], [ -70.890365605999989, -16.100437108999927 ], [ -70.895484980999981, -16.105224608999947 ], [ -70.895370480999986, -16.107004108999945 ], [ -70.890029855999956, -16.110732983999981 ], [ -70.886131230999979, -16.11814123399995 ], [ -70.867111230999967, -16.128484733999926 ], [ -70.871238730999949, -16.134807608999949 ], [ -70.872009230999936, -16.141185733999976 ], [ -70.871696480999958, -16.143217108999977 ], [ -70.867248480999933, -16.147106108999935 ], [ -70.867828355999961, -16.15386585899995 ], [ -70.877754230999983, -16.163766858999963 ], [ -70.878593480999939, -16.166616483999974 ], [ -70.874305730999936, -16.171035733999929 ], [ -70.866096480999943, -16.172281108999982 ], [ -70.860244730999966, -16.175571483999931 ], [ -70.856376605999969, -16.184459733999972 ], [ -70.853889480999953, -16.196687733999966 ], [ -70.854423480999969, -16.205253608999953 ], [ -70.858444230999964, -16.211223608999944 ], [ -70.866531355999939, -16.218389483999943 ], [ -70.866958605999969, -16.224584608999976 ], [ -70.864761355999974, -16.226564358999951 ], [ -70.859626730999935, -16.225765233999937 ], [ -70.850509605999946, -16.227981608999983 ], [ -70.84766385599994, -16.229299483999966 ], [ -70.844505355999956, -16.23472398399997 ], [ -70.846405105999963, -16.238147733999938 ], [ -70.856094355999971, -16.24367910899997 ], [ -70.867576605999943, -16.258640233999927 ], [ -70.872001605999969, -16.265697483999929 ], [ -70.876480105999974, -16.281553233999944 ], [ -70.88080598099998, -16.284543983999981 ], [ -70.886138855999945, -16.285272608999946 ], [ -70.893714855999974, -16.280574858999955 ], [ -70.903426980999939, -16.27761073399995 ], [ -70.917381230999979, -16.283174483999971 ], [ -70.920997605999958, -16.287694983999927 ], [ -70.939109855999959, -16.298932983999975 ], [ -70.94035323099996, -16.310317983999937 ], [ -70.943611105999935, -16.314405483999963 ], [ -70.95111848099998, -16.309747733999927 ], [ -70.957015980999984, -16.30840298399994 ], [ -70.98628998099997, -16.309949983999957 ], [ -70.985038730999975, -16.313600483999949 ], [ -70.986259480999934, -16.323148733999972 ], [ -70.980010980999964, -16.331798608999975 ], [ -70.978675855999938, -16.34721185899997 ], [ -70.972763105999945, -16.353748358999951 ], [ -70.975814855999943, -16.361701983999978 ], [ -70.96939860599997, -16.36960798399997 ], [ -70.973037730999977, -16.377307858999927 ], [ -70.975097605999963, -16.391029358999958 ], [ -70.973846480999953, -16.39419748399996 ], [ -70.96519473099994, -16.397367483999972 ], [ -70.963829105999935, -16.399740233999978 ], [ -70.968009980999966, -16.408237483999926 ], [ -70.974807730999942, -16.41084860899997 ], [ -70.975616480999975, -16.418321608999975 ], [ -70.973701480999978, -16.425865358999943 ], [ -70.964935355999955, -16.436477608999951 ], [ -70.965728730999956, -16.440702483999928 ], [ -70.96369935599995, -16.449422983999966 ], [ -70.955924980999953, -16.455909608999946 ], [ -70.952926480999963, -16.460988983999982 ], [ -70.955436730999963, -16.471626233999928 ], [ -70.965881355999954, -16.48072048399996 ], [ -70.979522730999975, -16.480573608999975 ], [ -70.990005480999969, -16.49345010899998 ], [ -70.995666480999944, -16.497501358999955 ], [ -71.001052855999944, -16.498409233999951 ], [ -71.00621035599994, -16.495510108999952 ], [ -71.013198855999974, -16.498451233999958 ], [ -71.019241355999952, -16.486890733999928 ], [ -71.03725785599994, -16.485685608999972 ], [ -71.037773105999975, -16.479398733999972 ], [ -71.042716980999955, -16.477094608999948 ], [ -71.044753980999985, -16.469610233999958 ], [ -71.04182435599995, -16.465949983999963 ], [ -71.047462480999968, -16.460439733999976 ], [ -71.046203605999949, -16.454919858999972 ], [ -71.04719548099996, -16.454402983999955 ], [ -71.053848230999961, -16.462203983999927 ], [ -71.064948980999986, -16.461805358999982 ], [ -71.072654855999986, -16.465755483999942 ], [ -71.075134230999936, -16.464462233999939 ], [ -71.077827605999971, -16.458953858999962 ], [ -71.081939730999977, -16.456857733999982 ], [ -71.085227980999946, -16.458719233999943 ], [ -71.091201730999956, -16.45716860899995 ], [ -71.093399105999936, -16.462289858999952 ], [ -71.099159230999987, -16.464170483999965 ], [ -71.105468730999974, -16.46121973399994 ], [ -71.108459480999954, -16.465705858999968 ], [ -71.124725355999942, -16.461072983999941 ], [ -71.135360730999935, -16.467872608999926 ], [ -71.136856105999982, -16.474004733999948 ], [ -71.139518730999953, -16.474973733999946 ], [ -71.157928355999957, -16.470966358999931 ], [ -71.182693480999944, -16.472631483999976 ], [ -71.197029105999945, -16.471658733999959 ], [ -71.206344605999959, -16.463804233999952 ], [ -71.219139105999943, -16.460565608999957 ], [ -71.225692605999939, -16.460773483999958 ], [ -71.229476980999948, -16.461904483999945 ], [ -71.231780855999943, -16.465053608999938 ], [ -71.236984230999951, -16.465831733999948 ], [ -71.242568980999977, -16.462457608999955 ], [ -71.24459073099996, -16.454299983999931 ], [ -71.243255605999934, -16.449081358999933 ], [ -71.23871610599997, -16.444845233999956 ], [ -71.24022673099995, -16.42398260899995 ], [ -71.253250105999939, -16.405914358999951 ], [ -71.27587123099994, -16.367634608999936 ], [ -71.321411105999971, -16.308450733999962 ], [ -71.338333105999936, -16.310575483999969 ], [ -71.351684605999935, -16.309980358999951 ], [ -71.356529230999968, -16.308408733999954 ], [ -71.360099730999934, -16.303901733999965 ], [ -71.364738480999961, -16.302328108999973 ], [ -71.405555355999979, -16.299479358999974 ], [ -71.41060635599996, -16.296211233999941 ], [ -71.40896610599998, -16.295146983999928 ], [ -71.402114855999969, -16.29670535899993 ], [ -71.396987855999953, -16.295825983999976 ], [ -71.382102980999946, -16.288234733999957 ], [ -71.35580448099995, -16.253263483999945 ], [ -71.350979980999966, -16.250219983999955 ], [ -71.349949980999952, -16.246819983999956 ], [ -71.346015980999937, -16.246667858999956 ], [ -71.339988730999949, -16.240314483999953 ], [ -71.338569605999965, -16.225662233999969 ], [ -71.335349980999979, -16.222904233999941 ], [ -71.329919980999989, -16.209419983999965 ], [ -71.325589980999951, -16.205529983999952 ], [ -71.325209980999944, -16.191219983999929 ], [ -71.322109980999983, -16.185329983999964 ], [ -71.32277998099994, -16.182719983999959 ], [ -71.319029980999971, -16.180319983999937 ], [ -71.319539980999934, -16.176799983999956 ], [ -71.316429980999942, -16.172959983999931 ], [ -71.31716998099995, -16.168309983999961 ], [ -71.321749980999982, -16.165689983999982 ], [ -71.32295998099994, -16.159189983999966 ], [ -71.314049980999982, -16.143839983999953 ], [ -71.312079980999954, -16.132659983999929 ], [ -71.314649980999945, -16.127189983999926 ], [ -71.317539980999982, -16.126929983999958 ], [ -71.323239980999972, -16.122709983999982 ], [ -71.322649980999984, -16.119559983999977 ], [ -71.328439980999974, -16.11743998399993 ], [ -71.334429980999971, -16.111539983999933 ], [ -71.334699980999972, -16.107909983999946 ], [ -71.337819980999939, -16.107599983999933 ], [ -71.342869980999978, -16.099769983999977 ], [ -71.343149980999954, -16.095939983999926 ], [ -71.34492998099995, -16.095249983999963 ], [ -71.344849980999982, -16.093079983999928 ], [ -71.34256998099994, -16.091189983999982 ], [ -71.345539980999945, -16.085369983999954 ], [ -71.352789980999944, -16.081019983999965 ], [ -71.361829980999971, -16.079209983999931 ], [ -71.364229980999937, -16.070349983999961 ], [ -71.361869980999984, -16.059819983999944 ], [ -71.359919980999962, -16.05780998399996 ], [ -71.362139980999984, -16.045449983999958 ], [ -71.359789980999949, -16.036519983999938 ], [ -71.352159980999943, -16.031129983999961 ], [ -71.345939980999958, -16.032309983999937 ], [ -71.342999980999934, -16.031259983999973 ], [ -71.340759980999962, -16.027589983999974 ], [ -71.334329980999939, -16.027559983999936 ], [ -71.326439980999965, -16.029789983999933 ], [ -71.32128998099995, -16.027839983999968 ], [ -71.318489980999971, -16.028559983999969 ], [ -71.310799980999946, -16.021779983999977 ], [ -71.300299980999966, -16.019019983999954 ], [ -71.299869980999972, -16.014209983999933 ], [ -71.297709980999969, -16.010629983999934 ], [ -71.287193355999989, -16.003276858999982 ], [ -71.288597105999941, -15.999638608999931 ], [ -71.29524235599996, -15.993490233999978 ], [ -71.296142605999933, -15.987058608999973 ], [ -71.305419980999943, -15.979438733999928 ], [ -71.308273355999972, -15.974136358999942 ], [ -71.31510173099997, -15.96810335899994 ], [ -71.308599980999986, -15.954899982999962 ], [ -71.301773105999985, -15.951136607999956 ], [ -71.295463605999942, -15.951441732999967 ], [ -71.288171980999948, -15.95684823299996 ], [ -71.274208105999946, -15.954441982999981 ], [ -71.273063605999937, -15.956928232999928 ], [ -71.273980730999938, -15.965842733999978 ], [ -71.268890355999986, -15.974010483999962 ], [ -71.268798855999933, -15.981628358999956 ], [ -71.266372730999933, -15.982162483999957 ], [ -71.248351855999942, -15.998536358999957 ], [ -71.231569105999938, -16.00194098399993 ], [ -71.208099355999934, -16.02359010899994 ], [ -71.200416605999976, -16.025548983999954 ], [ -71.19493098099997, -16.015901483999926 ], [ -71.187782230999971, -16.01198385899994 ], [ -71.180259730999978, -16.010259608999945 ], [ -71.17610173099996, -16.006944608999959 ], [ -71.167190605999963, -16.007984233999935 ], [ -71.152633605999938, -16.001878733999945 ], [ -71.151283355999965, -15.993351983999958 ], [ -71.14519510599996, -15.987470608999956 ], [ -71.143531855999981, -15.983222983999951 ], [ -71.138946480999948, -15.982584983999971 ], [ -71.130531355999949, -15.986374858999966 ], [ -71.122161855999934, -15.984615358999974 ], [ -71.115943855999944, -15.988238358999979 ], [ -71.108467230999963, -15.986961358999963 ], [ -71.103012105999937, -15.98405648399995 ], [ -71.097061105999956, -15.985463108999966 ], [ -71.087089480999964, -15.98090635899996 ], [ -71.085296605999986, -15.983716983999955 ], [ -71.086929355999985, -15.997277233999966 ], [ -71.081336980999936, -15.999620483999934 ], [ -71.078018230999987, -16.003919608999979 ], [ -71.067680355999983, -16.00417323399995 ], [ -71.061637855999948, -15.998183233999953 ], [ -71.055297855999981, -15.995613108999976 ], [ -71.043891855999959, -15.981011358999979 ], [ -71.036094605999949, -15.980232233999971 ], [ -71.030799855999987, -15.975302733999968 ], [ -71.011917105999942, -15.972017233999964 ], [ -71.001983605999953, -15.968015608999963 ], [ -70.961349480999957, -15.969596858999978 ], [ -70.957023730999936, -15.96343135799998 ], [ -70.954307605999986, -15.962225857999954 ], [ -70.949417105999942, -15.961492482999972 ], [ -70.939491230999977, -15.963491482999927 ], [ -70.93585210599997, -15.962224982999942 ], [ -70.923103355999956, -15.954261732999953 ], [ -70.918922480999981, -15.948076232999938 ], [ -70.906250105999959, -15.943258232999938 ], [ -70.900421105999953, -15.94624048299994 ], [ -70.877983105999988, -15.947976107999978 ], [ -70.875511230999962, -15.947261732999948 ], [ -70.868232730999978, -15.939670607999972 ], [ -70.868270855999981, -15.93273735799994 ], [ -70.865188605999947, -15.928408607999927 ], [ -70.844574105999982, -15.921938857999976 ] ], [ [ -71.143753105999963, -16.323268858999938 ], [ -71.14680485599996, -16.325113358999943 ], [ -71.149116480999965, -16.329818733999957 ], [ -71.14729310599995, -16.333789983999964 ], [ -71.136375480999959, -16.342317608999963 ], [ -71.140357980999966, -16.34977910899994 ], [ -71.143852230999983, -16.351819983999974 ], [ -71.16290285599996, -16.351900108999928 ], [ -71.17188260599994, -16.350912108999978 ], [ -71.176078855999947, -16.348726233999969 ], [ -71.181060730999945, -16.353485108999962 ], [ -71.196273855999948, -16.356031358999928 ], [ -71.202979980999942, -16.365424983999958 ], [ -71.202415480999946, -16.372850358999926 ], [ -71.197807355999942, -16.375865983999972 ], [ -71.197280980999949, -16.381519358999981 ], [ -71.191627480999955, -16.386405983999964 ], [ -71.183181730999934, -16.383985483999936 ], [ -71.179008480999983, -16.380046858999947 ], [ -71.171615730999974, -16.376926483999966 ], [ -71.164169355999945, -16.382781983999962 ], [ -71.153434730999948, -16.382579858999975 ], [ -71.137741105999964, -16.399003983999933 ], [ -71.128768980999951, -16.397956858999976 ], [ -71.116325355999948, -16.399732608999955 ], [ -71.105636605999962, -16.407890358999964 ], [ -71.095420855999976, -16.409093858999938 ], [ -71.087341355999968, -16.402223608999975 ], [ -71.085838355999954, -16.397539108999979 ], [ -71.088439980999965, -16.395305608999934 ], [ -71.089561480999976, -16.39997485899994 ], [ -71.09211735599996, -16.401700983999945 ], [ -71.095626855999967, -16.398549983999942 ], [ -71.09210210599997, -16.394855483999947 ], [ -71.090797480999981, -16.395870233999972 ], [ -71.090438855999935, -16.39297098399993 ], [ -71.088073730999952, -16.393028233999928 ], [ -71.087333730999944, -16.388957983999944 ], [ -71.090019230999985, -16.389272733999974 ], [ -71.088462855999978, -16.387510358999975 ], [ -71.090286230999936, -16.386875108999959 ], [ -71.088676480999936, -16.385976733999939 ], [ -71.087585480999962, -16.381103358999951 ], [ -71.090660105999973, -16.382942233999927 ], [ -71.091422980999937, -16.381282858999953 ], [ -71.091117855999983, -16.377269733999981 ], [ -71.094047605999947, -16.371892983999942 ], [ -71.091186480999966, -16.37114910899993 ], [ -71.093658480999977, -16.369577358999948 ], [ -71.095725980999987, -16.358106608999947 ], [ -71.097907980999935, -16.355644233999953 ], [ -71.096443230999967, -16.350770983999951 ], [ -71.101592980999953, -16.341422983999962 ], [ -71.104049855999961, -16.340919483999926 ], [ -71.103767355999935, -16.339063608999936 ], [ -71.108535730999961, -16.33610723399994 ], [ -71.112335230999975, -16.33618735899995 ], [ -71.122123730999988, -16.327012983999964 ], [ -71.13080598099998, -16.327743608999981 ], [ -71.143753105999963, -16.323268858999938 ] ] ] } },
{ "type": "Feature", "properties": { "UBIGEO_INEI": "040127", "DEPARTAMEN": "AREQUIPA", "PROVINCIA": "AREQUIPA", "DISTRITO": "YARABAMBA" }, "geometry": { "type": "Polygon", "coordinates": [ [ [ -71.574128855999959, -16.491079358999968 ], [ -71.566579980999961, -16.496509983999943 ], [ -71.560188230999984, -16.49413685899998 ], [ -71.552841230999945, -16.497261108999965 ], [ -71.545814480999979, -16.494045233999941 ], [ -71.542091355999958, -16.502727483999934 ], [ -71.53938298099996, -16.50534635899993 ], [ -71.528839105999964, -16.50492673399998 ], [ -71.524689980999938, -16.508129983999936 ], [ -71.520839980999938, -16.507089983999947 ], [ -71.52051998099995, -16.503339983999979 ], [ -71.517052980999949, -16.501784483999927 ], [ -71.516632105999975, -16.505994858999941 ], [ -71.513435355999945, -16.506532608999976 ], [ -71.509887730999935, -16.513107358999946 ], [ -71.492889980999962, -16.519669983999961 ], [ -71.493559980999976, -16.524079983999968 ], [ -71.48953998099995, -16.525589983999964 ], [ -71.48977998099997, -16.536319983999931 ], [ -71.476549980999948, -16.542069983999966 ], [ -71.474129980999976, -16.546479983999973 ], [ -71.469419980999987, -16.549669983999934 ], [ -71.468339980999986, -16.553859983999928 ], [ -71.465219980999962, -16.554569983999954 ], [ -71.462489980999976, -16.558019983999941 ], [ -71.452229980999959, -16.564319983999951 ], [ -71.435569980999958, -16.565289983999946 ], [ -71.431789980999952, -16.563859983999976 ], [ -71.424299980999933, -16.567549983999982 ], [ -71.421359980999966, -16.566609983999967 ], [ -71.410779980999962, -16.571829983999976 ], [ -71.405429980999941, -16.568619983999952 ], [ -71.401679980999972, -16.568809983999927 ], [ -71.404067980999969, -16.574994983999943 ], [ -71.405349730999944, -16.58517648399993 ], [ -71.404266355999937, -16.591960858999983 ], [ -71.406509355999958, -16.599660858999982 ], [ -71.411132855999938, -16.602975983999954 ], [ -71.417747480999935, -16.603330608999954 ], [ -71.424056980999978, -16.606756108999946 ], [ -71.425247230999958, -16.61745260899994 ], [ -71.431808355999976, -16.624818858999959 ], [ -71.446777355999984, -16.63339048399996 ], [ -71.443962105999958, -16.642208108999966 ], [ -71.445251480999957, -16.644866983999975 ], [ -71.448738105999951, -16.648655108999947 ], [ -71.452896105999969, -16.648299983999948 ], [ -71.456092855999941, -16.652931233999936 ], [ -71.462188730999969, -16.655145608999931 ], [ -71.464004480999961, -16.661012608999954 ], [ -71.470764230999976, -16.665111483999965 ], [ -71.471107480999933, -16.669403108999973 ], [ -71.475212105999958, -16.678417233999937 ], [ -71.481986980999977, -16.683790358999943 ], [ -71.481544480999958, -16.690072983999983 ], [ -71.474708605999979, -16.704923608999934 ], [ -71.474769605999938, -16.708423483999979 ], [ -71.483139105999953, -16.727876608999964 ], [ -71.482810980999943, -16.73128885899996 ], [ -71.477600105999954, -16.740417483999977 ], [ -71.477889980999976, -16.752653108999937 ], [ -71.480010980999964, -16.762998608999965 ], [ -71.492683355999986, -16.767856608999978 ], [ -71.501785230999985, -16.766059858999938 ], [ -71.507049605999953, -16.759811358999968 ], [ -71.510292105999952, -16.758659358999978 ], [ -71.514900230999956, -16.752241108999954 ], [ -71.512855480999974, -16.745042858999966 ], [ -71.515388480999945, -16.740634858999954 ], [ -71.521705605999955, -16.735872233999942 ], [ -71.529319730999987, -16.734012608999933 ], [ -71.531471230999955, -16.726348858999927 ], [ -71.529876730999945, -16.717103983999948 ], [ -71.530952480999986, -16.712583483999936 ], [ -71.534454355999969, -16.710370983999951 ], [ -71.53547673099996, -16.70075610899994 ], [ -71.545120230999942, -16.689308108999967 ], [ -71.553802480999934, -16.684377608999966 ], [ -71.56524660599996, -16.69564623399998 ], [ -71.572555480999938, -16.699888233999957 ], [ -71.574844355999971, -16.695957233999934 ], [ -71.593688980999957, -16.686580608999975 ], [ -71.598770105999961, -16.687805233999939 ], [ -71.603538480999987, -16.685937858999978 ], [ -71.605491605999987, -16.683408733999954 ], [ -71.610275230999946, -16.683946608999975 ], [ -71.620368980999956, -16.68190760899995 ], [ -71.629470855999955, -16.684528358999955 ], [ -71.631919855999968, -16.692008983999926 ], [ -71.637824980999937, -16.69891735899995 ], [ -71.638824480999972, -16.704437233999954 ], [ -71.640556355999934, -16.705871608999928 ], [ -71.641593980999971, -16.700492858999951 ], [ -71.649085980999985, -16.694997733999969 ], [ -71.659645105999971, -16.701202358999979 ], [ -71.666976980999948, -16.701633483999956 ], [ -71.670394980999959, -16.698173483999938 ], [ -71.669464105999964, -16.688629108999976 ], [ -71.674705480999933, -16.671775858999979 ], [ -71.673217730999966, -16.669269608999969 ], [ -71.675491355999952, -16.659828233999974 ], [ -71.668701230999943, -16.657323858999973 ], [ -71.670127855999965, -16.650125483999943 ], [ -71.666191105999985, -16.642682983999975 ], [ -71.669639480999933, -16.635787983999933 ], [ -71.659721355999977, -16.633789108999963 ], [ -71.649490355999944, -16.624910358999955 ], [ -71.643737730999987, -16.626394233999974 ], [ -71.639144855999973, -16.624193233999961 ], [ -71.637214605999986, -16.621648733999962 ], [ -71.637771605999944, -16.615467108999951 ], [ -71.636329605999947, -16.611049608999963 ], [ -71.63311773099997, -16.608373608999955 ], [ -71.63244623099996, -16.599218358999963 ], [ -71.624427855999954, -16.595163358999969 ], [ -71.624236980999967, -16.590183233999937 ], [ -71.62533573099995, -16.586818733999962 ], [ -71.627929730999938, -16.586038608999957 ], [ -71.63130948099996, -16.588533233999954 ], [ -71.638847355999985, -16.587909733999936 ], [ -71.642013605999978, -16.584840733999954 ], [ -71.652900730999988, -16.584440233999942 ], [ -71.663574230999984, -16.589162858999941 ], [ -71.667350730999942, -16.59448810899994 ], [ -71.679107605999945, -16.599273858999936 ], [ -71.689163230999952, -16.592746733999945 ], [ -71.693771355999957, -16.592819233999933 ], [ -71.699256855999977, -16.58850098399995 ], [ -71.699844355999971, -16.586233108999977 ], [ -71.696701105999978, -16.584917108999946 ], [ -71.686820980999983, -16.568080733999977 ], [ -71.699851980999938, -16.558868358999973 ], [ -71.699004980999973, -16.551469858999951 ], [ -71.70394898099994, -16.546529733999932 ], [ -71.705367980999938, -16.541488608999941 ], [ -71.699058480999952, -16.540954608999982 ], [ -71.664459230999967, -16.555732733999946 ], [ -71.648994480999988, -16.558139858999937 ], [ -71.631881730999964, -16.547214483999937 ], [ -71.631805480999958, -16.545177483999964 ], [ -71.623756355999944, -16.541540233999967 ], [ -71.622085605999985, -16.539098733999936 ], [ -71.623153730999945, -16.530981108999981 ], [ -71.620567355999981, -16.522626858999956 ], [ -71.613426230999949, -16.52460098399996 ], [ -71.608016980999935, -16.522596358999976 ], [ -71.597221355999977, -16.521978358999945 ], [ -71.597221355999977, -16.520257983999954 ], [ -71.592491105999954, -16.518630983999969 ], [ -71.586967480999988, -16.510187108999958 ], [ -71.58248135599996, -16.507924983999942 ], [ -71.581748980999976, -16.504617733999964 ], [ -71.583732605999955, -16.497341108999933 ], [ -71.574128855999959, -16.491079358999968 ] ] ] } },
{ "type": "Feature", "properties": { "UBIGEO_INEI": "090310", "DEPARTAMEN": "HUANCAVELICA", "PROVINCIA": "ANGARAES", "DISTRITO": "SAN ANTONIO DE ANTAPARCO" }, "geometry": { "type": "Polygon", "coordinates": [ [ [ -74.404454858999941, -13.038587605999965 ], [ -74.39532085899998, -13.041656730999932 ], [ -74.389470483999958, -13.041871730999958 ], [ -74.400879983999971, -13.054409980999935 ], [ -74.407999983999957, -13.068549980999933 ], [ -74.406693858999972, -13.071716355999968 ], [ -74.411269983999944, -13.079389980999963 ], [ -74.409349983999959, -13.08221998099998 ], [ -74.409920983999939, -13.088416730999938 ], [ -74.420255233999967, -13.093312105999928 ], [ -74.424089358999936, -13.097666980999975 ], [ -74.437872858999981, -13.094371230999968 ], [ -74.442771858999947, -13.087788230999934 ], [ -74.451880983999956, -13.088630230999968 ], [ -74.454866233999951, -13.091690355999958 ], [ -74.456056733999958, -13.087508980999928 ], [ -74.462535358999958, -13.080164355999955 ], [ -74.463663358999952, -13.07200135599993 ], [ -74.463258983999935, -13.06086335599997 ], [ -74.458996608999939, -13.051872105999962 ], [ -74.447246858999961, -13.04771748099995 ], [ -74.440942733999975, -13.039815480999948 ], [ -74.433617108999954, -13.038583355999947 ], [ -74.430691358999979, -13.042436855999938 ], [ -74.427694233999944, -13.04286498099998 ], [ -74.423124858999984, -13.040596980999965 ], [ -74.404454858999941, -13.038587605999965 ] ] ] } },
{ "type": "Feature", "properties": { "UBIGEO_INEI": "090303", "DEPARTAMEN": "HUANCAVELICA", "PROVINCIA": "ANGARAES", "DISTRITO": "CALLANMARCA" }, "geometry": { "type": "Polygon", "coordinates": [ [ [ -74.623750163999944, -12.842369927999925 ], [ -74.616599983999947, -12.847169980999979 ], [ -74.612889983999935, -12.85910998099996 ], [ -74.606869983999957, -12.867179980999936 ], [ -74.602919983999982, -12.869999980999978 ], [ -74.602759983999988, -12.882019980999928 ], [ -74.596769983999934, -12.888359980999951 ], [ -74.60675998399995, -12.895579980999969 ], [ -74.607819983999946, -12.902089980999961 ], [ -74.610579983999969, -12.90635998099998 ], [ -74.617972608999935, -12.90050935599993 ], [ -74.621709358999965, -12.902377730999945 ], [ -74.634009483999989, -12.901028355999927 ], [ -74.635306983999953, -12.905803105999951 ], [ -74.63873235899996, -12.907671480999966 ], [ -74.63909560899998, -12.911096855999972 ], [ -74.642313358999957, -12.912394355999936 ], [ -74.649078108999959, -12.921275355999967 ], [ -74.644447108999941, -12.90961323099998 ], [ -74.642499983999983, -12.902539980999961 ], [ -74.643249983999965, -12.898379980999948 ], [ -74.640959983999949, -12.893169980999971 ], [ -74.64334998399994, -12.887849980999931 ], [ -74.648879983999961, -12.883919980999963 ], [ -74.649099983999974, -12.879779980999956 ], [ -74.641159983999955, -12.870729980999954 ], [ -74.634299983999938, -12.854289980999965 ], [ -74.634169983999982, -12.84781998099993 ], [ -74.623750163999944, -12.842369927999925 ] ] ] } },
{ "type": "Feature", "properties": { "UBIGEO_INEI": "120804", "DEPARTAMEN": "JUNIN", "PROVINCIA": "YAULI", "DISTRITO": "MARCAPOMACOCHA" }, "geometry": { "type": "Polygon", "coordinates": [ [ [ -76.18815998499997, -11.238849978999951 ], [ -76.186549984999942, -11.240209978999928 ], [ -76.18107998499994, -11.239029978999952 ], [ -76.177369984999984, -11.242369978999932 ], [ -76.172159984999951, -11.252009978999979 ], [ -76.17212998499997, -11.254759978999971 ], [ -76.167579984999975, -11.257989978999944 ], [ -76.167559984999968, -11.263329978999934 ], [ -76.164959984999939, -11.270789978999971 ], [ -76.156559984999944, -11.278559978999965 ], [ -76.152919984999983, -11.28695997899996 ], [ -76.146729984999979, -11.288869978999969 ], [ -76.141119984999989, -11.29432997899994 ], [ -76.138669984999979, -11.305959978999965 ], [ -76.135249984999973, -11.307659978999936 ], [ -76.134049984999933, -11.310079978999966 ], [ -76.136979984999982, -11.314649978999967 ], [ -76.129489984999964, -11.319199978999961 ], [ -76.124209984999936, -11.325809978999928 ], [ -76.122049985, -11.324759978999964 ], [ -76.118319984999971, -11.329589978999934 ], [ -76.112049984999942, -11.331769978999944 ], [ -76.108119984999973, -11.335489978999931 ], [ -76.105439234999949, -11.352952103999939 ], [ -76.096654984999986, -11.361243978999937 ], [ -76.094874484999934, -11.372268478999956 ], [ -76.08670135999995, -11.379971853999962 ], [ -76.082399984999938, -11.387959978999959 ], [ -76.086079984999969, -11.391459978999933 ], [ -76.086269984999944, -11.399179978999939 ], [ -76.089239984999949, -11.402349978999951 ], [ -76.089899984999988, -11.409209978999968 ], [ -76.092479984999954, -11.414989978999927 ], [ -76.102729984999939, -11.431119978999959 ], [ -76.104799984999943, -11.438309978999939 ], [ -76.108559984999943, -11.44407997899998 ], [ -76.114779984999984, -11.449589978999938 ], [ -76.120929984999975, -11.45827997899994 ], [ -76.135149984999941, -11.466539978999947 ], [ -76.138519984999959, -11.470939978999979 ], [ -76.153289984999958, -11.482229978999953 ], [ -76.155769984999949, -11.492699978999951 ], [ -76.159009984999955, -11.496479978999957 ], [ -76.163799984999969, -11.498479978999967 ], [ -76.16803998499995, -11.50430997899997 ], [ -76.181399984999985, -11.50528997899994 ], [ -76.188449984999977, -11.511289978999969 ], [ -76.194849984999962, -11.513989978999973 ], [ -76.195649984999989, -11.516919978999965 ], [ -76.205636234999986, -11.528684728999963 ], [ -76.206559109999944, -11.533883353999954 ], [ -76.209044985999981, -11.534187478999968 ], [ -76.218287485999952, -11.54124872899996 ], [ -76.219835985999964, -11.549997728999926 ], [ -76.232120485999985, -11.556440228999975 ], [ -76.23270286099995, -11.561728728999981 ], [ -76.237413610999965, -11.569009103999974 ], [ -76.242929735999951, -11.566455978999954 ], [ -76.25453573599998, -11.569033353999941 ], [ -76.264729485999965, -11.567194478999966 ], [ -76.269736360999957, -11.572355478999953 ], [ -76.273085985999955, -11.582005853999931 ], [ -76.282455985999945, -11.58665297899995 ], [ -76.286788735999949, -11.59123260399997 ], [ -76.292858485999943, -11.588782103999961 ], [ -76.297650360999967, -11.596173853999971 ], [ -76.297455610999975, -11.59151385399997 ], [ -76.301629860999981, -11.583052853999959 ], [ -76.299960735999946, -11.575211103999948 ], [ -76.30436961099997, -11.567527978999976 ], [ -76.309176985999954, -11.563666853999962 ], [ -76.314829735999979, -11.564091978999954 ], [ -76.317514485999936, -11.562699603999931 ], [ -76.321267610999939, -11.553214853999975 ], [ -76.325826485999983, -11.552118603999929 ], [ -76.325651610999955, -11.547300228999973 ], [ -76.327859860999979, -11.54432272899993 ], [ -76.332779735999964, -11.542404103999957 ], [ -76.337793485999953, -11.542932228999973 ], [ -76.339400860999945, -11.544526603999941 ], [ -76.350002485999937, -11.542297978999954 ], [ -76.348574110999948, -11.52878697899996 ], [ -76.350645860999975, -11.520413603999941 ], [ -76.359399485999973, -11.522867478999956 ], [ -76.361904485999958, -11.519704478999927 ], [ -76.361756485999933, -11.514571478999926 ], [ -76.373358860999986, -11.502285728999937 ], [ -76.376839110999981, -11.501488603999974 ], [ -76.376451860999964, -11.497694853999974 ], [ -76.380989735999947, -11.486045353999941 ], [ -76.379441610999947, -11.481977853999979 ], [ -76.373650485999974, -11.480559478999965 ], [ -76.371484985999984, -11.476480103999961 ], [ -76.372999610999955, -11.466433603999974 ], [ -76.375335985999982, -11.461907353999948 ], [ -76.377408235999951, -11.444220728999937 ], [ -76.387992235999945, -11.446429728999931 ], [ -76.394340610999961, -11.445007478999969 ], [ -76.40679886099997, -11.421529353999972 ], [ -76.411648485999933, -11.41588472899997 ], [ -76.410790110999983, -11.413560353999969 ], [ -76.404290860999936, -11.409225478999929 ], [ -76.401417985999956, -11.402851728999963 ], [ -76.407982860999937, -11.390432603999955 ], [ -76.413443235999978, -11.384928353999953 ], [ -76.414110610999955, -11.37955285399994 ], [ -76.420057485999962, -11.375092603999974 ], [ -76.422683610999968, -11.35485547899998 ], [ -76.427809860999957, -11.351517728999966 ], [ -76.430351610999935, -11.345864228999972 ], [ -76.443355485999973, -11.347281103999933 ], [ -76.448343860999955, -11.34591560399997 ], [ -76.452747110999951, -11.341512353999974 ], [ -76.457267610999963, -11.332589853999934 ], [ -76.456107360999965, -11.330706978999956 ], [ -76.450210985999945, -11.328484353999954 ], [ -76.445450860999983, -11.330152728999963 ], [ -76.425612985999976, -11.324880603999929 ], [ -76.422152985999958, -11.318537103999972 ], [ -76.42617261099997, -11.314392728999962 ], [ -76.427928235999957, -11.30961485399996 ], [ -76.422407110999984, -11.303127103999941 ], [ -76.416839860999971, -11.303240228999925 ], [ -76.413949110999965, -11.300637478999931 ], [ -76.401993360999938, -11.30381360399997 ], [ -76.396818235999945, -11.315548978999971 ], [ -76.391806610999936, -11.317589853999948 ], [ -76.38206736099994, -11.313573603999941 ], [ -76.374703485999987, -11.313245228999961 ], [ -76.36475386099994, -11.307751978999931 ], [ -76.357944360999966, -11.31338797899997 ], [ -76.348950610999964, -11.309670728999947 ], [ -76.341902360999939, -11.309156228999939 ], [ -76.338403611, -11.306625978999932 ], [ -76.334982610999987, -11.307369603999973 ], [ -76.323939610999957, -11.295747978999941 ], [ -76.315524110999945, -11.293260478999969 ], [ -76.308986860999937, -11.293485353999927 ], [ -76.302847485999962, -11.299451228999942 ], [ -76.288576610999939, -11.303464103999943 ], [ -76.285148985999967, -11.296649478999939 ], [ -76.274756735999972, -11.290786603999948 ], [ -76.267263485999933, -11.282390603999943 ], [ -76.263068485999952, -11.282491728999958 ], [ -76.259148360999973, -11.278251478999948 ], [ -76.252199985999937, -11.275469978999979 ], [ -76.250409985999966, -11.269769978999932 ], [ -76.252819985999963, -11.261909978999938 ], [ -76.248529985999937, -11.254509978999977 ], [ -76.243279985999948, -11.255419978999953 ], [ -76.236649985999975, -11.250679978999926 ], [ -76.226409985999965, -11.250509978999958 ], [ -76.220119985999986, -11.246859978999964 ], [ -76.214079985999945, -11.245759978999956 ], [ -76.208889984999985, -11.242149978999976 ], [ -76.197929984999973, -11.242239978999976 ], [ -76.18815998499997, -11.238849978999951 ] ] ] } },
{ "type": "Feature", "properties": { "UBIGEO_INEI": "151011", "DEPARTAMEN": "LIMA", "PROVINCIA": "YAUYOS", "DISTRITO": "COLONIA" }, "geometry": { "type": "Polygon", "coordinates": [ [ [ -75.896600234999937, -12.470910229999959 ], [ -75.894976109999959, -12.475790604999929 ], [ -75.883587234999936, -12.488870229999975 ], [ -75.870246359999953, -12.491488604999972 ], [ -75.862432859999956, -12.490366479999977 ], [ -75.857196359999989, -12.486792229999935 ], [ -75.845684109999979, -12.482760979999966 ], [ -75.838951234999968, -12.482179104999943 ], [ -75.832779234999975, -12.478869104999944 ], [ -75.813249109999958, -12.479434354999967 ], [ -75.808459734999985, -12.481699979999973 ], [ -75.809934234999957, -12.493227354999931 ], [ -75.805220734999978, -12.501792979999948 ], [ -75.799171859999944, -12.505629729999953 ], [ -75.798080109999944, -12.513359354999977 ], [ -75.79348460999995, -12.515557104999971 ], [ -75.790162484999939, -12.519762354999955 ], [ -75.790456859999949, -12.524219854999956 ], [ -75.788059984999961, -12.531284604999939 ], [ -75.783336984999949, -12.537227604999941 ], [ -75.784529859999964, -12.549391729999968 ], [ -75.786939484999948, -12.550400354999965 ], [ -75.787279859999956, -12.552827729999933 ], [ -75.781628484999942, -12.55359535499997 ], [ -75.777852484999983, -12.557539729999974 ], [ -75.770488859999944, -12.560974229999943 ], [ -75.769478359999937, -12.56309572999993 ], [ -75.769505484999968, -12.568240604999971 ], [ -75.776144734999946, -12.571850354999981 ], [ -75.776842234999947, -12.577237854999964 ], [ -75.789517359999934, -12.583948104999934 ], [ -75.789541359999987, -12.585535479999976 ], [ -75.769576109999946, -12.592447229999948 ], [ -75.765297609999948, -12.595781354999929 ], [ -75.762940734999972, -12.598859979999929 ], [ -75.763181109999948, -12.606844979999948 ], [ -75.743001984999978, -12.606724729999939 ], [ -75.730976359999943, -12.603910729999939 ], [ -75.728114234999964, -12.601770104999957 ], [ -75.722015734999957, -12.614605479999966 ], [ -75.714429109999969, -12.61942385499998 ], [ -75.714549359999978, -12.624137854999958 ], [ -75.711810484999944, -12.626365354999962 ], [ -75.709328109999944, -12.633837854999967 ], [ -75.701675734999981, -12.641804729999933 ], [ -75.694466734999935, -12.645546854999964 ], [ -75.722488234999958, -12.649371979999955 ], [ -75.725269984999954, -12.653239979999967 ], [ -75.74059998499996, -12.652829979999979 ], [ -75.748239984999941, -12.656239979999953 ], [ -75.747208109999974, -12.644904729999951 ], [ -75.75341823499997, -12.641972104999979 ], [ -75.756730359999949, -12.637141979999967 ], [ -75.764079109999955, -12.633864354999957 ], [ -75.769392234999941, -12.636865979999982 ], [ -75.774049859999934, -12.636382979999951 ], [ -75.780053109999983, -12.642834729999947 ], [ -75.785607734999985, -12.643628229999933 ], [ -75.785366234999969, -12.647733854999956 ], [ -75.788747359999945, -12.651218479999955 ], [ -75.788925734999964, -12.657810604999952 ], [ -75.796095984999965, -12.671711979999941 ], [ -75.800891734999936, -12.670883979999928 ], [ -75.812656484999934, -12.67516210499997 ], [ -75.816796609999983, -12.678784729999961 ], [ -75.822449234999965, -12.677095729999962 ], [ -75.827324234999935, -12.680171854999969 ], [ -75.831169984999974, -12.67498822999994 ], [ -75.838674734999984, -12.670201979999945 ], [ -75.842193484999939, -12.671011729999975 ], [ -75.84955473499997, -12.676865229999976 ], [ -75.852996359999963, -12.669534354999939 ], [ -75.858012484999961, -12.66516960499996 ], [ -75.884086484999955, -12.654107354999951 ], [ -75.907410484999957, -12.64631997999993 ], [ -75.91128523499998, -12.642179354999939 ], [ -75.923440859999971, -12.63978622999997 ], [ -75.928721234999955, -12.635113854999929 ], [ -75.937838109999973, -12.633746354999971 ], [ -75.948779984999987, -12.624069979999945 ], [ -75.952929984999969, -12.622229979999929 ], [ -75.96617998499994, -12.619119979999937 ], [ -75.971259984999961, -12.62038997999997 ], [ -75.97465998499996, -12.612199979999957 ], [ -75.973519984999939, -12.606409979999967 ], [ -75.965589984999951, -12.60471997999997 ], [ -75.965639984999939, -12.599279979999949 ], [ -75.960219984999981, -12.592159979999963 ], [ -75.959889984999961, -12.589099979999958 ], [ -75.953459984999938, -12.588679979999938 ], [ -75.949329984999963, -12.586549979999972 ], [ -75.938719984999977, -12.588989979999951 ], [ -75.936359984999967, -12.588029979999931 ], [ -75.934739984999965, -12.583444979999967 ], [ -75.936759984999981, -12.577579979999939 ], [ -75.934369984999989, -12.571759979999968 ], [ -75.92397998499996, -12.563389979999954 ], [ -75.924699984999961, -12.556799979999937 ], [ -75.914399984999989, -12.54668997999994 ], [ -75.91284998499998, -12.532729979999942 ], [ -75.915629984999953, -12.52224997999997 ], [ -75.91284998499998, -12.518629979999957 ], [ -75.916129984999941, -12.508809979999967 ], [ -75.911180359999946, -12.498285479999936 ], [ -75.911173609999935, -12.492170604999956 ], [ -75.905204859999969, -12.489743354999973 ], [ -75.903105484999969, -12.486757479999937 ], [ -75.902479984999957, -12.475619979999976 ], [ -75.899489984999946, -12.472449979999965 ], [ -75.896600234999937, -12.470910229999959 ] ] ] } },
{ "type": "Feature", "properties": { "UBIGEO_INEI": "150605", "DEPARTAMEN": "LIMA", "PROVINCIA": "HUARAL", "DISTRITO": "CHANCAY" }, "geometry": { "type": "Polygon", "coordinates": [ [ [ -77.323979986999973, -11.385479978999967 ], [ -77.317298861999973, -11.393472603999953 ], [ -77.316474611999979, -11.396199228999933 ], [ -77.318404611999938, -11.402430353999932 ], [ -77.309320611999965, -11.418138978999934 ], [ -77.308606611999949, -11.424009728999977 ], [ -77.302696111999978, -11.42924585399993 ], [ -77.304951861999939, -11.441431978999958 ], [ -77.303489486999979, -11.449595478999981 ], [ -77.299720986999944, -11.45332435399996 ], [ -77.296349236999959, -11.45332435399996 ], [ -77.29325511199994, -11.455545728999937 ], [ -77.287185611999973, -11.465697228999943 ], [ -77.286432236999985, -11.477640728999972 ], [ -77.283417486999952, -11.482876978999968 ], [ -77.285678486999984, -11.490334478999955 ], [ -77.279291985999976, -11.501520853999978 ], [ -77.26971498599994, -11.498710978999952 ], [ -77.259537360999957, -11.509256103999974 ], [ -77.253547485999945, -11.507748728999957 ], [ -77.249977360999935, -11.50981147899995 ], [ -77.233389985999963, -11.525949978999961 ], [ -77.219710735999968, -11.536428728999965 ], [ -77.217647985999974, -11.541069853999943 ], [ -77.217727360999959, -11.549876228999949 ], [ -77.214622985999938, -11.557869103999963 ], [ -77.204041860999951, -11.562292228999979 ], [ -77.20952998599995, -11.575899978999928 ], [ -77.209769985999969, -11.58071997899998 ], [ -77.216499985999974, -11.58808997899996 ], [ -77.219609985999966, -11.594239978999951 ], [ -77.224729985999943, -11.59685997899993 ], [ -77.232499985999937, -11.605379978999963 ], [ -77.24056223599996, -11.607850353999936 ], [ -77.248240735999957, -11.614312978999976 ], [ -77.279349610999986, -11.587949228999946 ], [ -77.282793224999978, -11.586818307999977 ], [ -77.281065402999957, -11.584722258999932 ], [ -77.277688027999943, -11.58705101299995 ], [ -77.27514548299996, -11.58433987199993 ], [ -77.273327610999957, -11.585411246999968 ], [ -77.271767577999981, -11.584406252999941 ], [ -77.271398439999984, -11.572011725999971 ], [ -77.276384771999972, -11.55947656099994 ], [ -77.281374985999946, -11.551802728999974 ], [ -77.283653062999974, -11.550702223999963 ], [ -77.283599611999989, -11.54808197899996 ], [ -77.295956986999954, -11.537246103999962 ], [ -77.297669986999949, -11.53269722899995 ], [ -77.295644486999947, -11.528113228999928 ], [ -77.304751986999975, -11.512234353999929 ], [ -77.31984973699997, -11.499617228999966 ], [ -77.332982361999939, -11.490900353999962 ], [ -77.342312486999958, -11.48695685399997 ], [ -77.344486361999941, -11.483831978999945 ], [ -77.342474612, -11.482130853999934 ], [ -77.34368361199995, -11.478857603999927 ], [ -77.342921861999969, -11.474183603999961 ], [ -77.35166998699998, -11.467417978999947 ], [ -77.356275486999948, -11.467037103999928 ], [ -77.360210986999959, -11.464419978999956 ], [ -77.360269486999982, -11.460470728999951 ], [ -77.363835986999959, -11.457812478999926 ], [ -77.382693361999941, -11.44717972899997 ], [ -77.38240998699996, -11.44269997899994 ], [ -77.377429986999971, -11.435609978999935 ], [ -77.377889986999946, -11.428199978999942 ], [ -77.37503998699998, -11.426259978999951 ], [ -77.373489986999971, -11.420129978999967 ], [ -77.370049986999959, -11.414669978999939 ], [ -77.354559986999959, -11.402939978999939 ], [ -77.344919986999969, -11.402379978999932 ], [ -77.334319986999958, -11.398519978999957 ], [ -77.327809986999966, -11.392039978999946 ], [ -77.323979986999973, -11.385479978999967 ] ] ] } },
{ "type": "Feature", "properties": { "UBIGEO_INEI": "150126", "DEPARTAMEN": "LIMA", "PROVINCIA": "LIMA", "DISTRITO": "PUNTA HERMOSA" }, "geometry": { "type": "Polygon", "coordinates": [ [ [ -76.662031235999962, -12.177962854999976 ], [ -76.652668860999938, -12.192557854999961 ], [ -76.648627985999951, -12.208160229999976 ], [ -76.645639985999935, -12.211819979999973 ], [ -76.647239985999988, -12.213839979999932 ], [ -76.65114998599995, -12.213769979999938 ], [ -76.653679985999986, -12.215899979999961 ], [ -76.654169985999943, -12.221249979999982 ], [ -76.661709985999948, -12.23051997999994 ], [ -76.661439985999948, -12.235039979999954 ], [ -76.665619985999967, -12.243769979999968 ], [ -76.675169985999958, -12.254539979999947 ], [ -76.693539985999962, -12.269839979999972 ], [ -76.700979985999936, -12.271759979999956 ], [ -76.717649985999969, -12.284649979999926 ], [ -76.726579985999933, -12.294999979999943 ], [ -76.743166110999937, -12.296089104999965 ], [ -76.75460323599998, -12.30942572999993 ], [ -76.762518110999963, -12.306576354999947 ], [ -76.764002235999953, -12.311364979999951 ], [ -76.77049173599994, -12.315277479999963 ], [ -76.774501360999977, -12.321316104999937 ], [ -76.791989235999949, -12.326630104999936 ], [ -76.807206485999984, -12.340108229999942 ], [ -76.816199235999989, -12.345376979999969 ], [ -76.817529235999984, -12.341103479999958 ], [ -76.822084948999986, -12.338381354999967 ], [ -76.826849682999978, -12.342785557999946 ], [ -76.825002813999959, -12.340040452999972 ], [ -76.828273485999944, -12.338460979999979 ], [ -76.828267610999944, -12.336306604999947 ], [ -76.830928698999969, -12.334318114999974 ], [ -76.830664153999976, -12.331275708999954 ], [ -76.834820719999982, -12.329416383999956 ], [ -76.834851048999951, -12.325533938999968 ], [ -76.837748110999939, -12.324275354999941 ], [ -76.835697235999987, -12.320150354999953 ], [ -76.836611360999939, -12.316169979999927 ], [ -76.839908235999985, -12.312855479999939 ], [ -76.843570911999961, -12.313108018999969 ], [ -76.827943360999939, -12.291978479999955 ], [ -76.819241735999981, -12.282846354999947 ], [ -76.805221985999935, -12.277414729999975 ], [ -76.790669985999955, -12.264529979999963 ], [ -76.787369985999987, -12.263289979999968 ], [ -76.780339985999944, -12.264089979999937 ], [ -76.768059985999969, -12.260649979999926 ], [ -76.763719985999955, -12.252449979999938 ], [ -76.759339985999986, -12.250159979999978 ], [ -76.75686998599997, -12.252969979999932 ], [ -76.752089985999987, -12.251789979999955 ], [ -76.740739985999937, -12.253699979999965 ], [ -76.73498998599996, -12.251769979999949 ], [ -76.730879985999934, -12.246149979999927 ], [ -76.72316011099997, -12.243929604999948 ], [ -76.721089985999981, -12.241669979999926 ], [ -76.721229985999969, -12.234979979999935 ], [ -76.714519985999971, -12.224789979999969 ], [ -76.707709985999941, -12.222959979999928 ], [ -76.697879985999975, -12.217329979999931 ], [ -76.694089985999938, -12.210439979999933 ], [ -76.694969986, -12.207999979999954 ], [ -76.690119985999956, -12.202349979999951 ], [ -76.683819985999946, -12.198099979999938 ], [ -76.682439985999963, -12.194009979999976 ], [ -76.679599985999971, -12.193939979999982 ], [ -76.665099985999973, -12.185259979999955 ], [ -76.662031235999962, -12.177962854999976 ] ] ] } },
{ "type": "Feature", "properties": { "UBIGEO_INEI": "150719", "DEPARTAMEN": "LIMA", "PROVINCIA": "HUAROCHIRI", "DISTRITO": "SAN JUAN DE IRIS" }, "geometry": { "type": "Polygon", "coordinates": [ [ [ -76.500797360999968, -11.671546479999961 ], [ -76.486037235999959, -11.675691479999955 ], [ -76.479103485999985, -11.675621104999948 ], [ -76.473091860999943, -11.680154354999956 ], [ -76.464152360999947, -11.676615229999982 ], [ -76.459313735999956, -11.677308979999964 ], [ -76.454393735999986, -11.682363854999949 ], [ -76.436229860999958, -11.688598229999968 ], [ -76.419009485999936, -11.698808979999967 ], [ -76.41479723599997, -11.699145979999969 ], [ -76.40772048599996, -11.696787104999942 ], [ -76.399160860999984, -11.708581729999935 ], [ -76.393802735999941, -11.70959272999994 ], [ -76.388511860999984, -11.707772979999959 ], [ -76.384333235999975, -11.711479854999936 ], [ -76.38270111099996, -11.719128854999951 ], [ -76.383886735999965, -11.721718729999964 ], [ -76.386938110999949, -11.72396585499996 ], [ -76.390793735999978, -11.72424972999994 ], [ -76.395122485999934, -11.729832229999943 ], [ -76.406878735999953, -11.736810229999946 ], [ -76.409717360999934, -11.741020729999946 ], [ -76.411717860999943, -11.749141479999935 ], [ -76.408968735999963, -11.765648854999938 ], [ -76.412505110999973, -11.770178354999928 ], [ -76.422036485999968, -11.769899854999949 ], [ -76.42633598599997, -11.773387854999953 ], [ -76.433662111, -11.770599604999973 ], [ -76.437468735999971, -11.77367385499997 ], [ -76.443619110999975, -11.774624979999942 ], [ -76.446990235999976, -11.77769335499994 ], [ -76.457978994999962, -11.779090225999937 ], [ -76.465206610999985, -11.77480922999996 ], [ -76.473023485999988, -11.765056604999927 ], [ -76.473434985999972, -11.754571854999938 ], [ -76.47621486099996, -11.74840047999993 ], [ -76.488622735999968, -11.741795354999965 ], [ -76.494283985999971, -11.734723604999942 ], [ -76.506113985999946, -11.733750979999968 ], [ -76.515684735999969, -11.735483604999956 ], [ -76.52323398599998, -11.731647104999979 ], [ -76.535651235999978, -11.735194854999975 ], [ -76.542952985999989, -11.73156460499996 ], [ -76.548420860999954, -11.713074604999974 ], [ -76.550708485999962, -11.69891060499998 ], [ -76.556369985999936, -11.692019979999941 ], [ -76.552789985999937, -11.687169979999965 ], [ -76.541769985999963, -11.680129979999947 ], [ -76.533529985999962, -11.679759979999972 ], [ -76.516939985999954, -11.672579979999966 ], [ -76.500797360999968, -11.671546479999961 ] ] ] } },
{ "type": "Feature", "properties": { "UBIGEO_INEI": "151008", "DEPARTAMEN": "LIMA", "PROVINCIA": "YAUYOS", "DISTRITO": "CATAHUASI" }, "geometry": { "type": "Polygon", "coordinates": [ [ [ -75.837355984999988, -12.671001229999945 ], [ -75.831169984999974, -12.67498822999994 ], [ -75.827324234999935, -12.680171854999969 ], [ -75.826380609999944, -12.688134604999959 ], [ -75.817093734999958, -12.695850354999948 ], [ -75.820882859999983, -12.703664104999973 ], [ -75.823727234999978, -12.705346729999974 ], [ -75.829138734999958, -12.70150622999995 ], [ -75.838939984999968, -12.701739979999957 ], [ -75.859489984999982, -12.709949979999976 ], [ -75.869709984999986, -12.725059979999969 ], [ -75.876599984999984, -12.729519979999964 ], [ -75.888539984999966, -12.732149979999974 ], [ -75.89254998499996, -12.73556997999998 ], [ -75.896029984999984, -12.739949979999949 ], [ -75.898199984999962, -12.746539980999955 ], [ -75.901699859999951, -12.750109855999938 ], [ -75.887973734999946, -12.752474605999964 ], [ -75.88308998499997, -12.763909980999927 ], [ -75.874239984999974, -12.794369980999932 ], [ -75.859669984999982, -12.791549980999946 ], [ -75.855729984999982, -12.786949980999964 ], [ -75.854639984999949, -12.782629980999957 ], [ -75.851709109999945, -12.781255730999931 ], [ -75.841925734999961, -12.778503855999929 ], [ -75.826333859999977, -12.777706480999939 ], [ -75.807289109999942, -12.770980480999981 ], [ -75.796634109999957, -12.771505355999977 ], [ -75.780437984999935, -12.764243730999965 ], [ -75.771095609999975, -12.764610855999933 ], [ -75.766852859999972, -12.763223730999925 ], [ -75.76436423499996, -12.760939230999952 ], [ -75.761642609999967, -12.754017605999934 ], [ -75.756597484999986, -12.754882855999938 ], [ -75.743109359999949, -12.749516230999973 ], [ -75.738109484999939, -12.751687230999948 ], [ -75.745216359999972, -12.755797730999973 ], [ -75.752667109999948, -12.764112730999955 ], [ -75.763918109999963, -12.769540855999935 ], [ -75.776203609999982, -12.770838730999969 ], [ -75.780759734999947, -12.777443355999935 ], [ -75.788802734999933, -12.779390605999936 ], [ -75.80157885999995, -12.791560480999976 ], [ -75.818237109999984, -12.795826230999978 ], [ -75.823598985, -12.800412355999981 ], [ -75.834193359999972, -12.801044980999961 ], [ -75.841488109999943, -12.805453730999943 ], [ -75.861501734999933, -12.806010105999974 ], [ -75.865379609999934, -12.804880480999941 ], [ -75.870825734999983, -12.799670480999964 ], [ -75.878767109999956, -12.803110105999963 ], [ -75.880937234999976, -12.807835605999969 ], [ -75.883299984999951, -12.80866998099998 ], [ -75.891899984999952, -12.805419980999943 ], [ -75.900539984999966, -12.809869980999963 ], [ -75.893139984999948, -12.800519980999979 ], [ -75.892304109999941, -12.793516730999954 ], [ -75.896123984999974, -12.791654605999952 ], [ -75.901394484999969, -12.792927230999965 ], [ -75.909151734999966, -12.790730230999941 ], [ -75.912704859999963, -12.788451855999938 ], [ -75.916879734999952, -12.781574855999963 ], [ -75.921665484999949, -12.780650355999967 ], [ -75.924584859999982, -12.777195730999949 ], [ -75.941974609999988, -12.771374980999951 ], [ -75.94684510999997, -12.764253605999954 ], [ -75.947212234999938, -12.756789480999942 ], [ -75.943389984999953, -12.748269980999964 ], [ -75.944049984999936, -12.742029979999927 ], [ -75.952209984999968, -12.719469979999928 ], [ -75.956799984999975, -12.715489979999973 ], [ -75.965339984999957, -12.71255997999998 ], [ -75.968349984999975, -12.706089979999945 ], [ -75.967789984999968, -12.70496997999993 ], [ -75.952341359999934, -12.705103104999978 ], [ -75.941527234999967, -12.698067479999963 ], [ -75.932928359999948, -12.695266229999959 ], [ -75.922309859999984, -12.694745104999981 ], [ -75.912017109999965, -12.697611479999978 ], [ -75.904851234999967, -12.695917729999962 ], [ -75.899444234999976, -12.697155479999935 ], [ -75.888890859999947, -12.692399979999948 ], [ -75.879249484999946, -12.693963354999937 ], [ -75.859926734999988, -12.682749479999927 ], [ -75.852214734999961, -12.680022479999934 ], [ -75.842193484999939, -12.671011729999975 ], [ -75.837355984999988, -12.671001229999945 ] ] ] } },
{ "type": "Feature", "properties": { "UBIGEO_INEI": "151006", "DEPARTAMEN": "LIMA", "PROVINCIA": "YAUYOS", "DISTRITO": "CACRA" }, "geometry": { "type": "Polygon", "coordinates": [ [ [ -75.69246048499997, -12.662545354999963 ], [ -75.66367385999996, -12.664003854999976 ], [ -75.658098484999982, -12.666349354999966 ], [ -75.645439234999969, -12.676790729999937 ], [ -75.636494109999944, -12.673764854999945 ], [ -75.623841984999956, -12.672703354999953 ], [ -75.620524984999975, -12.676434854999968 ], [ -75.613519984999982, -12.677219979999961 ], [ -75.60893998499995, -12.667259979999926 ], [ -75.60228998499997, -12.666029979999962 ], [ -75.594129984999938, -12.673929979999969 ], [ -75.584479984999973, -12.675869979999959 ], [ -75.575009984999951, -12.68664997999997 ], [ -75.567261859999974, -12.683363229999941 ], [ -75.561137359999975, -12.677618604999964 ], [ -75.557252484999935, -12.67756060499994 ], [ -75.55358023499997, -12.679203479999956 ], [ -75.55158935999998, -12.682489229999931 ], [ -75.554883234999977, -12.691194604999964 ], [ -75.553653984999983, -12.70424335499996 ], [ -75.557247234999977, -12.70660735499996 ], [ -75.569492234999984, -12.709727854999926 ], [ -75.577117109999961, -12.715701229999979 ], [ -75.586583734999977, -12.702824979999946 ], [ -75.593073734999962, -12.698700979999956 ], [ -75.594782859999953, -12.691324979999933 ], [ -75.602418359999945, -12.688808729999948 ], [ -75.606251234999945, -12.69501422999997 ], [ -75.614119109999933, -12.696910104999972 ], [ -75.616508609999983, -12.699540729999967 ], [ -75.625342234999948, -12.70271635499995 ], [ -75.634212484999978, -12.710929479999947 ], [ -75.639030859999934, -12.727684229999966 ], [ -75.656515484999943, -12.740204729999959 ], [ -75.660253859999955, -12.741619104999927 ], [ -75.682719984999949, -12.741119979999951 ], [ -75.690659984999968, -12.739539979999961 ], [ -75.703639984999938, -12.740939979999951 ], [ -75.705579984999986, -12.745929980999961 ], [ -75.709909984999967, -12.75021998099993 ], [ -75.71677998499996, -12.766339980999931 ], [ -75.728469984999947, -12.779949980999959 ], [ -75.767329984999947, -12.807429980999927 ], [ -75.775249984999959, -12.806869980999977 ], [ -75.776189984999974, -12.813089980999962 ], [ -75.786309984999946, -12.822699980999971 ], [ -75.786865234999937, -12.836615230999939 ], [ -75.780844609999974, -12.860444355999959 ], [ -75.806140609999943, -12.859714855999925 ], [ -75.813806234999959, -12.861211480999941 ], [ -75.824976967999987, -12.859751366999944 ], [ -75.829152234999981, -12.863351855999952 ], [ -75.843227484999943, -12.859459355999945 ], [ -75.850746984999944, -12.854093355999964 ], [ -75.860105984999961, -12.855518355999948 ], [ -75.870786984999938, -12.854859980999947 ], [ -75.875130859999956, -12.852414230999955 ], [ -75.88108273499995, -12.843661730999941 ], [ -75.883672484999977, -12.842375980999975 ], [ -75.893893359999936, -12.845296230999963 ], [ -75.897790984999972, -12.849689480999928 ], [ -75.914626859999942, -12.848618105999947 ], [ -75.922474984999951, -12.849676605999946 ], [ -75.926344234999988, -12.852523730999962 ], [ -75.930067609999981, -12.852852355999971 ], [ -75.934837859999959, -12.851230480999959 ], [ -75.943500609999944, -12.842339480999954 ], [ -75.945559984999989, -12.841989980999927 ], [ -75.942859984999984, -12.841879980999977 ], [ -75.936969984999962, -12.844919980999975 ], [ -75.929889984999988, -12.836149980999949 ], [ -75.918269984999938, -12.829139980999969 ], [ -75.913979984999969, -12.818279980999932 ], [ -75.909579984999937, -12.815379980999978 ], [ -75.904159984999978, -12.814599980999958 ], [ -75.900539984999966, -12.809869980999963 ], [ -75.892439984999953, -12.805519980999975 ], [ -75.883299984999951, -12.80866998099998 ], [ -75.880937234999976, -12.807835605999969 ], [ -75.878767109999956, -12.803110105999963 ], [ -75.870825734999983, -12.799670480999964 ], [ -75.865379609999934, -12.804880480999941 ], [ -75.861501734999933, -12.806010105999974 ], [ -75.841488109999943, -12.805453730999943 ], [ -75.834193359999972, -12.801044980999961 ], [ -75.823598985, -12.800412355999981 ], [ -75.818237109999984, -12.795826230999978 ], [ -75.80157885999995, -12.791560480999976 ], [ -75.788802734999933, -12.779390605999936 ], [ -75.780759734999947, -12.777443355999935 ], [ -75.776203609999982, -12.770838730999969 ], [ -75.763918109999963, -12.769540855999935 ], [ -75.752667109999948, -12.764112730999955 ], [ -75.745216359999972, -12.755797730999973 ], [ -75.738109484999939, -12.751687230999948 ], [ -75.724275109999951, -12.750825855999949 ], [ -75.722191359999954, -12.743078855999954 ], [ -75.728531984999961, -12.732905229999972 ], [ -75.726759734999973, -12.730160104999982 ], [ -75.721603609999988, -12.729481479999947 ], [ -75.719119234999937, -12.726649854999948 ], [ -75.729405609999958, -12.707075604999943 ], [ -75.729060609999976, -12.70452247999998 ], [ -75.723954359999937, -12.698139854999965 ], [ -75.719262109999988, -12.695381104999967 ], [ -75.708298734999971, -12.69397285499997 ], [ -75.691799484999933, -12.695966229999954 ], [ -75.688936359999957, -12.689826854999978 ], [ -75.687431609999976, -12.67556247999994 ], [ -75.689433859999951, -12.66967660499995 ], [ -75.693372734999969, -12.664618229999974 ], [ -75.69246048499997, -12.662545354999963 ] ] ] } },
{ "type": "Feature", "properties": { "UBIGEO_INEI": "151009", "DEPARTAMEN": "LIMA", "PROVINCIA": "YAUYOS", "DISTRITO": "CHOCOS" }, "geometry": { "type": "Polygon", "coordinates": [ [ [ -75.980418859999986, -12.838701605999972 ], [ -75.970879984999954, -12.841059980999944 ], [ -75.958599984999978, -12.849129980999976 ], [ -75.94489998499995, -12.842159980999952 ], [ -75.938699984999971, -12.854999980999935 ], [ -75.93483998499994, -12.858269980999978 ], [ -75.927109984999959, -12.861039980999976 ], [ -75.918109984999944, -12.861839980999946 ], [ -75.910089984999956, -12.869319980999933 ], [ -75.902139984999963, -12.872519980999982 ], [ -75.887499984999977, -12.873129980999977 ], [ -75.880199984999933, -12.877499980999971 ], [ -75.878499984999962, -12.88044998099997 ], [ -75.861837359999981, -12.882637355999975 ], [ -75.85046323499995, -12.895873480999967 ], [ -75.846285984999952, -12.90574548099994 ], [ -75.84458060999998, -12.915867980999963 ], [ -75.838682484999936, -12.924441605999959 ], [ -75.841721359999951, -12.926612980999948 ], [ -75.857150039999965, -12.926420019999966 ], [ -75.850689984999974, -12.941159980999942 ], [ -75.846119984999973, -12.959039980999933 ], [ -75.848122609999962, -12.963578605999942 ], [ -75.850563359999967, -12.964985105999972 ], [ -75.866579984999987, -12.963739980999947 ], [ -75.874968734999982, -12.966621105999934 ], [ -75.877232359999937, -12.969052730999977 ], [ -75.879025109999986, -12.973424230999967 ], [ -75.879769609999983, -12.983973355999979 ], [ -75.878073484999959, -12.989309980999963 ], [ -75.873647109999979, -12.993281355999954 ], [ -75.873026609999954, -12.998121480999941 ], [ -75.874019359999977, -13.005816105999941 ], [ -75.878781234999963, -13.015994105999937 ], [ -75.898257859999944, -13.01329110599994 ], [ -75.902866359999962, -13.009624480999946 ], [ -75.913866359999986, -13.006866105999961 ], [ -75.916658484999971, -13.002896605999979 ], [ -75.921670609999978, -13.001685605999967 ], [ -75.93929748499994, -12.99098823099996 ], [ -75.951071234999972, -12.998187105999932 ], [ -75.954670609999937, -12.998052605999931 ], [ -75.961402359999965, -13.001378855999974 ], [ -75.960199984999974, -12.981979730999967 ], [ -75.957430984999974, -12.969891355999948 ], [ -75.96189073499994, -12.957263730999955 ], [ -75.973445359999971, -12.939281230999939 ], [ -75.972667984999987, -12.923998105999942 ], [ -75.974638734999985, -12.92316210599995 ], [ -75.983236359999978, -12.926384730999928 ], [ -75.988251984999977, -12.925847605999934 ], [ -75.989982359999942, -12.922085980999952 ], [ -76.003898484999979, -12.922412105999967 ], [ -75.994384734999983, -12.905874980999954 ], [ -75.992988484999955, -12.896045105999974 ], [ -75.999915984999973, -12.878720605999945 ], [ -76.001189984999939, -12.86862998099997 ], [ -76.007959984999957, -12.858959980999941 ], [ -76.008462359999953, -12.852989855999965 ], [ -76.002039984999954, -12.840109980999955 ], [ -75.996552859999952, -12.842919230999939 ], [ -75.988819984999964, -12.842929980999941 ], [ -75.985089984999945, -12.839429980999967 ], [ -75.980418859999986, -12.838701605999972 ] ] ] } },
{ "type": "Feature", "properties": { "UBIGEO_INEI": "151032", "DEPARTAMEN": "LIMA", "PROVINCIA": "YAUYOS", "DISTRITO": "VIÑAC" }, "geometry": { "type": "Polygon", "coordinates": [ [ [ -75.943500609999944, -12.842339480999954 ], [ -75.932593734999955, -12.852513730999931 ], [ -75.926344234999988, -12.852523730999962 ], [ -75.922474984999951, -12.849676605999946 ], [ -75.910339984999951, -12.848257855999975 ], [ -75.897790984999972, -12.849689480999928 ], [ -75.893893359999936, -12.845296230999963 ], [ -75.883672484999977, -12.842375980999975 ], [ -75.88108273499995, -12.843661730999941 ], [ -75.875130859999956, -12.852414230999955 ], [ -75.870786984999938, -12.854859980999947 ], [ -75.860105984999961, -12.855518355999948 ], [ -75.850746984999944, -12.854093355999964 ], [ -75.843227484999943, -12.859459355999945 ], [ -75.829152234999981, -12.863351855999952 ], [ -75.824976967999987, -12.859751366999944 ], [ -75.813806234999959, -12.861211480999941 ], [ -75.806140609999943, -12.859714855999925 ], [ -75.779418859999964, -12.860556230999975 ], [ -75.766352234999943, -12.86888473099998 ], [ -75.757725234999953, -12.869585980999943 ], [ -75.74925460999998, -12.866902230999926 ], [ -75.742265609999947, -12.867796730999942 ], [ -75.73183798499997, -12.864581855999973 ], [ -75.718043609999938, -12.874216855999975 ], [ -75.702456359999985, -12.876994230999969 ], [ -75.697334609999984, -12.872294980999982 ], [ -75.696893234999948, -12.867517230999965 ], [ -75.694880359999956, -12.864861480999934 ], [ -75.685766734999959, -12.865616230999933 ], [ -75.682048609999981, -12.863519480999969 ], [ -75.680706734999944, -12.858878855999933 ], [ -75.684592609999982, -12.852728605999971 ], [ -75.677156359999969, -12.84808785599995 ], [ -75.668937234999987, -12.851218855999946 ], [ -75.662870859999941, -12.845823480999968 ], [ -75.656944234999969, -12.848758855999961 ], [ -75.651968109999984, -12.853986605999978 ], [ -75.641708234999953, -12.85085548099994 ], [ -75.63116873499996, -12.855691855999964 ], [ -75.626500359999966, -12.854294105999941 ], [ -75.619107484999972, -12.855806855999958 ], [ -75.612878484999953, -12.85951873099998 ], [ -75.612111609999943, -12.861521355999969 ], [ -75.613091609999969, -12.866975355999955 ], [ -75.621329984999988, -12.868769980999957 ], [ -75.628969984999969, -12.866919980999967 ], [ -75.646499984999934, -12.871759980999968 ], [ -75.653349984999977, -12.876029980999931 ], [ -75.666119984999966, -12.877979980999953 ], [ -75.670059984999966, -12.88020998099995 ], [ -75.675819984999976, -12.883569980999937 ], [ -75.681099984999946, -12.892869980999933 ], [ -75.69525998499995, -12.904189980999945 ], [ -75.703709984999989, -12.918999980999956 ], [ -75.713779984999974, -12.925079980999953 ], [ -75.723929984999984, -12.928289980999978 ], [ -75.732519984999954, -12.938259980999931 ], [ -75.740539984999941, -12.942799980999951 ], [ -75.746849984999983, -12.944609980999928 ], [ -75.750560039999982, -12.947550019999937 ], [ -75.76151998499995, -12.948219980999966 ], [ -75.766609984999945, -12.943239980999977 ], [ -75.769259984999962, -12.936939980999966 ], [ -75.773459984999988, -12.935869980999939 ], [ -75.779069984999978, -12.938599980999982 ], [ -75.783879984999942, -12.938179980999962 ], [ -75.797599984999977, -12.924159980999946 ], [ -75.817439984999965, -12.917199980999953 ], [ -75.825299984999958, -12.90820998099997 ], [ -75.827769984999975, -12.89647998099997 ], [ -75.833609984999953, -12.888809980999952 ], [ -75.838919984999961, -12.888949980999939 ], [ -75.85123998499995, -12.884729980999964 ], [ -75.857019984999965, -12.885299980999946 ], [ -75.861219984999934, -12.881589980999934 ], [ -75.878499984999962, -12.88044998099997 ], [ -75.880199984999933, -12.877499980999971 ], [ -75.887499984999977, -12.873129980999977 ], [ -75.901259984999967, -12.87274998099997 ], [ -75.906569984999976, -12.870949980999967 ], [ -75.918109984999944, -12.861839980999946 ], [ -75.927109984999959, -12.861039980999976 ], [ -75.935359984999934, -12.857929980999927 ], [ -75.938699984999971, -12.854999980999935 ], [ -75.942209984999977, -12.845859980999933 ], [ -75.945559984999989, -12.841989980999927 ], [ -75.943500609999944, -12.842339480999954 ] ] ] } },
{ "type": "Feature", "properties": { "UBIGEO_INEI": "150607", "DEPARTAMEN": "LIMA", "PROVINCIA": "HUARAL", "DISTRITO": "LAMPIAN" }, "geometry": { "type": "Polygon", "coordinates": [ [ [ -76.836806610999986, -11.141701228999978 ], [ -76.83020886099996, -11.145753978999949 ], [ -76.824597235999988, -11.152879853999934 ], [ -76.811591735999968, -11.159103478999953 ], [ -76.80860873599994, -11.164258853999968 ], [ -76.806831985999963, -11.172365228999979 ], [ -76.807873860999962, -11.189822728999957 ], [ -76.811102735999953, -11.193229853999981 ], [ -76.818963485999973, -11.197126728999933 ], [ -76.822548610999945, -11.205232353999975 ], [ -76.822192360999964, -11.207280978999961 ], [ -76.818369985999936, -11.208709978999934 ], [ -76.813289985999972, -11.215779978999933 ], [ -76.807579985999951, -11.218199978999962 ], [ -76.80345998599995, -11.222959978999938 ], [ -76.813279985999941, -11.246779978999939 ], [ -76.817039985999941, -11.249339978999956 ], [ -76.818419985999981, -11.257489978999956 ], [ -76.831024610999975, -11.260067603999971 ], [ -76.834029235999935, -11.272765603999972 ], [ -76.837379985999974, -11.276429978999943 ], [ -76.833709985999974, -11.281569978999926 ], [ -76.836519985999985, -11.285749978999945 ], [ -76.850149985999963, -11.29868997899996 ], [ -76.863629985999978, -11.307469978999961 ], [ -76.870599985999945, -11.317139978999933 ], [ -76.875989985999979, -11.318799978999948 ], [ -76.877909985999963, -11.32339997899993 ], [ -76.883429985999953, -11.327709978999962 ], [ -76.893639985999982, -11.32817997899997 ], [ -76.905049985999938, -11.332769978999977 ], [ -76.921669985999984, -11.33605997899997 ], [ -76.933959985999934, -11.341689978999966 ], [ -76.946419985999967, -11.342499978999967 ], [ -76.943864735999966, -11.333790728999929 ], [ -76.938666110999975, -11.331814603999931 ], [ -76.937206860999936, -11.328531353999949 ], [ -76.930738235999968, -11.323593728999981 ], [ -76.930944235999959, -11.314333978999969 ], [ -76.921793485999956, -11.300440728999945 ], [ -76.917232964999982, -11.287884357999928 ], [ -76.909815485999957, -11.279980728999931 ], [ -76.908204110999975, -11.273383728999931 ], [ -76.89995511099994, -11.262335978999943 ], [ -76.901306610999939, -11.249490228999946 ], [ -76.894736485999942, -11.238848103999942 ], [ -76.89689498599995, -11.22437722899997 ], [ -76.894341360999988, -11.216533728999934 ], [ -76.888625985999965, -11.211426353999968 ], [ -76.886649860999967, -11.204434103999972 ], [ -76.880539235999947, -11.199113853999961 ], [ -76.865733985999952, -11.190419103999943 ], [ -76.863761735999958, -11.181146478999949 ], [ -76.860565735999955, -11.176677853999934 ], [ -76.85284386099994, -11.173911353999927 ], [ -76.850958985999966, -11.170780103999959 ], [ -76.850837360999947, -11.165642228999957 ], [ -76.839254610999944, -11.156065978999948 ], [ -76.840865735999955, -11.144817478999926 ], [ -76.836806610999986, -11.141701228999978 ] ] ] } },
{ "type": "Feature", "properties": { "UBIGEO_INEI": "150609", "DEPARTAMEN": "LIMA", "PROVINCIA": "HUARAL", "DISTRITO": "SAN MIGUEL DE ACOS" }, "geometry": { "type": "Polygon", "coordinates": [ [ [ -76.818419985999981, -11.257489978999956 ], [ -76.818889985999988, -11.269539978999944 ], [ -76.816009985999983, -11.273279978999938 ], [ -76.814869985999962, -11.269039978999956 ], [ -76.809459985999979, -11.268319978999955 ], [ -76.804089985999951, -11.264909978999981 ], [ -76.776709985999958, -11.265979978999951 ], [ -76.773379985999952, -11.268529978999936 ], [ -76.76947073599996, -11.275724603999947 ], [ -76.759001985999987, -11.279175728999974 ], [ -76.741347610999981, -11.293763728999977 ], [ -76.721343610999952, -11.305823853999982 ], [ -76.711425610999981, -11.303721978999931 ], [ -76.706062485999951, -11.305115228999966 ], [ -76.700730485999941, -11.309656228999927 ], [ -76.700111360999983, -11.317867228999944 ], [ -76.702194860999953, -11.320233603999952 ], [ -76.710849860999986, -11.323756728999967 ], [ -76.716895235999971, -11.329367228999956 ], [ -76.722766735999983, -11.32793197899997 ], [ -76.727681485999938, -11.330410978999964 ], [ -76.733900860999938, -11.329019228999925 ], [ -76.738217360999954, -11.320779478999953 ], [ -76.757308610999985, -11.312869103999958 ], [ -76.776635610999961, -11.298899353999957 ], [ -76.783075235999945, -11.297728603999929 ], [ -76.790685735999944, -11.293411103999972 ], [ -76.810714860999951, -11.288863228999958 ], [ -76.825707360999957, -11.28170997899997 ], [ -76.830449610999949, -11.277797728999928 ], [ -76.833709985999974, -11.281569978999926 ], [ -76.837449985999967, -11.277159978999975 ], [ -76.834029235999935, -11.272765603999972 ], [ -76.831839485999978, -11.260959103999937 ], [ -76.82753711099997, -11.258369103999939 ], [ -76.818419985999981, -11.257489978999956 ] ] ] } },
{ "type": "Feature", "properties": { "UBIGEO_INEI": "151010", "DEPARTAMEN": "LIMA", "PROVINCIA": "YAUYOS", "DISTRITO": "COCHAS" }, "geometry": { "type": "Polygon", "coordinates": [ [ [ -76.16997973499997, -12.260155354999938 ], [ -76.157379984999977, -12.277899979999972 ], [ -76.155899984999962, -12.289989979999973 ], [ -76.154607867999971, -12.29041207399996 ], [ -76.152619984999944, -12.298029979999967 ], [ -76.156049984999981, -12.304179979999958 ], [ -76.157789984999965, -12.304829979999965 ], [ -76.166799984999955, -12.300739979999946 ], [ -76.176409984999964, -12.304759979999972 ], [ -76.18334998499995, -12.305459979999966 ], [ -76.186939984999981, -12.308559979999927 ], [ -76.200179984999977, -12.309809979999955 ], [ -76.203599984999983, -12.308489979999933 ], [ -76.205209984999954, -12.304329979999977 ], [ -76.212419985999986, -12.301959979999936 ], [ -76.214229985999964, -12.29982997999997 ], [ -76.224069985999961, -12.299079979999931 ], [ -76.230569985999978, -12.301399979999928 ], [ -76.233639985999957, -12.309009979999928 ], [ -76.238859985999966, -12.310239979999949 ], [ -76.242199985999946, -12.308699979999972 ], [ -76.246919985999966, -12.309009979999928 ], [ -76.246009985999933, -12.304629979999959 ], [ -76.248448235999945, -12.298932229999934 ], [ -76.233634735999942, -12.285695354999973 ], [ -76.229970985999955, -12.28013135499998 ], [ -76.220519485999944, -12.275484354999946 ], [ -76.217367735999972, -12.271246104999932 ], [ -76.216863610999951, -12.264251354999942 ], [ -76.215476610999985, -12.262784979999935 ], [ -76.203910109999981, -12.260783229999959 ], [ -76.196320359999959, -12.263736354999935 ], [ -76.18059573499994, -12.259437479999974 ], [ -76.16997973499997, -12.260155354999938 ] ] ] } },
{ "type": "Feature", "properties": { "UBIGEO_INEI": "151018", "DEPARTAMEN": "LIMA", "PROVINCIA": "YAUYOS", "DISTRITO": "LARAOS" }, "geometry": { "type": "Polygon", "coordinates": [ [ [ -75.61533511, -12.292482729999961 ], [ -75.607589859999962, -12.295965104999937 ], [ -75.601525734999939, -12.306652229999941 ], [ -75.593900609999935, -12.313376854999944 ], [ -75.588596484999982, -12.325003229999936 ], [ -75.584244609999985, -12.328037354999935 ], [ -75.570228984999972, -12.330066104999958 ], [ -75.565529109999943, -12.334590729999945 ], [ -75.556202609999957, -12.353098229999944 ], [ -75.554537109999956, -12.359436604999928 ], [ -75.548701109999968, -12.364243979999969 ], [ -75.551188734999982, -12.375806729999965 ], [ -75.561590359999968, -12.390104854999947 ], [ -75.559765109999944, -12.397252229999935 ], [ -75.565947334999976, -12.403435219999949 ], [ -75.567015376999962, -12.41107003299993 ], [ -75.565010039999947, -12.413370018999956 ], [ -75.559589984999946, -12.410719979999953 ], [ -75.558869484999946, -12.412102229999959 ], [ -75.560096734999945, -12.419990229999939 ], [ -75.555443109999942, -12.431218854999941 ], [ -75.557407609999984, -12.456590479999932 ], [ -75.555559484999947, -12.459068854999941 ], [ -75.555089234999969, -12.464266229999964 ], [ -75.551150734999965, -12.468241104999947 ], [ -75.550107484999955, -12.473941104999938 ], [ -75.555183609999972, -12.474644479999938 ], [ -75.567505859999983, -12.480142604999969 ], [ -75.585869109999976, -12.496843729999966 ], [ -75.598632859999952, -12.511482354999941 ], [ -75.610140609999974, -12.520373104999976 ], [ -75.613003109999966, -12.518311104999952 ], [ -75.614411359999963, -12.510582604999968 ], [ -75.618275609999955, -12.506030604999978 ], [ -75.618611359999989, -12.499013729999945 ], [ -75.616081484999938, -12.496664604999978 ], [ -75.614149359999942, -12.486807354999939 ], [ -75.617849859999978, -12.478849604999937 ], [ -75.627968984999939, -12.466536104999932 ], [ -75.629049859999952, -12.454910479999967 ], [ -75.631342234999977, -12.453109354999981 ], [ -75.635075484999959, -12.439747979999936 ], [ -75.634387734999962, -12.42877722999998 ], [ -75.637236859999973, -12.424749229999975 ], [ -75.641919859999973, -12.422817104999979 ], [ -75.647269359999939, -12.41616997999995 ], [ -75.654789984999979, -12.415350479999972 ], [ -75.660258984999984, -12.421245229999954 ], [ -75.665040234999935, -12.421146979999946 ], [ -75.668544359999942, -12.434115229999975 ], [ -75.670410985, -12.434671854999976 ], [ -75.673947734999956, -12.440402979999931 ], [ -75.684066984999959, -12.444496479999941 ], [ -75.686883359999968, -12.450030979999951 ], [ -75.684492734999935, -12.456973604999973 ], [ -75.690616734999935, -12.458610979999946 ], [ -75.691107859999988, -12.462704604999942 ], [ -75.69317110999998, -12.464505729999928 ], [ -75.708006109999985, -12.442990104999978 ], [ -75.716029234999951, -12.437979604999953 ], [ -75.721793109999965, -12.440337479999926 ], [ -75.727491359999988, -12.436735104999968 ], [ -75.731290109999975, -12.438667229999965 ], [ -75.732043359999977, -12.44348135499996 ], [ -75.742247984999949, -12.449111354999957 ], [ -75.741867859999957, -12.439485979999972 ], [ -75.751364859999967, -12.430643979999957 ], [ -75.755098234999934, -12.420917729999928 ], [ -75.76161510999998, -12.418396104999943 ], [ -75.768230234999976, -12.411420604999932 ], [ -75.776843109999959, -12.409717729999954 ], [ -75.78267223499995, -12.394849854999961 ], [ -75.788304984999968, -12.392295604999958 ], [ -75.791317984999978, -12.387940104999927 ], [ -75.79469335999994, -12.387626979999936 ], [ -75.794232484999952, -12.383650104999958 ], [ -75.801142359999972, -12.373727354999971 ], [ -75.804744609999943, -12.378803354999945 ], [ -75.811752859999956, -12.380604479999931 ], [ -75.815353484999946, -12.384835979999934 ], [ -75.819153984999957, -12.385123729999975 ], [ -75.840898859999982, -12.398157604999938 ], [ -75.849499984999966, -12.393749979999939 ], [ -75.848199984999951, -12.391209979999928 ], [ -75.849219984999934, -12.386619979999978 ], [ -75.844959984999946, -12.381079979999981 ], [ -75.845679984999947, -12.377529979999963 ], [ -75.831849984999963, -12.366549979999945 ], [ -75.83434998499996, -12.358809979999933 ], [ -75.832809984999983, -12.354819979999945 ], [ -75.824569984999982, -12.350209979999931 ], [ -75.828009984999937, -12.340459979999935 ], [ -75.825159984999971, -12.33686997999996 ], [ -75.824359984999944, -12.33283997999996 ], [ -75.828079984999988, -12.32584997999993 ], [ -75.820149984999944, -12.32059997999994 ], [ -75.817939984999953, -12.310939979999944 ], [ -75.813559984999983, -12.311039979999975 ], [ -75.813439984999945, -12.297199979999959 ], [ -75.810209984999972, -12.293559979999941 ], [ -75.807130109999946, -12.292810104999944 ], [ -75.801970734999941, -12.298242229999971 ], [ -75.77810498499997, -12.30292972999996 ], [ -75.763154859999986, -12.31475772999994 ], [ -75.752107484999954, -12.307853104999936 ], [ -75.748281234999979, -12.307248104999928 ], [ -75.73943885999995, -12.315598354999963 ], [ -75.727010484999937, -12.318960604999972 ], [ -75.725449359999971, -12.325444979999929 ], [ -75.713681484999938, -12.338833979999947 ], [ -75.707377234999967, -12.341295604999971 ], [ -75.702994234999949, -12.337873479999928 ], [ -75.689905234999969, -12.345498479999947 ], [ -75.683180859999936, -12.342676604999951 ], [ -75.678317609999965, -12.336672479999947 ], [ -75.678377609999984, -12.333070229999976 ], [ -75.674595109999984, -12.327786479999929 ], [ -75.668410859999938, -12.325084729999958 ], [ -75.665108609999947, -12.321362229999977 ], [ -75.659860037999977, -12.321139991999928 ], [ -75.650398734999953, -12.314277354999945 ], [ -75.645828109999968, -12.314236354999935 ], [ -75.638750859999959, -12.309954479999931 ], [ -75.630465234999974, -12.307732979999969 ], [ -75.625661984999965, -12.297345979999932 ], [ -75.621819484999946, -12.297946354999965 ], [ -75.61533511, -12.292482729999961 ] ] ] } },
{ "type": "Feature", "properties": { "UBIGEO_INEI": "151028", "DEPARTAMEN": "LIMA", "PROVINCIA": "YAUYOS", "DISTRITO": "TANTA" }, "geometry": { "type": "Polygon", "coordinates": [ [ [ -75.973887984999976, -11.984022479999965 ], [ -75.970616609999979, -11.984322354999961 ], [ -75.964482859999976, -11.988874854999949 ], [ -75.960530109999979, -11.987729979999926 ], [ -75.959194359999969, -11.985221854999963 ], [ -75.950682109999946, -11.988264854999954 ], [ -75.949110859999962, -11.994041729999935 ], [ -75.947696859999951, -11.994346729999961 ], [ -75.946810109999944, -12.000778479999951 ], [ -75.943715359999942, -12.004783479999958 ], [ -75.940438609999944, -12.006330854999931 ], [ -75.929879984999957, -12.006922479999957 ], [ -75.916727109999954, -12.019756729999926 ], [ -75.916226484999981, -12.027129604999971 ], [ -75.920686609999962, -12.041784229999962 ], [ -75.926421109999978, -12.049839729999974 ], [ -75.930426109999985, -12.062855979999938 ], [ -75.929839984999944, -12.070169979999946 ], [ -75.935329984999953, -12.071596479999926 ], [ -75.939299609999978, -12.075155479999978 ], [ -75.942228734999958, -12.091307479999955 ], [ -75.941540984999961, -12.099930229999927 ], [ -75.938724609999952, -12.103900479999936 ], [ -75.94504223499996, -12.111791979999964 ], [ -75.954411234999952, -12.112660854999945 ], [ -75.959010359999979, -12.122050854999941 ], [ -75.965744984999958, -12.128593854999963 ], [ -75.963992984999948, -12.131796854999948 ], [ -75.958325984999988, -12.135547354999972 ], [ -75.958024859999966, -12.140365604999943 ], [ -75.951728359999947, -12.145567104999941 ], [ -75.948716984999976, -12.151507729999935 ], [ -75.943652359999987, -12.152465854999946 ], [ -75.941708609999978, -12.155614104999927 ], [ -75.93557635999997, -12.154573854999967 ], [ -75.933468359999949, -12.15840647999994 ], [ -75.921258609999938, -12.163498354999945 ], [ -75.916522484999973, -12.171300729999928 ], [ -75.912881484999957, -12.187370604999956 ], [ -75.918520984999986, -12.192243604999931 ], [ -75.920327859999986, -12.201879979999944 ], [ -75.923530859999971, -12.202947604999963 ], [ -75.925009109999962, -12.206205229999966 ], [ -75.937711734999937, -12.217347479999944 ], [ -75.936972609999941, -12.229885854999964 ], [ -75.932945359999962, -12.234685604999981 ], [ -75.946389984999939, -12.24436785499995 ], [ -75.947703984999976, -12.24806360499997 ], [ -75.958712859999935, -12.259640604999959 ], [ -75.960603609999964, -12.258257354999955 ], [ -75.970595484999933, -12.257520229999955 ], [ -75.98402735999997, -12.264522854999939 ], [ -75.985910984999975, -12.260550604999935 ], [ -75.992422234999935, -12.254039354999975 ], [ -75.997254359999943, -12.252032854999982 ], [ -76.004625484999963, -12.251991979999957 ], [ -76.013757484999985, -12.24785597999994 ], [ -76.026735734999988, -12.248666729999968 ], [ -76.033732609999959, -12.238449354999943 ], [ -76.034525609999946, -12.233445729999971 ], [ -76.04198923499996, -12.231001354999933 ], [ -76.043798859999981, -12.227737604999959 ], [ -76.044244109999966, -12.224904229999936 ], [ -76.042508359999943, -12.222446229999946 ], [ -76.044057109999983, -12.218961729999933 ], [ -76.043153734999976, -12.210347229999968 ], [ -76.055252734999954, -12.201571229999956 ], [ -76.055639984999971, -12.194860354999946 ], [ -76.066900109999949, -12.190730604999942 ], [ -76.068835984999964, -12.184632604999933 ], [ -76.076547109999979, -12.181825729999957 ], [ -76.081548109999972, -12.168306979999954 ], [ -76.086223234999977, -12.160400979999963 ], [ -76.078741109999953, -12.149625979999939 ], [ -76.072933484999965, -12.146238229999938 ], [ -76.069610359999956, -12.141269604999934 ], [ -76.065544984999974, -12.140011229999971 ], [ -76.056792984999959, -12.132732479999959 ], [ -76.072514109999986, -12.109650604999956 ], [ -76.066738859999987, -12.101874979999934 ], [ -76.061931484999945, -12.089066104999972 ], [ -76.055349609999951, -12.090743854999971 ], [ -76.052155359999972, -12.086259104999954 ], [ -76.044218359999945, -12.084484604999943 ], [ -76.033893859999978, -12.070030229999929 ], [ -76.020342859999971, -12.063964604999967 ], [ -76.020468734999952, -12.056111354999928 ], [ -76.018471609999949, -12.048606854999946 ], [ -76.012535109999988, -12.044057604999978 ], [ -76.012663984999961, -12.039476104999949 ], [ -76.009308609999948, -12.032958729999962 ], [ -76.010824984999942, -12.028248104999932 ], [ -76.00969573499998, -12.023698854999964 ], [ -75.999177609999947, -12.020117479999954 ], [ -75.997564359999956, -12.017891354999961 ], [ -76.000210109999955, -12.012728979999963 ], [ -75.999726109999983, -12.007695854999952 ], [ -76.001777985, -12.003895479999926 ], [ -76.000177734999966, -11.996564729999932 ], [ -75.997983859999977, -11.99482235499994 ], [ -75.992156234999982, -11.994691354999929 ], [ -75.987291734999985, -11.989463229999956 ], [ -75.981302859999971, -11.98819347999995 ], [ -75.973887984999976, -11.984022479999965 ] ] ] } },
{ "type": "Feature", "properties": { "UBIGEO_INEI": "151029", "DEPARTAMEN": "LIMA", "PROVINCIA": "YAUYOS", "DISTRITO": "TAURIPAMPA" }, "geometry": { "type": "Polygon", "coordinates": [ [ [ -76.138859359999969, -12.523339854999961 ], [ -76.129222234999986, -12.531121729999938 ], [ -76.128130859999942, -12.541908229999933 ], [ -76.122931484999981, -12.548972729999946 ], [ -76.12269923499997, -12.553378479999935 ], [ -76.108776484999964, -12.567716979999943 ], [ -76.114107859999933, -12.57573997999998 ], [ -76.117834734999974, -12.585626479999974 ], [ -76.11586785999998, -12.596962229999974 ], [ -76.106240234999973, -12.598825604999945 ], [ -76.097285484999986, -12.616320979999955 ], [ -76.087347234999982, -12.620461854999974 ], [ -76.08890010999994, -12.626673229999938 ], [ -76.096198484999945, -12.63759497999996 ], [ -76.097078359999955, -12.649034229999927 ], [ -76.095163234999973, -12.667357729999935 ], [ -76.084345109999958, -12.674863104999929 ], [ -76.076322109999978, -12.691582104999952 ], [ -76.073112859999981, -12.70281435499993 ], [ -76.076580734999936, -12.710682104999933 ], [ -76.075390359999972, -12.724191854999958 ], [ -76.081291109999938, -12.730454979999934 ], [ -76.083620484999983, -12.742722354999955 ], [ -76.089417734999984, -12.753385230999982 ], [ -76.095370234999962, -12.755093355999975 ], [ -76.100235859999941, -12.759389605999957 ], [ -76.109449359999985, -12.756749730999957 ], [ -76.11827148499998, -12.760687480999934 ], [ -76.122337984999945, -12.783561980999934 ], [ -76.125423859999955, -12.786621105999927 ], [ -76.12976410999994, -12.786899105999964 ], [ -76.132146109999951, -12.78945960599998 ], [ -76.141554734999943, -12.793419605999929 ], [ -76.143757984999979, -12.801994605999937 ], [ -76.142548859999977, -12.811070355999959 ], [ -76.14396660999995, -12.818906355999957 ], [ -76.147062984999934, -12.822568605999948 ], [ -76.154896484999938, -12.825011730999961 ], [ -76.153881234999972, -12.837842730999967 ], [ -76.161414109999953, -12.837812980999956 ], [ -76.162694359999989, -12.841415605999941 ], [ -76.166029109999954, -12.843499980999979 ], [ -76.164361734999943, -12.84781710599998 ], [ -76.16519548499997, -12.849990605999949 ], [ -76.177269484999954, -12.854369105999979 ], [ -76.184955359999947, -12.845168355999931 ], [ -76.191437734999965, -12.83261310599994 ], [ -76.189606234999985, -12.826492105999932 ], [ -76.190497984999979, -12.823793105999926 ], [ -76.199366109999971, -12.81345498099995 ], [ -76.206414109999969, -12.808677605999947 ], [ -76.21115023599998, -12.807743605999974 ], [ -76.215343235999967, -12.802032355999927 ], [ -76.223295610999969, -12.799911730999952 ], [ -76.233736360999956, -12.791257855999959 ], [ -76.241292985999962, -12.790843730999939 ], [ -76.243156235999948, -12.772623105999969 ], [ -76.247225360999948, -12.755522605999943 ], [ -76.257033360999969, -12.750582355999938 ], [ -76.282505360999949, -12.752486230999978 ], [ -76.289469735999944, -12.745329105999929 ], [ -76.291084360999946, -12.738508979999949 ], [ -76.296024485999965, -12.733785979999936 ], [ -76.296025610999948, -12.724100479999947 ], [ -76.299494485999958, -12.713670229999934 ], [ -76.29293873599994, -12.700147729999969 ], [ -76.290059610999947, -12.688245479999978 ], [ -76.284649985999977, -12.683289979999927 ], [ -76.284659985999951, -12.677489979999962 ], [ -76.289228485999956, -12.664886354999965 ], [ -76.288128860999961, -12.654456979999964 ], [ -76.275011235999955, -12.651292229999967 ], [ -76.273141235999958, -12.649362979999978 ], [ -76.269549860999973, -12.643040854999981 ], [ -76.268006360999948, -12.635709729999974 ], [ -76.264724610999963, -12.632550729999934 ], [ -76.266166110999961, -12.628615729999979 ], [ -76.26284186099997, -12.618702104999954 ], [ -76.255896360999941, -12.609204104999947 ], [ -76.25253248599995, -12.595498979999945 ], [ -76.248882610999942, -12.592400104999967 ], [ -76.241562485999964, -12.592056604999982 ], [ -76.240047610999966, -12.586967479999942 ], [ -76.229225485999962, -12.575024104999954 ], [ -76.226617860999966, -12.570095479999964 ], [ -76.216239235999979, -12.563836979999962 ], [ -76.206746984999938, -12.553327854999964 ], [ -76.198333984999977, -12.54763472999997 ], [ -76.191642609999974, -12.551642604999927 ], [ -76.185438234999936, -12.551578104999976 ], [ -76.181321734999983, -12.543757604999939 ], [ -76.171026109999957, -12.539428104999956 ], [ -76.165205984999943, -12.534604479999928 ], [ -76.147421359999953, -12.530327854999939 ], [ -76.140992234999942, -12.524404354999945 ], [ -76.138859359999969, -12.523339854999961 ] ] ] } },
{ "type": "Feature", "properties": { "UBIGEO_INEI": "150132", "DEPARTAMEN": "LIMA", "PROVINCIA": "LIMA", "DISTRITO": "SAN JUAN DE LURIGANCHO" }, "geometry": { "type": "Polygon", "coordinates": [ [ [ -76.942275360999986, -11.86086722999994 ], [ -76.936767360999966, -11.869179479999957 ], [ -76.930663110999944, -11.870610979999981 ], [ -76.911837360999982, -11.864938854999934 ], [ -76.896090735999962, -11.864128604999962 ], [ -76.894929235999939, -11.865749229999949 ], [ -76.897495235999941, -11.870394854999972 ], [ -76.897414235999975, -11.880658604999951 ], [ -76.903059235999933, -11.885223229999951 ], [ -76.912107485999968, -11.889274729999954 ], [ -76.917995610999981, -11.906452854999941 ], [ -76.916564110999957, -11.912854104999951 ], [ -76.918265610999981, -11.919660604999933 ], [ -76.915051485999982, -11.923603979999939 ], [ -76.915024485999936, -11.927115354999955 ], [ -76.927530110999953, -11.934110729999929 ], [ -76.932389985999976, -11.944694354999967 ], [ -76.938057610999977, -11.948317604999943 ], [ -76.94090436099998, -11.952251229999945 ], [ -76.94812486099994, -11.952121854999973 ], [ -76.950169360999951, -11.953752354999949 ], [ -76.950835985999959, -11.962556604999975 ], [ -76.953498110999988, -11.969435604999944 ], [ -76.969397985999933, -11.994926979999946 ], [ -76.969645177999951, -11.999174985999957 ], [ -76.967408235999983, -12.004279354999937 ], [ -76.96008270699997, -12.006604981999942 ], [ -76.95588909199995, -12.010200364999946 ], [ -76.954019964999986, -12.012794584999938 ], [ -76.954352216999951, -12.015301393999948 ], [ -76.95219734899996, -12.017228272999944 ], [ -76.952401468999938, -12.021420512999953 ], [ -76.968302893999976, -12.026630993999959 ], [ -76.981174345999989, -12.02547519899997 ], [ -76.999844165999946, -12.027780725999946 ], [ -77.010798386999966, -12.031219537999959 ], [ -77.012855735999949, -12.037282479999931 ], [ -77.016877393999948, -12.036129830999926 ], [ -77.022463337999966, -12.027594041999976 ], [ -77.019468911999979, -12.021198961999971 ], [ -77.020174306999934, -12.015613469999948 ], [ -77.02232186699996, -12.013031291999937 ], [ -77.022592030999988, -12.009709524999948 ], [ -77.025338897999973, -12.009012350999967 ], [ -77.028311583999937, -11.999399489999973 ], [ -77.030927042999963, -11.996801018999975 ], [ -77.03052546899994, -11.985709619999966 ], [ -77.028587468999945, -11.982424619999961 ], [ -77.029796071999954, -11.97407347799998 ], [ -77.027444233999972, -11.966065807999939 ], [ -77.028281235999941, -11.960677729999929 ], [ -77.017902011999979, -11.949841569999933 ], [ -77.015359813999964, -11.941170614999976 ], [ -77.017159964999962, -11.937281739999946 ], [ -77.006688858999951, -11.93119420599993 ], [ -77.002978624999969, -11.925670080999964 ], [ -77.000010436999958, -11.924488301999929 ], [ -76.999256460999959, -11.921040655999946 ], [ -76.995674235999957, -11.917322104999926 ], [ -76.988388735999933, -11.916307854999957 ], [ -76.990601985999945, -11.908469104999938 ], [ -76.987954610999964, -11.897146104999933 ], [ -76.974645485999986, -11.88962760499993 ], [ -76.963173235999989, -11.873998354999969 ], [ -76.956438110999954, -11.870066729999962 ], [ -76.952667735999967, -11.865490729999976 ], [ -76.947350485999948, -11.86210710499995 ], [ -76.942275360999986, -11.86086722999994 ] ] ] } },
{ "type": "Feature", "properties": { "UBIGEO_INEI": "120805", "DEPARTAMEN": "JUNIN", "PROVINCIA": "YAULI", "DISTRITO": "MOROCOCHA" }, "geometry": { "type": "Polygon", "coordinates": [ [ [ -76.082589234999944, -11.388894603999972 ], [ -76.085160109999947, -11.419050853999977 ], [ -76.083900359999973, -11.424908228999982 ], [ -76.094195484999943, -11.44065285399995 ], [ -76.095085984999969, -11.448015603999977 ], [ -76.092838734999987, -11.450716978999935 ], [ -76.082350859999963, -11.454726978999929 ], [ -76.06648260999998, -11.471680603999971 ], [ -76.066070109999941, -11.476183103999972 ], [ -76.069519484999944, -11.48262310399997 ], [ -76.062749984999982, -11.506333603999963 ], [ -76.067497984999989, -11.537490228999957 ], [ -76.057902734999971, -11.541808603999982 ], [ -76.057990359999962, -11.54715497899997 ], [ -76.060247734999962, -11.550679478999939 ], [ -76.053239734999977, -11.55209535399996 ], [ -76.049146484999937, -11.554982478999932 ], [ -76.043900359999952, -11.564558603999956 ], [ -76.036866359999976, -11.563315103999969 ], [ -76.03266211, -11.565711103999945 ], [ -76.030830109999954, -11.572525353999936 ], [ -76.033673109999938, -11.577705603999959 ], [ -76.033310484999959, -11.580925728999944 ], [ -76.036356609999984, -11.582995603999962 ], [ -76.035147234999954, -11.59316322899997 ], [ -76.038212859999987, -11.604192603999934 ], [ -76.048394234999989, -11.609432978999962 ], [ -76.063576109999985, -11.60920122899995 ], [ -76.066955109999981, -11.606304853999973 ], [ -76.069140859999948, -11.598498728999971 ], [ -76.072206859999937, -11.597612228999935 ], [ -76.089970359999938, -11.612131603999956 ], [ -76.09132948499996, -11.617959103999965 ], [ -76.103516984999942, -11.626774978999947 ], [ -76.11695898499994, -11.62160347899993 ], [ -76.119712859999936, -11.626720728999942 ], [ -76.124694359999978, -11.63096872899996 ], [ -76.132190359999981, -11.62950310399998 ], [ -76.141403484999955, -11.632325353999931 ], [ -76.149162109999963, -11.625337853999952 ], [ -76.155090859999973, -11.626462728999968 ], [ -76.161049359999936, -11.619081478999931 ], [ -76.16649373499996, -11.615747228999965 ], [ -76.170967234999978, -11.615511353999977 ], [ -76.172556484999973, -11.613990353999952 ], [ -76.18068760999995, -11.614431103999948 ], [ -76.180251234999957, -11.610077353999941 ], [ -76.187868734999938, -11.60231360399996 ], [ -76.187319859999945, -11.594307103999938 ], [ -76.189418359999934, -11.590400603999967 ], [ -76.192646734999983, -11.587495228999956 ], [ -76.199393984999972, -11.588431478999951 ], [ -76.204806859999962, -11.579652353999961 ], [ -76.205500734999987, -11.57442210399995 ], [ -76.213486985999964, -11.571073978999948 ], [ -76.217291610999951, -11.571477228999981 ], [ -76.217046485999958, -11.566044353999928 ], [ -76.225102110999956, -11.561358478999978 ], [ -76.227339860999962, -11.55389447899995 ], [ -76.219162360999974, -11.549099228999978 ], [ -76.219181860999981, -11.543133603999934 ], [ -76.21736098599996, -11.539939103999927 ], [ -76.206559109999944, -11.533883353999954 ], [ -76.205636234999986, -11.528684728999963 ], [ -76.195649984999989, -11.516919978999965 ], [ -76.194849984999962, -11.513989978999973 ], [ -76.188449984999977, -11.511289978999969 ], [ -76.181399984999985, -11.50528997899994 ], [ -76.16803998499995, -11.50430997899997 ], [ -76.163799984999969, -11.498479978999967 ], [ -76.159009984999955, -11.496479978999957 ], [ -76.155769984999949, -11.492699978999951 ], [ -76.153289984999958, -11.482229978999953 ], [ -76.138519984999959, -11.470939978999979 ], [ -76.135149984999941, -11.466539978999947 ], [ -76.120929984999975, -11.45827997899994 ], [ -76.116499984999962, -11.453739978999977 ], [ -76.114779984999984, -11.449589978999938 ], [ -76.112199984999961, -11.448499978999962 ], [ -76.106589984999971, -11.44120997899995 ], [ -76.102729984999939, -11.431119978999959 ], [ -76.092479984999954, -11.414989978999927 ], [ -76.089899984999988, -11.409209978999968 ], [ -76.089239984999949, -11.402349978999951 ], [ -76.086269984999944, -11.399179978999939 ], [ -76.086079984999969, -11.391459978999933 ], [ -76.084569984999973, -11.388709978999941 ], [ -76.082589234999944, -11.388894603999972 ] ] ] } },
{ "type": "Feature", "properties": { "UBIGEO_INEI": "100110", "DEPARTAMEN": "HUANUCO", "PROVINCIA": "HUANUCO", "DISTRITO": "YARUMAYO" }, "geometry": { "type": "Polygon", "coordinates": [ [ [ -76.425171860999967, -9.917999977999955 ], [ -76.414117235999981, -9.923267602999942 ], [ -76.404488235999963, -9.925636727999972 ], [ -76.402738235999948, -9.927644477999934 ], [ -76.397587860999977, -9.925892727999951 ], [ -76.391872985999953, -9.928468727999928 ], [ -76.378124985999989, -9.940826227999935 ], [ -76.374849610999945, -9.946759727999961 ], [ -76.387160110999957, -9.953951102999952 ], [ -76.388900360999969, -9.956790977999958 ], [ -76.403369110999961, -9.959249977999946 ], [ -76.405958985999973, -9.961560477999967 ], [ -76.416538985999978, -9.963919852999936 ], [ -76.421869110999978, -9.960621102999937 ], [ -76.427599610999948, -9.963009727999975 ], [ -76.431320235999976, -9.968101477999937 ], [ -76.433249985999964, -9.975050727999928 ], [ -76.441798735999953, -9.981419852999977 ], [ -76.441019485999959, -9.990009727999961 ], [ -76.444378860999961, -9.995390602999976 ], [ -76.452910110999937, -9.999191352999958 ], [ -76.460299985999939, -10.006439977999946 ], [ -76.466589985999974, -10.006609977999972 ], [ -76.476458985999955, -9.998210852999932 ], [ -76.478288985999939, -9.994230477999963 ], [ -76.484199110999953, -9.994111227999952 ], [ -76.487369110999964, -9.991480477999971 ], [ -76.482788985999946, -9.984320227999945 ], [ -76.481679610999947, -9.973509727999954 ], [ -76.475718735999976, -9.961509727999953 ], [ -76.475802485999964, -9.956885977999946 ], [ -76.473677735999956, -9.95469135299993 ], [ -76.473740235999969, -9.951244102999965 ], [ -76.477849610999954, -9.94619722799996 ], [ -76.480751985999973, -9.93619535299996 ], [ -76.477955110999972, -9.935796852999943 ], [ -76.47535936099996, -9.932851602999961 ], [ -76.468187485999977, -9.931042977999937 ], [ -76.466759735999972, -9.926933602999952 ], [ -76.462415985999939, -9.922123102999933 ], [ -76.458395985999971, -9.921934602999954 ], [ -76.456122985999968, -9.92642385299996 ], [ -76.449388610999961, -9.926974602999962 ], [ -76.444093735999957, -9.923882852999952 ], [ -76.432404235999968, -9.923966852999968 ], [ -76.425171860999967, -9.917999977999955 ] ] ] } },
{ "type": "Feature", "properties": { "UBIGEO_INEI": "100307", "DEPARTAMEN": "HUANUCO", "PROVINCIA": "DOS DE MAYO", "DISTRITO": "CHUQUIS" }, "geometry": { "type": "Polygon", "coordinates": [ [ [ -76.658689985999956, -9.60688997799997 ], [ -76.641349985999966, -9.613029977999929 ], [ -76.62819998599997, -9.612909977999948 ], [ -76.611179985999968, -9.608679977999941 ], [ -76.60279998599998, -9.610479977999944 ], [ -76.58846998599995, -9.608189977999928 ], [ -76.577999985999952, -9.613119977999929 ], [ -76.563879985999961, -9.61398997799995 ], [ -76.559009985999978, -9.616599977999954 ], [ -76.550138610999966, -9.630253852999942 ], [ -76.542914110999959, -9.630736352999975 ], [ -76.53850973599998, -9.634140602999935 ], [ -76.535550860999933, -9.644702977999941 ], [ -76.536568360999979, -9.650648477999937 ], [ -76.539316360999976, -9.654275352999946 ], [ -76.539158360999977, -9.658638727999971 ], [ -76.537476610999988, -9.661140602999978 ], [ -76.533658235999951, -9.661544977999938 ], [ -76.525972610999986, -9.665664102999926 ], [ -76.534134860999984, -9.671150352999973 ], [ -76.535863235999955, -9.675988227999937 ], [ -76.542560485999957, -9.675998102999927 ], [ -76.549736360999987, -9.680685602999972 ], [ -76.558882860999972, -9.682705102999932 ], [ -76.570353485999988, -9.681423852999956 ], [ -76.580285110999966, -9.678581977999954 ], [ -76.583871110999951, -9.675087977999965 ], [ -76.598115235999956, -9.672513727999956 ], [ -76.606578110999976, -9.678013727999939 ], [ -76.609576110999967, -9.678437477999978 ], [ -76.615402235999966, -9.678400352999972 ], [ -76.616886735999969, -9.675181602999942 ], [ -76.618835985999965, -9.675380852999979 ], [ -76.630369985999948, -9.68505997799997 ], [ -76.644469985999933, -9.687769977999949 ], [ -76.660869985999966, -9.68069997799995 ], [ -76.664409985999953, -9.677399977999926 ], [ -76.673389985999961, -9.681669977999945 ], [ -76.678959985999938, -9.686349977999953 ], [ -76.686659985999938, -9.699339977999955 ], [ -76.689719985999943, -9.701539977999971 ], [ -76.692649985999935, -9.700439977999963 ], [ -76.70206998599997, -9.694089977999965 ], [ -76.70382998599996, -9.689619977999939 ], [ -76.715629985999954, -9.67726997799997 ], [ -76.71818998599997, -9.666089977999945 ], [ -76.717789985999957, -9.655769977999967 ], [ -76.720119985999986, -9.648439977999942 ], [ -76.723549985999966, -9.644219977999967 ], [ -76.721209985999963, -9.64076997799998 ], [ -76.722009985999989, -9.636609977999967 ], [ -76.718999985999972, -9.630009977999975 ], [ -76.719229985999959, -9.622989977999964 ], [ -76.716349985999955, -9.61801997799995 ], [ -76.705929985999944, -9.615519977999952 ], [ -76.699629985999934, -9.617639977999943 ], [ -76.693989985999963, -9.616789977999929 ], [ -76.685109985999986, -9.612479977999953 ], [ -76.679579985999965, -9.612759977999929 ], [ -76.664849985999979, -9.607229977999964 ], [ -76.658689985999956, -9.60688997799997 ] ] ] } },
{ "type": "Feature", "properties": { "UBIGEO_INEI": "101102", "DEPARTAMEN": "HUANUCO", "PROVINCIA": "YAROWILCA", "DISTRITO": "CAHUAC" }, "geometry": { "type": "Polygon", "coordinates": [ [ [ -76.641109985999947, -9.827919977999954 ], [ -76.637899985999979, -9.837479977999976 ], [ -76.63422998599998, -9.840849977999937 ], [ -76.633269985999959, -9.845259977999945 ], [ -76.627769985999976, -9.846699977999947 ], [ -76.622299985999973, -9.850699977999966 ], [ -76.622569985999974, -9.858789977999947 ], [ -76.617469985999946, -9.862429977999966 ], [ -76.606329985999935, -9.882549977999929 ], [ -76.621089985999959, -9.88446997799997 ], [ -76.640042985999969, -9.883458977999965 ], [ -76.647755860999951, -9.872083977999978 ], [ -76.661466735999966, -9.868132852999963 ], [ -76.667244110999945, -9.872374977999925 ], [ -76.669636735999973, -9.877398477999975 ], [ -76.676173860999938, -9.880533227999933 ], [ -76.678320360999976, -9.884581977999972 ], [ -76.678464860999952, -9.890970727999957 ], [ -76.676142610999989, -9.897652352999955 ], [ -76.680122985999958, -9.905281227999978 ], [ -76.686871110999959, -9.902035102999946 ], [ -76.687609985999984, -9.893889977999947 ], [ -76.685669985999937, -9.88350997799995 ], [ -76.688239985999985, -9.869189977999952 ], [ -76.685239985999942, -9.860019977999968 ], [ -76.684729985999979, -9.851669977999961 ], [ -76.677429985999936, -9.857039977999932 ], [ -76.665379985999948, -9.861159977999932 ], [ -76.662439485999982, -9.860195352999938 ], [ -76.659996110999941, -9.856509727999935 ], [ -76.662439485999982, -9.852138727999943 ], [ -76.662224610999942, -9.843396602999974 ], [ -76.650499985999943, -9.83607997799993 ], [ -76.64448998599994, -9.829609977999951 ], [ -76.641109985999947, -9.827919977999954 ] ] ] } },
{ "type": "Feature", "properties": { "UBIGEO_INEI": "130606", "DEPARTAMEN": "LA LIBERTAD", "PROVINCIA": "OTUZCO", "DISTRITO": "LA CUESTA" }, "geometry": { "type": "Polygon", "coordinates": [ [ [ -78.652938862999974, -7.857882100999973 ], [ -78.647470987999952, -7.866068287999951 ], [ -78.654420237999943, -7.879596350999975 ], [ -78.647946862999959, -7.899703475999956 ], [ -78.651249738, -7.904591725999978 ], [ -78.656507487999988, -7.907445100999951 ], [ -78.659308237999937, -7.91283522599997 ], [ -78.656886612999983, -7.926122975999931 ], [ -78.664407737999966, -7.929058350999981 ], [ -78.674553737999986, -7.93946860099993 ], [ -78.679579362999959, -7.940759975999981 ], [ -78.683484487999976, -7.94448885099996 ], [ -78.689791862999982, -7.946104600999945 ], [ -78.696662362999973, -7.940648475999978 ], [ -78.717189987999973, -7.930269975999977 ], [ -78.720152237999969, -7.927207975999977 ], [ -78.73192748799994, -7.927775975999964 ], [ -78.733557987999973, -7.916207100999941 ], [ -78.736797362999937, -7.910507350999978 ], [ -78.73276561299997, -7.899257850999959 ], [ -78.709994112999937, -7.904040975999976 ], [ -78.706203112999958, -7.907130850999977 ], [ -78.702173862999985, -7.905999975999976 ], [ -78.693439862999981, -7.909839100999932 ], [ -78.687390987999947, -7.908289975999935 ], [ -78.67403098799997, -7.897089975999961 ], [ -78.67116098799994, -7.890489975999969 ], [ -78.670729987999948, -7.884989975999929 ], [ -78.673319987999946, -7.878919975999963 ], [ -78.674656112999969, -7.863940600999968 ], [ -78.678077737999956, -7.858832100999962 ], [ -78.671117862999949, -7.858139600999948 ], [ -78.664408112999979, -7.861475850999966 ], [ -78.652938862999974, -7.857882100999973 ] ] ] } },
{ "type": "Feature", "properties": { "UBIGEO_INEI": "131005", "DEPARTAMEN": "LA LIBERTAD", "PROVINCIA": "SANTIAGO DE CHUCO", "DISTRITO": "MOLLEPATA" }, "geometry": { "type": "Polygon", "coordinates": [ [ [ -77.906646486999989, -8.072773475999952 ], [ -77.897917986999971, -8.074109350999947 ], [ -77.897845736999955, -8.075328100999968 ], [ -77.905429986999934, -8.094919975999971 ], [ -77.904509986999983, -8.105039975999944 ], [ -77.908239986999945, -8.108629975999975 ], [ -77.910751986999969, -8.119669225999928 ], [ -77.914199986999961, -8.121439975999976 ], [ -77.913899986999979, -8.123379975999967 ], [ -77.916759986999978, -8.127759975999936 ], [ -77.916509986999984, -8.132319975999962 ], [ -77.918429986999968, -8.13394997599994 ], [ -77.920439986999952, -8.147729975999937 ], [ -77.926661487, -8.157439475999979 ], [ -77.933832861999974, -8.190279725999972 ], [ -77.933209986999941, -8.197009958999956 ], [ -77.939919986999939, -8.199099975999957 ], [ -77.950169986999981, -8.205279975999929 ], [ -77.953099986999973, -8.204819975999953 ], [ -77.956659986999966, -8.208139975999927 ], [ -77.965579986999956, -8.208209975999978 ], [ -77.966599986999938, -8.209779975999936 ], [ -77.972289986999954, -8.209009975999948 ], [ -77.979549986999984, -8.211199975999932 ], [ -77.982931486999973, -8.209599975999936 ], [ -77.987355611999988, -8.20234235099997 ], [ -77.98485236199997, -8.195748725999977 ], [ -77.989039986999956, -8.19128997599995 ], [ -77.990019986999982, -8.18665997599993 ], [ -77.989690111999948, -8.185307350999949 ], [ -77.979202861999966, -8.187680225999941 ], [ -77.976623986999982, -8.18695435099994 ], [ -77.972244736999983, -8.17750960099994 ], [ -77.967736611999953, -8.174327475999974 ], [ -77.966556486999934, -8.160470350999958 ], [ -77.960131486999956, -8.153387600999963 ], [ -77.960524361999944, -8.146383100999969 ], [ -77.955929736999963, -8.141998100999956 ], [ -77.958381611999982, -8.137262600999975 ], [ -77.956868361999966, -8.119795600999964 ], [ -77.961164736999933, -8.113340975999961 ], [ -77.957716111999957, -8.101494725999942 ], [ -77.952815486999953, -8.096572975999948 ], [ -77.953925111999979, -8.090313975999948 ], [ -77.944849611999985, -8.088562475999936 ], [ -77.934459611999955, -8.081386850999934 ], [ -77.930412111999942, -8.08214260099993 ], [ -77.918049236999934, -8.079849475999936 ], [ -77.906646486999989, -8.072773475999952 ] ] ] } },
{ "type": "Feature", "properties": { "UBIGEO_INEI": "020514", "DEPARTAMEN": "ANCASH", "PROVINCIA": "BOLOGNESI", "DISTRITO": "SAN MIGUEL DE CORPANQUI" }, "geometry": { "type": "Polygon", "coordinates": [ [ [ -77.237099985999976, -10.25265997799994 ], [ -77.212519985999961, -10.262049977999936 ], [ -77.204339985999979, -10.270539977999931 ], [ -77.194979985999964, -10.273339977999967 ], [ -77.184079985999972, -10.283409977999952 ], [ -77.173929985999962, -10.287149977999945 ], [ -77.17188998599994, -10.290289977999976 ], [ -77.178945860999988, -10.298434727999961 ], [ -77.179495360999965, -10.303931352999939 ], [ -77.178797860999964, -10.306442477999951 ], [ -77.169498860999965, -10.31258147799997 ], [ -77.165154485999949, -10.321003477999966 ], [ -77.163869985999952, -10.33342997799997 ], [ -77.170789985999988, -10.327209977999928 ], [ -77.177369985999974, -10.325779977999957 ], [ -77.181629985999962, -10.32294997799994 ], [ -77.189369985999974, -10.321639977999951 ], [ -77.196649985999954, -10.322789977999946 ], [ -77.222927485999946, -10.316034352999964 ], [ -77.229949610999938, -10.310725102999982 ], [ -77.235237110999947, -10.308913102999952 ], [ -77.237597610999956, -10.305982102999963 ], [ -77.241005860999962, -10.305917977999968 ], [ -77.235974485999975, -10.298030852999943 ], [ -77.238159235999944, -10.294190227999934 ], [ -77.236878985999965, -10.291386477999936 ], [ -77.237653235999971, -10.287567102999958 ], [ -77.243977485999949, -10.274642477999976 ], [ -77.243756235999967, -10.267166102999965 ], [ -77.250105235999968, -10.263936727999976 ], [ -77.250968735999948, -10.257946477999951 ], [ -77.25552511099994, -10.253785977999939 ], [ -77.237099985999976, -10.25265997799994 ] ] ] } },
{ "type": "Feature", "properties": { "UBIGEO_INEI": "021405", "DEPARTAMEN": "ANCASH", "PROVINCIA": "OCROS", "DISTRITO": "COCHAS" }, "geometry": { "type": "Polygon", "coordinates": [ [ [ -77.423169986999937, -10.527289977999942 ], [ -77.419229986999937, -10.530619977999947 ], [ -77.420249986999977, -10.541249977999939 ], [ -77.418919986999981, -10.553119977999927 ], [ -77.420619986999952, -10.56297997799993 ], [ -77.423919986999977, -10.56706997799995 ], [ -77.422079986999961, -10.575519977999932 ], [ -77.425439986999947, -10.58500997799996 ], [ -77.42398998699997, -10.597579978999931 ], [ -77.424569986999984, -10.613359978999938 ], [ -77.420319986999971, -10.608379978999949 ], [ -77.406789986999968, -10.606459978999965 ], [ -77.403859986999976, -10.603779978999967 ], [ -77.398199986999941, -10.604859978999968 ], [ -77.386189986999966, -10.61067997899994 ], [ -77.379999986999962, -10.611449978999929 ], [ -77.362879986999985, -10.611539978999929 ], [ -77.352549986999975, -10.606439978999958 ], [ -77.346919986999978, -10.606449978999933 ], [ -77.361393611999972, -10.625611853999942 ], [ -77.362654486999986, -10.631128978999982 ], [ -77.367304736999984, -10.638301353999964 ], [ -77.371127486999967, -10.640153478999935 ], [ -77.377826736999964, -10.638577228999964 ], [ -77.380112486999963, -10.639444228999935 ], [ -77.388900486999944, -10.657650853999939 ], [ -77.395309986999962, -10.66153997899994 ], [ -77.402259986999979, -10.677552103999972 ], [ -77.403793986999972, -10.690967728999965 ], [ -77.39556061199994, -10.701230228999975 ], [ -77.386293611999974, -10.705529353999964 ], [ -77.385657556999945, -10.707792954999945 ], [ -77.391326361999973, -10.710199228999954 ], [ -77.395251611999981, -10.717806603999975 ], [ -77.415429986999982, -10.72997997899995 ], [ -77.422431611999968, -10.728410103999977 ], [ -77.427603486999942, -10.729455103999953 ], [ -77.436139236999963, -10.723640103999969 ], [ -77.452654236999933, -10.728931603999968 ], [ -77.460242361999974, -10.737285353999937 ], [ -77.464961111999969, -10.736289728999964 ], [ -77.471108361999939, -10.74187072899997 ], [ -77.485871111999984, -10.745078103999958 ], [ -77.494959861999973, -10.74610260399993 ], [ -77.501740236999979, -10.740720728999975 ], [ -77.504294861999938, -10.736011728999927 ], [ -77.508331986999963, -10.734109353999941 ], [ -77.523947111999973, -10.734982103999926 ], [ -77.539848361999987, -10.745852622999962 ], [ -77.54293299699998, -10.750842253999963 ], [ -77.552815072999977, -10.753508009999962 ], [ -77.572955798999942, -10.774096468999971 ], [ -77.591191831999936, -10.786449562999962 ], [ -77.592997671999967, -10.777498360999971 ], [ -77.592070593999949, -10.775220482999941 ], [ -77.587796730999969, -10.773056821999944 ], [ -77.588555665999934, -10.77132921499998 ], [ -77.585206507999942, -10.764185216999977 ], [ -77.585568039999941, -10.761217790999979 ], [ -77.588798861999976, -10.757681728999955 ], [ -77.586467017999951, -10.75324743799996 ], [ -77.587311861999979, -10.749830478999968 ], [ -77.584686236999971, -10.741452228999947 ], [ -77.577174486999979, -10.728570228999956 ], [ -77.578439861999982, -10.722718103999966 ], [ -77.57569633199995, -10.716887399999962 ], [ -77.564165599999967, -10.711860304999959 ], [ -77.563143830999934, -10.70942811499998 ], [ -77.574537146999944, -10.694307931999958 ], [ -77.572759361999942, -10.686257228999978 ], [ -77.57535448699997, -10.65886635399994 ], [ -77.583040572999948, -10.652972140999964 ], [ -77.586917521999965, -10.646741813999938 ], [ -77.590581113999974, -10.645564024999942 ], [ -77.582974246999981, -10.638929540999982 ], [ -77.584168111999986, -10.634822478999979 ], [ -77.582208111999989, -10.631047103999947 ], [ -77.582664361999946, -10.621851603999971 ], [ -77.577464861999943, -10.619815603999939 ], [ -77.574115236999944, -10.614662103999933 ], [ -77.573258361999933, -10.592915352999967 ], [ -77.576650361999953, -10.583748102999948 ], [ -77.574974611999949, -10.58031060299993 ], [ -77.568274736999967, -10.575154852999958 ], [ -77.566783861999966, -10.570933727999943 ], [ -77.559463986999958, -10.567667352999933 ], [ -77.54512548699995, -10.56520497799994 ], [ -77.543713861999947, -10.560434852999947 ], [ -77.538994861999981, -10.555673977999959 ], [ -77.532257611999967, -10.556123352999975 ], [ -77.520405611999934, -10.562972602999935 ], [ -77.512311736999948, -10.560712352999928 ], [ -77.499494986999935, -10.565881977999936 ], [ -77.49135373699994, -10.561947977999978 ], [ -77.486741486999961, -10.553494227999977 ], [ -77.471938611999974, -10.546293727999966 ], [ -77.46715073699994, -10.540895227999954 ], [ -77.467695361999972, -10.537874977999934 ], [ -77.463529986999959, -10.533829977999972 ], [ -77.459359986999971, -10.53274997799997 ], [ -77.453039986999954, -10.534369977999972 ], [ -77.441029986999979, -10.529549977999977 ], [ -77.436219986999959, -10.528539977999969 ], [ -77.430889986999944, -10.529769977999933 ], [ -77.423169986999937, -10.527289977999942 ] ] ] } },
{ "type": "Feature", "properties": { "UBIGEO_INEI": "021011", "DEPARTAMEN": "ANCASH", "PROVINCIA": "HUARI", "DISTRITO": "PONTO" }, "geometry": { "type": "Polygon", "coordinates": [ [ [ -76.992942360999962, -9.270872476999955 ], [ -76.990357360999951, -9.274150351999936 ], [ -76.978097610999953, -9.27463372699998 ], [ -76.974113485999965, -9.280841476999967 ], [ -76.97291073599996, -9.288550226999973 ], [ -76.970124860999988, -9.29232185199993 ], [ -76.960754110999972, -9.297855226999957 ], [ -76.95969336099995, -9.303970601999936 ], [ -76.955157985999961, -9.308553851999932 ], [ -76.948806985999965, -9.319308101999979 ], [ -76.950944110999956, -9.328162601999963 ], [ -76.946929110999974, -9.349614976999931 ], [ -76.948205485999949, -9.353550476999942 ], [ -76.940529485999946, -9.359666476999962 ], [ -76.937140610999961, -9.370140601999935 ], [ -76.923956985999951, -9.382533226999954 ], [ -76.924132860999975, -9.391531226999973 ], [ -76.930652360999943, -9.39314060199996 ], [ -76.934333985999956, -9.39746097699998 ], [ -76.936080110999967, -9.405851601999927 ], [ -76.939029860999938, -9.404413351999949 ], [ -76.941899235999983, -9.405509726999981 ], [ -76.949683610999955, -9.404199226999935 ], [ -76.95435661099998, -9.409218976999966 ], [ -76.960095485999943, -9.409265601999948 ], [ -76.970666610999956, -9.412715101999936 ], [ -76.976930360999972, -9.412613101999966 ], [ -76.982105485999966, -9.410064851999948 ], [ -76.988932360999968, -9.401067226999942 ], [ -76.995617610999943, -9.398613351999927 ], [ -76.999999985999978, -9.394739976999972 ], [ -77.003452860999971, -9.38969235199994 ], [ -77.002119985999968, -9.382559976999971 ], [ -77.006999985999983, -9.380309976999968 ], [ -77.020289985999966, -9.379859976999967 ], [ -77.026439985999957, -9.383029976999978 ], [ -77.030669985999964, -9.382259976999933 ], [ -77.031469985999934, -9.372549976999949 ], [ -77.039239985999984, -9.356789976999949 ], [ -77.035909985999979, -9.345819976999962 ], [ -77.038509985999951, -9.335689976999959 ], [ -77.039069235999989, -9.32474160199996 ], [ -77.03118548599997, -9.317708601999925 ], [ -77.028498110999976, -9.317602226999952 ], [ -77.026922360999947, -9.313145726999949 ], [ -77.022949110999946, -9.311231601999964 ], [ -77.022668735999957, -9.308505476999926 ], [ -77.017680485999961, -9.302086476999932 ], [ -77.011797985999976, -9.298279101999981 ], [ -77.008291485999962, -9.285493101999975 ], [ -77.00446636099997, -9.282163726999954 ], [ -77.000028110999949, -9.273874976999934 ], [ -76.996701735999977, -9.273785101999977 ], [ -76.992942360999962, -9.270872476999955 ] ] ] } },
{ "type": "Feature", "properties": { "UBIGEO_INEI": "021016", "DEPARTAMEN": "ANCASH", "PROVINCIA": "HUARI", "DISTRITO": "UCO" }, "geometry": { "type": "Polygon", "coordinates": [ [ [ -76.947259110999937, -9.136289726999962 ], [ -76.936904235999975, -9.150779351999972 ], [ -76.933824235999964, -9.152058601999954 ], [ -76.924291735999986, -9.165442476999942 ], [ -76.919901360999972, -9.168172101999971 ], [ -76.918936860999963, -9.171572351999941 ], [ -76.907523610999988, -9.178302351999946 ], [ -76.897469860999934, -9.195219726999937 ], [ -76.892668485999934, -9.197700976999954 ], [ -76.890767360999973, -9.201406601999963 ], [ -76.878988860999982, -9.212078101999964 ], [ -76.891426110999987, -9.218147726999973 ], [ -76.895081610999966, -9.22183397699996 ], [ -76.899902985999972, -9.222813726999959 ], [ -76.905670735999934, -9.227382851999948 ], [ -76.911510485999941, -9.225259101999939 ], [ -76.919033360999947, -9.225445601999979 ], [ -76.920302485999969, -9.222653726999965 ], [ -76.919657235999978, -9.217938101999948 ], [ -76.934446985999955, -9.223163476999957 ], [ -76.943969360999972, -9.222886726999945 ], [ -76.961254860999986, -9.217337476999944 ], [ -76.970019985999954, -9.22033747699993 ], [ -76.969201860999988, -9.214181726999925 ], [ -76.960055360999945, -9.207220976999963 ], [ -76.962538235999943, -9.198387726999954 ], [ -76.963052110999968, -9.186604726999974 ], [ -76.96202173599994, -9.18074360199995 ], [ -76.963096235999956, -9.176442476999966 ], [ -76.959225860999936, -9.169626226999981 ], [ -76.961590985999976, -9.153249976999973 ], [ -76.960111360999974, -9.149752851999949 ], [ -76.955683860999955, -9.14682722699996 ], [ -76.947259110999937, -9.136289726999962 ] ] ] } },
{ "type": "Feature", "properties": { "UBIGEO_INEI": "020601", "DEPARTAMEN": "ANCASH", "PROVINCIA": "CARHUAZ", "DISTRITO": "CARHUAZ" }, "geometry": { "type": "Polygon", "coordinates": [ [ [ -77.549510361999978, -9.201863851999974 ], [ -77.531906111999945, -9.199357476999978 ], [ -77.525706361999937, -9.205073726999956 ], [ -77.517118486999948, -9.204281726999966 ], [ -77.515701111999988, -9.210409851999941 ], [ -77.517429361999973, -9.21610822699995 ], [ -77.516128736999974, -9.224866851999934 ], [ -77.517570361999958, -9.235902351999925 ], [ -77.527999736999959, -9.245858601999942 ], [ -77.532490236999934, -9.255921851999972 ], [ -77.540444986999944, -9.26506947699994 ], [ -77.544110236999984, -9.273283851999963 ], [ -77.553056486999935, -9.285494476999929 ], [ -77.561181986999941, -9.288555351999946 ], [ -77.579839986999957, -9.287479976999975 ], [ -77.587366111999984, -9.292354476999947 ], [ -77.596673611999961, -9.283374226999968 ], [ -77.598129986999936, -9.271149976999936 ], [ -77.600889861999974, -9.269161351999969 ], [ -77.604549861999942, -9.269358976999968 ], [ -77.609174486999962, -9.273280726999928 ], [ -77.617959861999964, -9.274493351999979 ], [ -77.623149111999965, -9.276979851999954 ], [ -77.631369986999971, -9.277019976999952 ], [ -77.632719986999973, -9.282229976999929 ], [ -77.628579986999966, -9.292279976999964 ], [ -77.632389986999954, -9.294339976999936 ], [ -77.630679986999951, -9.297439976999954 ], [ -77.626129986999956, -9.298269976999961 ], [ -77.621229986999936, -9.303479976999938 ], [ -77.644780986999933, -9.320335851999971 ], [ -77.646019986999988, -9.32863335199994 ], [ -77.64873511199994, -9.332966351999971 ], [ -77.646631236999951, -9.33959060199993 ], [ -77.647248111999943, -9.345351601999937 ], [ -77.65337098699996, -9.349531601999956 ], [ -77.654344736999974, -9.357465226999977 ], [ -77.656986736999954, -9.362198226999965 ], [ -77.65653023699997, -9.366507351999928 ], [ -77.660164111999961, -9.369009726999934 ], [ -77.661698611999952, -9.373011226999949 ], [ -77.664533611999957, -9.373710476999975 ], [ -77.668928986999958, -9.380099476999931 ], [ -77.679342361999943, -9.38118772699994 ], [ -77.683921861999977, -9.383638726999948 ], [ -77.692134486999976, -9.377619226999968 ], [ -77.701468986999942, -9.381496976999927 ], [ -77.71368698699996, -9.37962410199998 ], [ -77.718951111999957, -9.382369976999939 ], [ -77.728144236999981, -9.378463726999939 ], [ -77.731555611999966, -9.37851010199995 ], [ -77.734038611999949, -9.37472760199995 ], [ -77.744195986999955, -9.370708976999936 ], [ -77.742705486999967, -9.359433226999954 ], [ -77.747706236999989, -9.350417476999951 ], [ -77.757410236999988, -9.344276226999966 ], [ -77.744293611999979, -9.337800226999946 ], [ -77.74026311199998, -9.331591726999932 ], [ -77.73229923699995, -9.328407476999928 ], [ -77.727180486999941, -9.324315476999971 ], [ -77.725387861999934, -9.32045610199998 ], [ -77.726541361999978, -9.312308351999945 ], [ -77.722889986999974, -9.296069976999945 ], [ -77.720339986999988, -9.294619976999968 ], [ -77.719827236999947, -9.292394476999959 ], [ -77.720201861999954, -9.285592226999938 ], [ -77.71325686199998, -9.283045726999944 ], [ -77.709562111999958, -9.276122351999959 ], [ -77.704785611999966, -9.273904476999974 ], [ -77.69652886199998, -9.273867226999926 ], [ -77.684077861999981, -9.277759726999932 ], [ -77.674991236999972, -9.274963851999928 ], [ -77.66774948699998, -9.276359226999944 ], [ -77.662257986999975, -9.271219476999931 ], [ -77.656380611999964, -9.271003851999978 ], [ -77.654576611999971, -9.273568101999956 ], [ -77.648869986999955, -9.272739976999958 ], [ -77.636509986999954, -9.266929976999961 ], [ -77.633560486999954, -9.254001976999973 ], [ -77.60550173699994, -9.23341372699997 ], [ -77.600562861999947, -9.224626726999929 ], [ -77.587897361999978, -9.217384976999938 ], [ -77.57796273699995, -9.220868851999967 ], [ -77.563087861999975, -9.207206976999942 ], [ -77.549510361999978, -9.201863851999974 ] ] ] } },
{ "type": "Feature", "properties": { "UBIGEO_INEI": "020104", "DEPARTAMEN": "ANCASH", "PROVINCIA": "HUARAZ", "DISTRITO": "HUANCHAY" }, "geometry": { "type": "Polygon", "coordinates": [ [ [ -77.76610236199997, -9.665433227999927 ], [ -77.754859361999934, -9.674974602999953 ], [ -77.753689486999974, -9.679380852999941 ], [ -77.744794986999977, -9.678337727999974 ], [ -77.740563486999974, -9.687850977999972 ], [ -77.732512736999979, -9.689436102999935 ], [ -77.726758736999955, -9.698084477999942 ], [ -77.726914111999974, -9.705355477999944 ], [ -77.733689486999936, -9.713351602999978 ], [ -77.730849611999986, -9.716093727999976 ], [ -77.730056611999942, -9.719949227999962 ], [ -77.733810486999971, -9.73721285299996 ], [ -77.743796861999954, -9.745263727999941 ], [ -77.748746986999947, -9.752649477999967 ], [ -77.75111323699997, -9.75913672799993 ], [ -77.752287111999976, -9.772707977999971 ], [ -77.75472836199998, -9.775086727999962 ], [ -77.759001986999976, -9.786574227999949 ], [ -77.766556611999988, -9.790904352999974 ], [ -77.774312486999975, -9.791044102999933 ], [ -77.775763236999978, -9.795350852999945 ], [ -77.780798361999985, -9.800669477999975 ], [ -77.786171861999946, -9.79885547799995 ], [ -77.79479198699994, -9.791345852999939 ], [ -77.80287561199998, -9.790835852999976 ], [ -77.810117611999942, -9.792799352999964 ], [ -77.817018861999941, -9.784994977999929 ], [ -77.818359361999967, -9.780755727999974 ], [ -77.830952736999961, -9.777195602999939 ], [ -77.835158861999957, -9.774260727999945 ], [ -77.840867111999955, -9.772862852999936 ], [ -77.845409986999982, -9.769135227999925 ], [ -77.848960861999956, -9.769769477999944 ], [ -77.853507611999987, -9.766523227999926 ], [ -77.865774611999939, -9.763804977999939 ], [ -77.868538611999952, -9.764035102999969 ], [ -77.874190236999937, -9.768216977999941 ], [ -77.883864236999955, -9.769670727999937 ], [ -77.898560361999955, -9.767129852999972 ], [ -77.903844986999957, -9.77034447799997 ], [ -77.910165236999944, -9.767744602999926 ], [ -77.926614486999938, -9.767637477999926 ], [ -77.943199986999957, -9.773549977999949 ], [ -77.953809986999943, -9.771589977999952 ], [ -77.961199986999986, -9.779659977999927 ], [ -77.962898611999947, -9.778464227999962 ], [ -77.963015986999949, -9.772918352999966 ], [ -77.950061111999958, -9.761493977999976 ], [ -77.947022736999941, -9.753975852999929 ], [ -77.943709361999936, -9.753755977999958 ], [ -77.940400486999977, -9.749028727999928 ], [ -77.936539111999934, -9.749322227999926 ], [ -77.928334611999958, -9.741371852999976 ], [ -77.919530986999973, -9.742277977999947 ], [ -77.913230111999951, -9.737848977999931 ], [ -77.908150361999958, -9.738183477999939 ], [ -77.905275736999954, -9.731051227999956 ], [ -77.901783861999945, -9.728764977999958 ], [ -77.89949123699995, -9.719209227999954 ], [ -77.896180611999966, -9.717957227999932 ], [ -77.893675236999968, -9.713463727999965 ], [ -77.879919611999981, -9.711154852999925 ], [ -77.872174236999967, -9.706804852999937 ], [ -77.862441986999954, -9.690281852999931 ], [ -77.860293111999965, -9.683241602999942 ], [ -77.855839361999983, -9.680362352999964 ], [ -77.851505361999955, -9.673580352999977 ], [ -77.835127486999966, -9.672610852999981 ], [ -77.819876611999973, -9.67484972799997 ], [ -77.800765611999964, -9.669886727999938 ], [ -77.796097611999983, -9.671505852999928 ], [ -77.788513611999974, -9.677839977999952 ], [ -77.782759736999935, -9.669861352999931 ], [ -77.779197236999948, -9.669529227999931 ], [ -77.773759611999935, -9.666220727999928 ], [ -77.76610236199997, -9.665433227999927 ] ] ] } },
{ "type": "Feature", "properties": { "UBIGEO_INEI": "021210", "DEPARTAMEN": "ANCASH", "PROVINCIA": "HUAYLAS", "DISTRITO": "YURACMARCA" }, "geometry": { "type": "Polygon", "coordinates": [ [ [ -77.730938361999961, -8.655603476999943 ], [ -77.720730236999941, -8.65653147699993 ], [ -77.716270111999961, -8.663454226999932 ], [ -77.700772986999937, -8.673238351999942 ], [ -77.690989361999982, -8.68189135199998 ], [ -77.68456798699998, -8.683210851999945 ], [ -77.67169023699995, -8.693045226999971 ], [ -77.672603486999947, -8.700804726999934 ], [ -77.663771486999963, -8.70498435199994 ], [ -77.663820861999966, -8.708422851999956 ], [ -77.657804361999979, -8.715245226999969 ], [ -77.655730736999942, -8.723484851999956 ], [ -77.645356236999987, -8.724365226999964 ], [ -77.642096361999961, -8.727648851999959 ], [ -77.641786611999976, -8.731679976999942 ], [ -77.638940236999986, -8.733954976999939 ], [ -77.633866361999935, -8.733901101999948 ], [ -77.626820486999975, -8.737776726999925 ], [ -77.621336486999951, -8.746051351999938 ], [ -77.614994861999946, -8.750966976999962 ], [ -77.609242611999946, -8.74529472699993 ], [ -77.60573773699997, -8.744090851999943 ], [ -77.601387861999967, -8.745047601999943 ], [ -77.598406986999976, -8.75297335199997 ], [ -77.592743111999937, -8.757665226999961 ], [ -77.589696611999955, -8.764008476999948 ], [ -77.581200986999988, -8.77111660199995 ], [ -77.58167048699994, -8.774019726999938 ], [ -77.586785111999973, -8.777199226999926 ], [ -77.584808362, -8.78452197699994 ], [ -77.589739361999989, -8.793252476999953 ], [ -77.588736111999935, -8.800446101999967 ], [ -77.580432486999939, -8.811247101999982 ], [ -77.580795361999947, -8.817266726999947 ], [ -77.581478361999984, -8.818888976999972 ], [ -77.586366611999949, -8.820233851999944 ], [ -77.589547236999977, -8.826979226999981 ], [ -77.597624986999961, -8.833767601999966 ], [ -77.594520861999968, -8.844077351999942 ], [ -77.595749361999935, -8.848581601999967 ], [ -77.594905111999935, -8.85475035199994 ], [ -77.598683361999974, -8.861623601999952 ], [ -77.59864061199994, -8.866661351999937 ], [ -77.601159486999961, -8.870781226999952 ], [ -77.607646111999941, -8.872278226999981 ], [ -77.612296486999981, -8.871530101999952 ], [ -77.617695236999964, -8.87499222699995 ], [ -77.626365361999945, -8.877090101999954 ], [ -77.632409486999961, -8.877984976999926 ], [ -77.639113861999988, -8.875769726999977 ], [ -77.652360986999952, -8.87930535199996 ], [ -77.654928361999964, -8.877119476999951 ], [ -77.656072611999946, -8.86905085199993 ], [ -77.654576236999958, -8.864488351999967 ], [ -77.657216861999984, -8.853749726999979 ], [ -77.660517736999964, -8.850698351999938 ], [ -77.663283986999943, -8.837609351999959 ], [ -77.668772111999942, -8.83421072699997 ], [ -77.673705162999966, -8.824994329999981 ], [ -77.687145986999951, -8.833577851999962 ], [ -77.703095736999956, -8.83393960199993 ], [ -77.706749986999966, -8.830619976999969 ], [ -77.716989986999977, -8.827819976999933 ], [ -77.743219986999975, -8.828719976999935 ], [ -77.750769986999956, -8.830589976999931 ], [ -77.758259986999974, -8.83422997699995 ], [ -77.770699986999944, -8.837319976999936 ], [ -77.773959986999955, -8.840569976999973 ], [ -77.798869986999989, -8.853669976999981 ], [ -77.801049986999942, -8.856839976999936 ], [ -77.807239986999946, -8.857939976999944 ], [ -77.812339986999973, -8.862789976999977 ], [ -77.82963998699995, -8.871589976999928 ], [ -77.830569987, -8.865039976999981 ], [ -77.822959986999933, -8.852289976999941 ], [ -77.822499986999958, -8.843589976999965 ], [ -77.828629986999943, -8.83389997699993 ], [ -77.829389986999956, -8.82187997699998 ], [ -77.838879986999984, -8.812679976999959 ], [ -77.84423998699998, -8.810539976999962 ], [ -77.85106998699996, -8.810419976999981 ], [ -77.854789986999947, -8.813099976999979 ], [ -77.853859986999964, -8.80375997699997 ], [ -77.848829986999988, -8.798739976999968 ], [ -77.843984611999986, -8.796631226999978 ], [ -77.852591486999984, -8.786972351999964 ], [ -77.852805736999983, -8.779325351999944 ], [ -77.86028711199998, -8.776285101999974 ], [ -77.869841736999945, -8.762951226999974 ], [ -77.879064486999937, -8.762396476999982 ], [ -77.887988986999972, -8.758805476999953 ], [ -77.893590611999969, -8.758347226999945 ], [ -77.895949986999938, -8.752069976999962 ], [ -77.902989986999955, -8.748279976999981 ], [ -77.918539986999974, -8.746859976999929 ], [ -77.915359986999988, -8.740109976999975 ], [ -77.909939986999973, -8.739179976999935 ], [ -77.913019986999984, -8.732069976999981 ], [ -77.906869986999936, -8.721589976999951 ], [ -77.905079986999965, -8.714859976999946 ], [ -77.89983998699995, -8.711739976999979 ], [ -77.894339986999967, -8.710709976999965 ], [ -77.889889986999947, -8.706569976999958 ], [ -77.887819986999943, -8.699139976999959 ], [ -77.879949986999975, -8.684039976999941 ], [ -77.859319986999935, -8.68218997699995 ], [ -77.850679986999978, -8.678569976999938 ], [ -77.840439986999968, -8.676679976999935 ], [ -77.835729986999979, -8.671809976999953 ], [ -77.831299986999966, -8.672009976999959 ], [ -77.812127861999954, -8.662842351999927 ], [ -77.804489986999954, -8.663029976999951 ], [ -77.800769986999967, -8.661109976999967 ], [ -77.792079986999966, -8.661319976999948 ], [ -77.78238573699997, -8.668479726999976 ], [ -77.776439486999948, -8.669452726999964 ], [ -77.77233584399994, -8.67393279099997 ], [ -77.763175986999954, -8.66986910199995 ], [ -77.758854736999979, -8.664253351999946 ], [ -77.752019486999984, -8.663052351999966 ], [ -77.748656361999963, -8.659186851999948 ], [ -77.741106986999966, -8.65899060199996 ], [ -77.736992611999938, -8.661900726999932 ], [ -77.730938361999961, -8.655603476999943 ] ] ] } },
{ "type": "Feature", "properties": { "UBIGEO_INEI": "021308", "DEPARTAMEN": "ANCASH", "PROVINCIA": "MARISCAL LUZURIAGA", "DISTRITO": "MUSGA" }, "geometry": { "type": "Polygon", "coordinates": [ [ [ -77.298415986999942, -8.836822226999971 ], [ -77.28377448699996, -8.847039726999981 ], [ -77.283683611999948, -8.853390601999934 ], [ -77.285445361999962, -8.855800726999973 ], [ -77.284659361999957, -8.860228851999977 ], [ -77.29056011199998, -8.862856851999936 ], [ -77.293761736999954, -8.865980476999937 ], [ -77.295204986999977, -8.870805726999947 ], [ -77.302855736999959, -8.875052976999939 ], [ -77.314523236999946, -8.876370351999981 ], [ -77.320398736999948, -8.879069476999973 ], [ -77.319289861999948, -8.887954476999937 ], [ -77.324286986999937, -8.895146476999969 ], [ -77.320314361999976, -8.906213351999952 ], [ -77.323592111999972, -8.910455101999958 ], [ -77.323541861999956, -8.917688851999969 ], [ -77.31332798699998, -8.932023976999972 ], [ -77.29704, -8.947479986999952 ], [ -77.303469986999971, -8.948719976999939 ], [ -77.318709986999977, -8.945419976999972 ], [ -77.324709986999949, -8.94642997699998 ], [ -77.326899986999933, -8.944219976999932 ], [ -77.328329986999961, -8.938879976999942 ], [ -77.338989986999934, -8.930609976999961 ], [ -77.34240998699994, -8.924579976999951 ], [ -77.360979986999951, -8.909669976999965 ], [ -77.367799986999955, -8.908559976999982 ], [ -77.35490873699996, -8.886942476999934 ], [ -77.35237336199998, -8.879587601999958 ], [ -77.34625198699996, -8.885357476999957 ], [ -77.338579986999946, -8.882569976999946 ], [ -77.335559986999954, -8.876959976999956 ], [ -77.328149986999961, -8.872129976999929 ], [ -77.323049986999933, -8.866499976999933 ], [ -77.316916986999956, -8.854818726999952 ], [ -77.307631486999981, -8.843583351999939 ], [ -77.308591236999973, -8.840110476999939 ], [ -77.304921361999959, -8.840358351999953 ], [ -77.300921111999969, -8.836958101999926 ], [ -77.298415986999942, -8.836822226999971 ] ] ] } },
{ "type": "Feature", "properties": { "UBIGEO_INEI": "021005", "DEPARTAMEN": "ANCASH", "PROVINCIA": "HUARI", "DISTRITO": "HUACACHI" }, "geometry": { "type": "Polygon", "coordinates": [ [ [ -76.983759735999968, -9.245347601999981 ], [ -76.983205485999974, -9.247851351999941 ], [ -76.975919235999982, -9.254998476999958 ], [ -76.968839360999937, -9.258758476999958 ], [ -76.962759360999939, -9.256158476999929 ], [ -76.955578860999935, -9.257465726999953 ], [ -76.948105485999974, -9.255545101999928 ], [ -76.936035981999964, -9.255114472999935 ], [ -76.928037110999981, -9.260896726999931 ], [ -76.923314610999967, -9.269177226999943 ], [ -76.91727773599996, -9.272232476999932 ], [ -76.916688735999969, -9.275950351999938 ], [ -76.907749860999957, -9.285178601999974 ], [ -76.897200360999989, -9.28895560199993 ], [ -76.893210360999944, -9.297122101999946 ], [ -76.882961485999942, -9.302435601999946 ], [ -76.870097610999949, -9.300914101999979 ], [ -76.866199235999943, -9.305330101999971 ], [ -76.86607436099996, -9.307585976999974 ], [ -76.870263610999984, -9.314427726999952 ], [ -76.87823448599994, -9.318040976999953 ], [ -76.878747985999951, -9.323087851999958 ], [ -76.881831985999952, -9.326681601999951 ], [ -76.892915985999934, -9.331960976999937 ], [ -76.897001985999964, -9.345826226999975 ], [ -76.899570360999974, -9.349355476999961 ], [ -76.90060336099998, -9.359066351999957 ], [ -76.909585985999968, -9.368548851999947 ], [ -76.913251985999977, -9.367679851999981 ], [ -76.917900360999965, -9.36950785199997 ], [ -76.923956985999951, -9.382533226999954 ], [ -76.937140610999961, -9.370140601999935 ], [ -76.940529485999946, -9.359666476999962 ], [ -76.948205485999949, -9.353550476999942 ], [ -76.946929110999974, -9.349614976999931 ], [ -76.950944110999956, -9.328162601999963 ], [ -76.948806985999965, -9.319308101999979 ], [ -76.955157985999961, -9.308553851999932 ], [ -76.95969336099995, -9.303970601999936 ], [ -76.960754110999972, -9.297855226999957 ], [ -76.970124860999988, -9.29232185199993 ], [ -76.97291073599996, -9.288550226999973 ], [ -76.974113485999965, -9.280841476999967 ], [ -76.978097610999953, -9.27463372699998 ], [ -76.990357360999951, -9.274150351999936 ], [ -76.992942360999962, -9.270872476999955 ], [ -76.989342735999969, -9.264550976999942 ], [ -76.990858235999951, -9.26078797699995 ], [ -76.989329860999987, -9.250025601999937 ], [ -76.983759735999968, -9.245347601999981 ] ] ] } },
{ "type": "Feature", "properties": { "UBIGEO_INEI": "021404", "DEPARTAMEN": "ANCASH", "PROVINCIA": "OCROS", "DISTRITO": "CARHUAPAMPA" }, "geometry": { "type": "Polygon", "coordinates": [ [ [ -77.263116485999944, -10.435366602999977 ], [ -77.250400610999975, -10.448061977999942 ], [ -77.241731735999963, -10.453442477999943 ], [ -77.233447985999987, -10.456237727999962 ], [ -77.215279985999985, -10.45818997799995 ], [ -77.203259985999978, -10.45591997799994 ], [ -77.190339985999969, -10.459669977999965 ], [ -77.189359985999943, -10.465579977999937 ], [ -77.184589985999935, -10.467429977999927 ], [ -77.185879985999975, -10.473699977999956 ], [ -77.18212998599995, -10.479389977999972 ], [ -77.178079985999943, -10.480939977999981 ], [ -77.171049985999957, -10.487109977999978 ], [ -77.167849985999965, -10.494479977999958 ], [ -77.168939985999941, -10.496599977999949 ], [ -77.16681998599995, -10.50412997799998 ], [ -77.167629985999952, -10.509279977999938 ], [ -77.170829985999944, -10.517299977999926 ], [ -77.181579985999974, -10.524509977999969 ], [ -77.180589985999973, -10.533309977999977 ], [ -77.183039985999983, -10.53817997799996 ], [ -77.188579985999979, -10.541569977999927 ], [ -77.188509985999985, -10.54712997799993 ], [ -77.191119986, -10.55226997799997 ], [ -77.197469985999987, -10.555209977999937 ], [ -77.209299985999962, -10.555389977999937 ], [ -77.220139985999936, -10.551839977999975 ], [ -77.221229985999969, -10.549089977999927 ], [ -77.225769985999989, -10.546009977999972 ], [ -77.236769985999956, -10.544809977999932 ], [ -77.242149985999959, -10.547689977999937 ], [ -77.25223998599995, -10.545269977999965 ], [ -77.267259985999942, -10.550539977999961 ], [ -77.269259985999952, -10.553599977999966 ], [ -77.269329985999946, -10.560099977999926 ], [ -77.270819985999935, -10.560609977999945 ], [ -77.282130235999944, -10.536502102999975 ], [ -77.276663485999961, -10.52977072799996 ], [ -77.272871110999972, -10.519827977999967 ], [ -77.266060485999958, -10.512339227999973 ], [ -77.264718110999979, -10.507708977999926 ], [ -77.266157860999954, -10.497378352999931 ], [ -77.265048860999968, -10.489051727999936 ], [ -77.268647985999962, -10.47177585299994 ], [ -77.265886110999986, -10.46902535299995 ], [ -77.259854485999938, -10.451659477999954 ], [ -77.268414985999982, -10.440637602999971 ], [ -77.266983235999987, -10.43744060299997 ], [ -77.263116485999944, -10.435366602999977 ] ] ] } },
{ "type": "Feature", "properties": { "UBIGEO_INEI": "250307", "DEPARTAMEN": "UCAYALI", "PROVINCIA": "PADRE ABAD", "DISTRITO": "BOQUERON" }, "geometry": { "type": "Polygon", "coordinates": [ [ [ -75.775830772999939, -8.910131606999926 ], [ -75.765189822999957, -8.912777567999967 ], [ -75.755691014999968, -8.912834674999942 ], [ -75.752721446999942, -8.915347385999951 ], [ -75.744783564999977, -8.914871492999964 ], [ -75.734865971999966, -8.91662277699993 ], [ -75.728945872999986, -8.923075874999938 ], [ -75.722402354999986, -8.926606994999929 ], [ -75.719699286999969, -8.932945878999931 ], [ -75.719642179999937, -8.939922458999945 ], [ -75.710885763999954, -8.95115351499993 ], [ -75.710487203999946, -8.956566788999965 ], [ -75.702375039999936, -8.964175764999936 ], [ -75.690559217999976, -8.963259022999978 ], [ -75.680613070999982, -8.957001039999966 ], [ -75.667393789999949, -8.951507514999946 ], [ -75.667610414999956, -8.947793139999931 ], [ -75.66462891499998, -8.947659889999954 ], [ -75.664412414999958, -8.944428639999956 ], [ -75.657193182999947, -8.944235773999935 ], [ -75.654718414999934, -8.946177514999931 ], [ -75.65273628999995, -8.943662389999929 ], [ -75.647423039999978, -8.943229389999942 ], [ -75.642542789999936, -8.940397764999943 ], [ -75.641826539999954, -8.934368264999932 ], [ -75.638228789999971, -8.932402889999935 ], [ -75.637405539999975, -8.927371514999948 ], [ -75.635549539999943, -8.925491639999962 ], [ -75.636763039999948, -8.922588764999944 ], [ -75.631694789999983, -8.91664013999997 ], [ -75.632979664999937, -8.913499264999928 ], [ -75.630481289999977, -8.912047764999954 ], [ -75.627911414999971, -8.915712139999926 ], [ -75.625817539999957, -8.914974514999926 ], [ -75.623687914999948, -8.91877801499993 ], [ -75.626093539999943, -8.924068764999959 ], [ -75.628520539999954, -8.924040264999974 ], [ -75.626336289999983, -8.929765139999972 ], [ -75.62787816499997, -8.933362889999955 ], [ -75.62689303999997, -8.937303389999954 ], [ -75.630190914999957, -8.946911639999939 ], [ -75.627421289999972, -8.952379639999947 ], [ -75.630847664999976, -8.958832639999969 ], [ -75.630684051999935, -8.964974939999934 ], [ -75.619905092999943, -8.973612382999931 ], [ -75.618467638999959, -8.980434123999942 ], [ -75.61282228999994, -8.977626889999954 ], [ -75.607934289999946, -8.96843113999995 ], [ -75.601666789999967, -8.965918389999956 ], [ -75.601895289999959, -8.964005264999969 ], [ -75.598740039999939, -8.962249264999969 ], [ -75.598854289999963, -8.960450389999949 ], [ -75.594628414999988, -8.958394514999952 ], [ -75.59345766499996, -8.955667639999945 ], [ -75.591501789999938, -8.956295889999978 ], [ -75.590659414999948, -8.952269764999926 ], [ -75.592372664999971, -8.950770764999959 ], [ -75.589831414999935, -8.94317551499995 ], [ -75.587277789999973, -8.943180389999952 ], [ -75.589890539999942, -8.949619139999982 ], [ -75.588791164999975, -8.956172264999964 ], [ -75.586292789999959, -8.957442889999982 ], [ -75.585850164999954, -8.95964151499993 ], [ -75.588291539999943, -8.963895889999947 ], [ -75.587834664999946, -8.968650139999966 ], [ -75.594215789999964, -8.974255639999967 ], [ -75.600254914999937, -8.97511226499995 ], [ -75.603438539999956, -8.981336889999966 ], [ -75.60595128999995, -8.987490264999963 ], [ -75.604495039999961, -8.992544264999935 ], [ -75.60518041499995, -8.998526139999967 ], [ -75.609819664999975, -9.000251014999947 ], [ -75.608296289999942, -9.001926889999936 ], [ -75.611165414999959, -9.002079139999978 ], [ -75.610225914999944, -9.004719764999948 ], [ -75.625726789999987, -9.013961889999962 ], [ -75.629738539999948, -9.014012639999976 ], [ -75.63569253999998, -9.02171863999996 ], [ -75.634641530999943, -9.027243108999926 ], [ -75.631690998999943, -9.031430959999966 ], [ -75.623273764999965, -9.036690344999954 ], [ -75.616985929999942, -9.062244979999946 ], [ -75.616866956999957, -9.073309473999927 ], [ -75.621948252999971, -9.074961986999938 ], [ -75.632227524999962, -9.075057164999976 ], [ -75.658549122999943, -9.066310266999949 ], [ -75.660728789999951, -9.061232890999975 ], [ -75.664643714999954, -9.060428238999975 ], [ -75.669440708999957, -9.066928926999935 ], [ -75.677243914999963, -9.066254390999973 ], [ -75.680785789999959, -9.072905140999978 ], [ -75.68562554, -9.074132890999977 ], [ -75.691022164999936, -9.072433890999946 ], [ -75.69601791499997, -9.073228140999959 ], [ -75.698376857999961, -9.075563514999942 ], [ -75.699233463999974, -9.079475348999949 ], [ -75.702973976999942, -9.080427132999944 ], [ -75.707818558999975, -9.084538841999972 ], [ -75.710131394999962, -9.082121308999945 ], [ -75.714481049999961, -9.081864326999948 ], [ -75.716432207999958, -9.084881483999936 ], [ -75.720634335999989, -9.085811852999939 ], [ -75.723120872999971, -9.089571401999933 ], [ -75.731967914999984, -9.090808140999968 ], [ -75.734209414999953, -9.089737390999971 ], [ -75.743075289999979, -9.100102265999965 ], [ -75.74434591499994, -9.113165515999981 ], [ -75.747386914999936, -9.119433015999959 ], [ -75.747444039999948, -9.127470890999973 ], [ -75.748943039999972, -9.128484515999958 ], [ -75.748343414999965, -9.131254265999928 ], [ -75.749856789999967, -9.133481390999975 ], [ -75.747772414999986, -9.14360364099997 ], [ -75.749442789999989, -9.145088390999945 ], [ -75.747306539999954, -9.150756890999958 ], [ -75.745261664999987, -9.151989890999971 ], [ -75.743205789999934, -9.160416515999941 ], [ -75.740731164999943, -9.16076151599998 ], [ -75.739779289999944, -9.163474140999938 ], [ -75.735817539999971, -9.163652515999956 ], [ -75.735246414999949, -9.166043890999958 ], [ -75.732640914999934, -9.16579401599995 ], [ -75.73189066499998, -9.168363390999957 ], [ -75.72936916499998, -9.168827890999978 ], [ -75.727805914999976, -9.175903265999978 ], [ -75.729205039999954, -9.194391640999982 ], [ -75.727591789999963, -9.196918640999968 ], [ -75.727463289999946, -9.207526265999945 ], [ -75.724408039999958, -9.214350515999968 ], [ -75.727211935999946, -9.218471715999954 ], [ -75.739790927999934, -9.221383431999925 ], [ -75.745715785999948, -9.230199334999952 ], [ -75.751798827999949, -9.232181640999954 ], [ -75.755566754999961, -9.230591945999947 ], [ -75.760207588999947, -9.231104486999925 ], [ -75.760054621999984, -9.227156435999973 ], [ -75.763790263999965, -9.217098119999946 ], [ -75.771745709999948, -9.220598787999961 ], [ -75.775067484999965, -9.219730187999971 ], [ -75.784290066999972, -9.208008716999927 ], [ -75.789492109999969, -9.207997357999943 ], [ -75.796127269999943, -9.202670437999927 ], [ -75.796751015999973, -9.190824015999965 ], [ -75.795221980999941, -9.185515062999968 ], [ -75.800947375999954, -9.170281070999977 ], [ -75.799837181999976, -9.160823248999975 ], [ -75.807785279999962, -9.135651039999971 ], [ -75.821520054999951, -9.118965408999941 ], [ -75.821598859999938, -9.111307837999959 ], [ -75.819275711999978, -9.106144330999939 ], [ -75.822429314999965, -9.09541687199993 ], [ -75.825017222999975, -9.090050847999976 ], [ -75.830862767999974, -9.08971054899996 ], [ -75.837873568999953, -9.084892707999927 ], [ -75.840821965999965, -9.073934933999965 ], [ -75.838570242999936, -9.07042983499997 ], [ -75.838380484999959, -9.061273320999931 ], [ -75.843150476999938, -9.05930813699996 ], [ -75.849647144999949, -9.051141210999958 ], [ -75.858522836999953, -9.051511365999943 ], [ -75.86657342899997, -9.035691179999958 ], [ -75.874747094999975, -9.031595855999967 ], [ -75.878981920999934, -9.017627087999927 ], [ -75.88424366299995, -9.010355976999961 ], [ -75.887556711999935, -9.010124660999963 ], [ -75.890744986999948, -9.00481267999993 ], [ -75.894627158999981, -8.984790593999946 ], [ -75.890167285999951, -8.981810242999927 ], [ -75.885713002999978, -8.981103083999926 ], [ -75.883767305999982, -8.972732544999928 ], [ -75.877857414999937, -8.968578139999977 ], [ -75.874307145999978, -8.963482691999957 ], [ -75.86056575799995, -8.959110432999978 ], [ -75.858632445999945, -8.947034667999958 ], [ -75.85318942899994, -8.944595719999938 ], [ -75.838585486999989, -8.94203779999998 ], [ -75.835938336999959, -8.943227529999945 ], [ -75.834288180999977, -8.946354141999961 ], [ -75.824161194999988, -8.946582569999975 ], [ -75.819507789999989, -8.944781264999961 ], [ -75.815704589999939, -8.940895658999978 ], [ -75.807880922999971, -8.940971800999932 ], [ -75.789582867999968, -8.933400355999936 ], [ -75.78441603999994, -8.928767639999933 ], [ -75.784499148999942, -8.922247822999964 ], [ -75.786547864999989, -8.916508562999979 ], [ -75.785357414999964, -8.912646514999949 ], [ -75.783311797999943, -8.91106435599994 ], [ -75.775830772999939, -8.910131606999926 ] ] ] } },
{ "type": "Feature", "properties": { "UBIGEO_INEI": "010603", "DEPARTAMEN": "AMAZONAS", "PROVINCIA": "RODRIGUEZ DE MENDOZA", "DISTRITO": "COCHAMAL" }, "geometry": { "type": "Polygon", "coordinates": [ [ [ -77.617573486999959, -6.280755973999931 ], [ -77.615568986999961, -6.288697848999959 ], [ -77.618590986999948, -6.294003973999963 ], [ -77.615599986999939, -6.301739974999975 ], [ -77.613339986999961, -6.303569974999959 ], [ -77.612489986999947, -6.30873997499998 ], [ -77.618596486999934, -6.312631224999961 ], [ -77.615609236999944, -6.320147974999941 ], [ -77.618495361999976, -6.328889224999955 ], [ -77.611070361999964, -6.342293349999977 ], [ -77.601033361999953, -6.345372349999934 ], [ -77.596022236999943, -6.356069224999942 ], [ -77.589585736999936, -6.362189974999978 ], [ -77.578319986999986, -6.393509974999972 ], [ -77.567019986999981, -6.392459974999952 ], [ -77.560989986999971, -6.389239974999953 ], [ -77.558419986999979, -6.391719974999944 ], [ -77.56062998699997, -6.399339974999975 ], [ -77.558309986999973, -6.401399974999947 ], [ -77.552029986999969, -6.402879974999962 ], [ -77.560229986999957, -6.410149974999968 ], [ -77.56759098699996, -6.41301784999996 ], [ -77.587349486999983, -6.41500259999998 ], [ -77.595505986999967, -6.411212599999942 ], [ -77.609931611999968, -6.414746224999931 ], [ -77.612964236999971, -6.409347349999962 ], [ -77.618397611999967, -6.407007724999971 ], [ -77.630136486999959, -6.394906599999956 ], [ -77.633321486999989, -6.379830849999962 ], [ -77.637166736999973, -6.378691849999939 ], [ -77.646433611999953, -6.380237099999931 ], [ -77.643298861999938, -6.38362697499997 ], [ -77.64229936199996, -6.388473474999955 ], [ -77.639016736999963, -6.391500349999944 ], [ -77.64105736199997, -6.39730284999996 ], [ -77.645874861999971, -6.399318724999944 ], [ -77.650172736999934, -6.396895474999951 ], [ -77.652975111999979, -6.399080849999962 ], [ -77.655332236999982, -6.407896974999971 ], [ -77.647067736999986, -6.419948474999956 ], [ -77.648013736999985, -6.426091099999951 ], [ -77.651011736999976, -6.429566224999974 ], [ -77.654009861999953, -6.429225474999953 ], [ -77.662935986999969, -6.438356099999964 ], [ -77.674018486999955, -6.443575349999946 ], [ -77.679084736999982, -6.453005849999954 ], [ -77.683786361999978, -6.449871474999952 ], [ -77.688759111999957, -6.450307099999975 ], [ -77.691145236999944, -6.453755349999938 ], [ -77.702865111999984, -6.453550974999928 ], [ -77.704539111999964, -6.448980349999943 ], [ -77.731284861999939, -6.456957349999925 ], [ -77.732795611999961, -6.455867599999976 ], [ -77.732604736999974, -6.453146474999926 ], [ -77.746055986999977, -6.436603599999955 ], [ -77.743517986999962, -6.420664974999966 ], [ -77.748700361999965, -6.406682849999981 ], [ -77.752263236999966, -6.403551849999928 ], [ -77.744322611999962, -6.384573099999955 ], [ -77.731122611999979, -6.375795224999933 ], [ -77.729855486999952, -6.371617474999937 ], [ -77.71745498699994, -6.362964474999956 ], [ -77.704310111999973, -6.361470724999947 ], [ -77.709849986999984, -6.353149974999951 ], [ -77.710602361999975, -6.348813724999957 ], [ -77.708689986999957, -6.341379974999938 ], [ -77.706059986999946, -6.338879974999941 ], [ -77.694929986999966, -6.33499997499996 ], [ -77.692219986999987, -6.336439974999962 ], [ -77.679428361999953, -6.336568099999965 ], [ -77.675721736999947, -6.339757349999957 ], [ -77.670044986999983, -6.339823849999959 ], [ -77.663312361999942, -6.33207697499995 ], [ -77.659245361999979, -6.331683349999935 ], [ -77.648356236999973, -6.323286974999974 ], [ -77.640090986999951, -6.319744724999964 ], [ -77.639135861999989, -6.316339974999948 ], [ -77.629087236999965, -6.313742599999955 ], [ -77.624174611999933, -6.306129724999948 ], [ -77.622647736999966, -6.28760372399995 ], [ -77.618941861999986, -6.281491098999936 ], [ -77.617573486999959, -6.280755973999931 ] ] ] } },
{ "type": "Feature", "properties": { "UBIGEO_INEI": "010118", "DEPARTAMEN": "AMAZONAS", "PROVINCIA": "CHACHAPOYAS", "DISTRITO": "SAN FRANCISCO DE DAGUAS" }, "geometry": { "type": "Polygon", "coordinates": [ [ [ -77.702839986999948, -6.203349973999934 ], [ -77.689539986999989, -6.208479973999943 ], [ -77.685189986999944, -6.20745997399996 ], [ -77.676339986999949, -6.210829973999978 ], [ -77.676199986999961, -6.214079973999958 ], [ -77.673531236999963, -6.215749973999948 ], [ -77.674984361999975, -6.223962598999947 ], [ -77.678785736999941, -6.225746973999946 ], [ -77.690373611999973, -6.222016723999957 ], [ -77.702023486999963, -6.225271848999967 ], [ -77.707199486999968, -6.23029859899998 ], [ -77.714889986999935, -6.245949973999927 ], [ -77.721349736999969, -6.250109848999955 ], [ -77.728893486999937, -6.261736098999961 ], [ -77.734147986999972, -6.261233223999966 ], [ -77.739687486999969, -6.256036473999927 ], [ -77.743227986999955, -6.254837223999971 ], [ -77.748226736999982, -6.247366098999976 ], [ -77.754613611999957, -6.245904473999929 ], [ -77.756609986999933, -6.247039973999961 ], [ -77.755087361999983, -6.26493972399993 ], [ -77.758180736999975, -6.267466723999974 ], [ -77.764215861999958, -6.269140723999953 ], [ -77.767266236999944, -6.260172223999973 ], [ -77.779258736999964, -6.246656848999976 ], [ -77.780059986999959, -6.230909973999928 ], [ -77.782259986999975, -6.227549973999942 ], [ -77.780989986999941, -6.225859973999945 ], [ -77.774539986999969, -6.226019973999939 ], [ -77.769469986999979, -6.22303997399996 ], [ -77.764909986999953, -6.223359973999948 ], [ -77.763679986999989, -6.225899973999958 ], [ -77.758879986999943, -6.224989973999925 ], [ -77.75800998699998, -6.222869973999934 ], [ -77.755759986999976, -6.223109973999954 ], [ -77.75137998699995, -6.219179973999928 ], [ -77.732509986999958, -6.215579973999979 ], [ -77.725189986999965, -6.207139973999972 ], [ -77.718629986999986, -6.206889973999978 ], [ -77.716819986999951, -6.208659973999943 ], [ -77.714219986999979, -6.20500997399995 ], [ -77.702839986999948, -6.203349973999934 ] ] ] } },
{ "type": "Feature", "properties": { "UBIGEO_INEI": "010105", "DEPARTAMEN": "AMAZONAS", "PROVINCIA": "CHACHAPOYAS", "DISTRITO": "CHILIQUIN" }, "geometry": { "type": "Polygon", "coordinates": [ [ [ -77.774048361999974, -5.995978473999969 ], [ -77.765861111999982, -6.001791348999973 ], [ -77.756823861999976, -6.005474848999938 ], [ -77.75116623699995, -6.01319209899998 ], [ -77.747915111999987, -6.014169348999928 ], [ -77.744959861999973, -6.017424473999938 ], [ -77.739516236999975, -6.027291723999952 ], [ -77.72906986199996, -6.031686973999967 ], [ -77.723202111999967, -6.038753973999974 ], [ -77.709068736999939, -6.04899222399996 ], [ -77.701888611999948, -6.061910098999931 ], [ -77.701692611999988, -6.069018098999948 ], [ -77.707030611999983, -6.088309723999942 ], [ -77.706336361999945, -6.093053723999958 ], [ -77.707864361999953, -6.100999223999963 ], [ -77.705466986999966, -6.11097684899994 ], [ -77.702250111999945, -6.116449473999978 ], [ -77.702211861999956, -6.120228098999974 ], [ -77.720066861999953, -6.133787223999946 ], [ -77.723370861999967, -6.137327223999932 ], [ -77.724314736999986, -6.140867348999961 ], [ -77.742189861999975, -6.145510348999949 ], [ -77.747804361999954, -6.149365723999949 ], [ -77.748519486999953, -6.164404348999938 ], [ -77.752049861999978, -6.163363723999964 ], [ -77.755844861999947, -6.158455473999936 ], [ -77.76074998699994, -6.155619973999933 ], [ -77.761719986999935, -6.151909973999977 ], [ -77.765989986999955, -6.149639973999967 ], [ -77.770379986999956, -6.14426997399994 ], [ -77.770579986999962, -6.141279973999929 ], [ -77.774679986999956, -6.139769973999933 ], [ -77.78035998699994, -6.131199973999969 ], [ -77.790539986999988, -6.123909973999957 ], [ -77.788979986999948, -6.121949973999961 ], [ -77.789179986999955, -6.118049973999973 ], [ -77.795649986999933, -6.107719973999963 ], [ -77.79611998699994, -6.102389973999948 ], [ -77.800699986999973, -6.094779973999948 ], [ -77.804949986999986, -6.090929973999948 ], [ -77.805519986999968, -6.084409973999925 ], [ -77.807809986999985, -6.080929973999957 ], [ -77.805589986999962, -6.062139973999933 ], [ -77.807939986999941, -6.05305997399995 ], [ -77.805229986999962, -6.04822997399998 ], [ -77.804029986999979, -6.034709973999952 ], [ -77.806139986999938, -6.031539973999941 ], [ -77.79713998699998, -6.025639973999944 ], [ -77.788105486999939, -6.028091848999964 ], [ -77.79048611199994, -6.022552723999979 ], [ -77.780163861999938, -5.99550147399998 ], [ -77.774048361999974, -5.995978473999969 ] ] ] } },
{ "type": "Feature", "properties": { "UBIGEO_INEI": "010307", "DEPARTAMEN": "AMAZONAS", "PROVINCIA": "BONGARA", "DISTRITO": "JAZAN" }, "geometry": { "type": "Polygon", "coordinates": [ [ [ -78.05256998699997, -5.903879973999949 ], [ -78.046699986999954, -5.905419973999926 ], [ -78.046999986999936, -5.911729973999968 ], [ -78.045709986999952, -5.913389973999926 ], [ -78.034049986999946, -5.915179973999955 ], [ -78.026759986999934, -5.913319973999933 ], [ -78.018679986999985, -5.917369973999939 ], [ -78.011899986999936, -5.917629973999965 ], [ -77.999999986999967, -5.921879973999978 ], [ -77.993519986999956, -5.922499973999948 ], [ -77.985589986999969, -5.927399973999968 ], [ -77.981660111999986, -5.936039954999956 ], [ -77.974736361999987, -5.923820348999925 ], [ -77.970341861999941, -5.922561848999976 ], [ -77.967727236999963, -5.924235348999957 ], [ -77.967084736999936, -5.927756973999976 ], [ -77.971534361999943, -5.933301098999948 ], [ -77.971399986999984, -5.938649973999929 ], [ -77.961479986999962, -5.942359973999942 ], [ -77.959189986999945, -5.94730997399995 ], [ -77.959627111999964, -5.95325934899995 ], [ -77.955700236999974, -5.958587598999941 ], [ -77.958080111999948, -5.965435598999932 ], [ -77.966736361999949, -5.971269473999939 ], [ -77.979819986999985, -5.964799973999959 ], [ -77.980719986999986, -5.967219973999931 ], [ -77.984119986999985, -5.969329973999947 ], [ -77.999993736999954, -5.970522348999964 ], [ -78.003203361999965, -5.972546098999942 ], [ -78.005638611999984, -5.977928848999966 ], [ -78.017601611999964, -5.974956723999981 ], [ -78.050306111999987, -5.977173723999954 ], [ -78.060869987, -5.972859973999959 ], [ -78.065699986999959, -5.96640997399993 ], [ -78.076739986999939, -5.958099973999936 ], [ -78.078819986999974, -5.953469973999972 ], [ -78.075569986999938, -5.945669973999941 ], [ -78.082639986999936, -5.933679973999972 ], [ -78.079039986999987, -5.928759973999945 ], [ -78.078229986999986, -5.92393997399995 ], [ -78.074349986999948, -5.921789973999978 ], [ -78.076579986999946, -5.916769973999976 ], [ -78.069249986999978, -5.914679973999966 ], [ -78.057509986999946, -5.917519973999958 ], [ -78.054869986999961, -5.906369973999972 ], [ -78.05256998699997, -5.903879973999949 ] ] ] } },
{ "type": "Feature", "properties": { "UBIGEO_INEI": "160305", "DEPARTAMEN": "LORETO", "PROVINCIA": "LORETO", "DISTRITO": "URARINAS" }, "geometry": { "type": "Polygon", "coordinates": [ [ [ -76.171206984999969, -3.570154346999971 ], [ -76.130394484999954, -3.588824221999971 ], [ -76.08612098499998, -3.619064221999963 ], [ -76.053773984999964, -3.63457447199994 ], [ -76.033335984999951, -3.636472596999965 ], [ -75.997175734999985, -3.634974596999939 ], [ -75.963074359999951, -3.642371471999979 ], [ -75.927382359999967, -3.653554971999938 ], [ -75.890201109999964, -3.672015596999927 ], [ -75.856555974999935, -3.682547162999981 ], [ -75.833624984999972, -3.687263721999955 ], [ -75.790203109999936, -3.69221872199995 ], [ -75.733253984999976, -3.705251096999973 ], [ -75.709376984999949, -3.71187884699998 ], [ -75.680609359999949, -3.724513721999926 ], [ -75.664499359999979, -3.728803346999939 ], [ -75.654633859999933, -3.733455221999975 ], [ -75.63844335999994, -3.734224596999979 ], [ -75.606259734999981, -3.732130846999951 ], [ -75.571695859999977, -3.727118096999959 ], [ -75.558208859999979, -3.727197346999958 ], [ -75.550269109999988, -3.728991346999976 ], [ -75.524015984999949, -3.742830346999938 ], [ -75.516253859999949, -3.749119096999948 ], [ -75.510257859999967, -3.764496096999949 ], [ -75.477191109999978, -3.77895734699996 ], [ -75.378223484999978, -3.777720596999927 ], [ -75.348355484999956, -3.756253846999925 ], [ -75.337287109999977, -3.75362109699995 ], [ -75.326331984999968, -3.759244096999964 ], [ -75.296111359999941, -3.786404346999973 ], [ -75.269109359999959, -3.816214846999969 ], [ -75.252960359999975, -3.821815221999941 ], [ -75.230970734999971, -3.825537096999938 ], [ -75.191560484999968, -3.852414096999951 ], [ -75.17863248499998, -3.85466234699993 ], [ -75.152720734999946, -3.849396471999967 ], [ -75.145356234999952, -3.858487471999979 ], [ -75.137771734999944, -3.864555096999936 ], [ -75.120282483999972, -3.873752721999949 ], [ -75.060669858999972, -3.886425721999956 ], [ -75.031699233999973, -3.898335596999971 ], [ -75.015945358999943, -3.901044971999966 ], [ -74.993826233999982, -3.900291846999949 ], [ -74.978072233999967, -3.907048846999942 ], [ -74.943072233999942, -3.938792971999931 ], [ -74.96623223399996, -3.95839547199995 ], [ -74.989050108999947, -3.990202096999951 ], [ -74.991814483999974, -4.00687109699993 ], [ -74.978678358999957, -4.024774471999933 ], [ -74.970980483999938, -4.031316346999972 ], [ -74.956706983999936, -4.109328096999946 ], [ -74.882160108999983, -4.222378847999948 ], [ -74.876151858999947, -4.236607722999963 ], [ -74.864641733999974, -4.30099697299994 ], [ -74.830681608999953, -4.419283347999965 ], [ -74.834271858999955, -4.44497647299994 ], [ -74.832770358999937, -4.458388972999956 ], [ -74.828860733999988, -4.466729597999972 ], [ -74.805783108999947, -4.482733222999968 ], [ -74.780236983999941, -4.492440722999959 ], [ -74.751369858999965, -4.49550622299995 ], [ -74.735020358999975, -4.504702847999965 ], [ -74.728124983999976, -4.515664097999945 ], [ -74.727607359, -4.563834097999973 ], [ -74.734445358999949, -4.63968609799997 ], [ -74.740199358999973, -4.670148597999969 ], [ -74.747275358999957, -4.684937472999934 ], [ -74.759332233999942, -4.697167222999951 ], [ -74.793624983999962, -4.720465597999976 ], [ -74.815896108999937, -4.733191972999975 ], [ -74.845915358999946, -4.759279472999935 ], [ -74.856069483999988, -4.764469347999977 ], [ -74.864869733999967, -4.766951472999949 ], [ -74.907271483999978, -4.769039097999951 ], [ -74.92882310899995, -4.779380722999974 ], [ -74.94571773399997, -4.792635472999962 ], [ -74.963039983999977, -4.814989972999967 ], [ -74.979861358999983, -4.826943347999929 ], [ -75.001704108999945, -4.83252022299996 ], [ -75.035629983999968, -4.830196472999944 ], [ -75.048432858999945, -4.834038097999951 ], [ -75.055300233999958, -4.838544722999927 ], [ -75.062596858999939, -4.837471722999965 ], [ -75.070036358999971, -4.833894972999929 ], [ -75.096320358999947, -4.831183597999939 ], [ -75.106414108999957, -4.834343722999961 ], [ -75.121093733999942, -4.842337847999943 ], [ -75.124472608999952, -4.845728472999951 ], [ -75.129971858999966, -4.861798722999936 ], [ -75.137872484999946, -4.867840472999944 ], [ -75.188993609999955, -4.870628722999925 ], [ -75.241044359999989, -4.867375597999967 ], [ -75.263816609999935, -4.867840472999944 ], [ -75.283800359999987, -4.871558222999965 ], [ -75.303772109999954, -4.882654972999944 ], [ -75.341779234999933, -4.921796847999929 ], [ -75.352413109999986, -4.930434847999948 ], [ -75.365449761999969, -4.964251035999951 ], [ -75.367423767999981, -4.977645209999935 ], [ -75.373581118999937, -4.99827701199996 ], [ -75.375070974999971, -5.024310595999964 ], [ -75.377368601999933, -5.029650927999967 ], [ -75.378852958999971, -5.045675031999963 ], [ -75.384184990999984, -5.054547256999967 ], [ -75.385639296999955, -5.05492225699993 ], [ -75.398677345999943, -5.022594252999966 ], [ -75.407141439999975, -5.008022687999926 ], [ -75.423898402999953, -4.988093718999949 ], [ -75.439405613999952, -4.976607058999946 ], [ -75.478562347999969, -4.956275341999969 ], [ -75.500450972999943, -4.946989750999933 ], [ -75.520105642999965, -4.94087413099993 ], [ -75.537882902999968, -4.93858613499998 ], [ -75.564373882999973, -4.940359244999968 ], [ -75.58107778599998, -4.93902841299996 ], [ -75.593840900999965, -4.934230175999971 ], [ -75.604091837999988, -4.922492957999964 ], [ -75.611729601999969, -4.924041732999967 ], [ -75.626650275999964, -4.930370503999939 ], [ -75.64216227199995, -4.93095405899993 ], [ -75.66447384199995, -4.929974752999954 ], [ -75.673441343999968, -4.924807880999936 ], [ -75.678923964999967, -4.918938406999928 ], [ -75.684997080999949, -4.90720439699993 ], [ -75.687018189999947, -4.900141710999947 ], [ -75.687484443999949, -4.889370808999956 ], [ -75.683415177999962, -4.876809462999972 ], [ -75.665255033999983, -4.851050337999936 ], [ -75.663418957999966, -4.844131107999942 ], [ -75.664291019999951, -4.841238173999955 ], [ -75.70364144399997, -4.82264937399998 ], [ -75.723437642999954, -4.815807349999943 ], [ -75.725701480999987, -4.813172183999939 ], [ -75.726409392999983, -4.805751847999943 ], [ -75.720842015999949, -4.797895382999968 ], [ -75.721596853999984, -4.789661232999947 ], [ -75.729198259999976, -4.758155837999936 ], [ -75.740282142999945, -4.73784789299998 ], [ -75.756839396999965, -4.727681941999947 ], [ -75.782782646999976, -4.716930736999927 ], [ -75.803664849999961, -4.703695441999969 ], [ -75.834664756999985, -4.694085535999932 ], [ -75.843053123999937, -4.687086853999972 ], [ -75.84999843199995, -4.670420710999963 ], [ -75.852178875999982, -4.658738511999957 ], [ -75.851113701999964, -4.645719962999976 ], [ -75.84547962399995, -4.625814829999968 ], [ -75.851888865999967, -4.599958913999956 ], [ -75.858056431999955, -4.593404935999956 ], [ -75.880694721999987, -4.590147435999938 ], [ -75.889680949999956, -4.586906400999965 ], [ -75.891693879999934, -4.584175193999954 ], [ -75.884989017999942, -4.562186863999955 ], [ -75.877198097999951, -4.544131267999944 ], [ -75.875611367999966, -4.516734712999948 ], [ -75.878909201999988, -4.490446003999978 ], [ -75.869238097999983, -4.476724901999944 ], [ -75.869116490999943, -4.467703566999944 ], [ -75.863331359999961, -4.455236234999973 ], [ -75.862993775999939, -4.451227075999952 ], [ -75.866869260999977, -4.443983048999939 ], [ -75.867851592999955, -4.429948458999945 ], [ -75.870066631999975, -4.426270433999946 ], [ -75.889358080999955, -4.412325503999966 ], [ -75.91347361399994, -4.401832853999963 ], [ -75.928911857999935, -4.39145065799994 ], [ -75.938207367999951, -4.388567040999931 ], [ -75.95235342899997, -4.375050880999936 ], [ -75.969948734999946, -4.374310288999936 ], [ -75.974952799999983, -4.372006228999965 ], [ -75.981809289999944, -4.364099431999932 ], [ -75.993103137999981, -4.358340698999939 ], [ -76.015811789999987, -4.330739962999928 ], [ -76.025243096999986, -4.323403866999968 ], [ -76.029515713999956, -4.309469339999964 ], [ -76.030213945999947, -4.296832019999954 ], [ -76.02491050499998, -4.288654231999942 ], [ -76.016319762999956, -4.282347505999951 ], [ -76.009585828999946, -4.273884257999953 ], [ -76.007872285999952, -4.26764778699993 ], [ -76.009412320999957, -4.257849573999977 ], [ -76.013681980999934, -4.241474 ], [ -76.021854840999936, -4.220402501999956 ], [ -76.06695204, -4.185252212999956 ], [ -76.070307666999952, -4.179696919999969 ], [ -76.070191990999945, -4.162304852999966 ], [ -76.061271223999938, -4.122204800999953 ], [ -76.065374684999938, -4.089196553999955 ], [ -76.066468227999962, -4.087074688999962 ], [ -76.076041646999954, -4.081318124999939 ], [ -76.079465016999961, -4.074851803999934 ], [ -76.080030500999953, -4.069968858999971 ], [ -76.077580482999963, -4.055612762999942 ], [ -76.078477877999944, -4.049389165999969 ], [ -76.081714371999965, -4.045842858999947 ], [ -76.090145207999967, -4.041523737999967 ], [ -76.111304840999935, -4.039197485999978 ], [ -76.120022338999945, -4.035595680999961 ], [ -76.12772932699994, -4.025102811999943 ], [ -76.138708301999941, -4.002687299999934 ], [ -76.139698668999984, -3.995075594999946 ], [ -76.138101977999952, -3.977703282999926 ], [ -76.140504670999974, -3.965866430999938 ], [ -76.144511250999983, -3.959035426999947 ], [ -76.161180512999977, -3.950225997999951 ], [ -76.181175889999963, -3.93456141799993 ], [ -76.204307777999986, -3.923883536999938 ], [ -76.201916498999935, -3.901200057999972 ], [ -76.210541815999989, -3.884459670999945 ], [ -76.211029492999955, -3.875556528999937 ], [ -76.208461420999981, -3.853962184999943 ], [ -76.211829192999971, -3.834561053999948 ], [ -76.216230881999934, -3.82189514199996 ], [ -76.240655707999963, -3.800130661999958 ], [ -76.247642313999961, -3.787843948999978 ], [ -76.248867373999985, -3.744766340999945 ], [ -76.254081086999975, -3.742389702999958 ], [ -76.257441551999989, -3.74346176499995 ], [ -76.266320858999961, -3.755581885999959 ], [ -76.27297574499994, -3.761387368999976 ], [ -76.275834971999984, -3.761742137999931 ], [ -76.27940238399998, -3.757644737999954 ], [ -76.280315987999984, -3.747018145999959 ], [ -76.273758223999948, -3.735938426999951 ], [ -76.272945422999953, -3.729748303999941 ], [ -76.282364881999968, -3.720959106999942 ], [ -76.283805922999989, -3.716865373999951 ], [ -76.282935412999961, -3.707821987999978 ], [ -76.289843762999965, -3.69661524199995 ], [ -76.293468649999966, -3.694179836999979 ], [ -76.303336559999934, -3.698371301999941 ], [ -76.30752303099996, -3.698271655999974 ], [ -76.317935410999951, -3.69311562799993 ], [ -76.32378511099995, -3.685349334999955 ], [ -76.325123434999966, -3.681509034999976 ], [ -76.297948342999973, -3.668823164999935 ], [ -76.280493797999952, -3.655925795999963 ], [ -76.274394471999983, -3.654881551999949 ], [ -76.26972002499997, -3.65077208699995 ], [ -76.250649838999948, -3.640364979999958 ], [ -76.234083002999967, -3.634823399999959 ], [ -76.237530360999983, -3.60243634699998 ], [ -76.247358110999983, -3.597856221999962 ], [ -76.250162610999951, -3.583992846999934 ], [ -76.260534485999983, -3.572921721999933 ], [ -76.257776110999941, -3.569214471999942 ], [ -76.250776235999979, -3.565585596999938 ], [ -76.23545311099997, -3.563142596999967 ], [ -76.22204073599994, -3.553723346999959 ], [ -76.213961985999958, -3.543395096999973 ], [ -76.206179734999978, -3.528056596999932 ], [ -76.171206984999969, -3.570154346999971 ] ] ] } },
{ "type": "Feature", "properties": { "UBIGEO_INEI": "160403", "DEPARTAMEN": "LORETO", "PROVINCIA": "MARISCAL RAMON CASTILLA", "DISTRITO": "YAVARI" }, "geometry": { "type": "Polygon", "coordinates": [ [ [ -70.675519604999977, -4.019743096999946 ], [ -70.663315479999937, -4.021506596999927 ], [ -70.643626229999938, -4.028719721999948 ], [ -70.625590604999957, -4.031111721999935 ], [ -70.610941354999966, -4.039906221999956 ], [ -70.600786479999954, -4.043327346999945 ], [ -70.588800729999946, -4.045331971999929 ], [ -70.580993104999948, -4.043826346999936 ], [ -70.569033229999945, -4.03695309699998 ], [ -70.556880729999989, -4.036946096999941 ], [ -70.505542979999973, -4.054148471999952 ], [ -70.473420229999988, -4.052601721999963 ], [ -70.458904665999967, -4.046177083999964 ], [ -70.431468729999949, -4.045357471999978 ], [ -70.412939354999935, -4.051352471999962 ], [ -70.404101604999937, -4.056736346999969 ], [ -70.387304104999942, -4.079686096999978 ], [ -70.369314479999957, -4.09542709699997 ], [ -70.348626354999965, -4.10801984699998 ], [ -70.279980479999949, -4.119857471999978 ], [ -70.262342604999958, -4.126319971999976 ], [ -70.247095729999955, -4.12733009699997 ], [ -70.233789979999983, -4.121729971999969 ], [ -70.210689979999984, -4.103829971999971 ], [ -70.206359979999945, -4.10328997199997 ], [ -70.202349979999951, -4.105039971999929 ], [ -70.20037997999998, -4.103049971999951 ], [ -70.197309979999943, -4.107919971999934 ], [ -70.198189979999938, -4.112319971999966 ], [ -70.190839854999979, -4.115140596999936 ], [ -70.186513729999945, -4.120714846999931 ], [ -70.169915979999985, -4.12723634699995 ], [ -70.166246104999971, -4.126831971999934 ], [ -70.160724604999984, -4.123605471999952 ], [ -70.156025229999955, -4.117742221999947 ], [ -70.148422229999937, -4.095998221999935 ], [ -70.144611354999938, -4.090672346999952 ], [ -70.139841229999945, -4.087692846999971 ], [ -70.133549979999941, -4.094979971999976 ], [ -70.126799979999987, -4.099229971999932 ], [ -70.091839979999975, -4.10933997199993 ], [ -70.08125997999997, -4.107429971999977 ], [ -70.067399979999948, -4.098089971999968 ], [ -70.056654854999977, -4.095078721999926 ], [ -70.05092572999996, -4.109790971999928 ], [ -70.034079479999946, -4.134412721999979 ], [ -69.983710979999955, -4.182775472999936 ], [ -69.961436354999933, -4.201477472999954 ], [ -69.952150354999958, -4.213796847999959 ], [ -69.949039354999968, -4.233329972999968 ], [ -69.951259604999962, -4.251769722999938 ], [ -69.949591854999937, -4.279382722999969 ], [ -69.951503104999972, -4.287416847999964 ], [ -69.974417979999942, -4.332777472999965 ], [ -69.980362979999938, -4.340416222999977 ], [ -69.99196285499994, -4.348167972999931 ], [ -70.012080979999951, -4.349110847999953 ], [ -70.015138729999933, -4.350518972999964 ], [ -70.021696729999974, -4.357358722999948 ], [ -70.027248979999968, -4.37035409799995 ], [ -70.033641354999986, -4.374536722999949 ], [ -70.039996979999955, -4.375350472999969 ], [ -70.047970604999989, -4.370971347999955 ], [ -70.051400229999956, -4.363501472999928 ], [ -70.048464729999978, -4.355876597999952 ], [ -70.040261604999955, -4.346968597999933 ], [ -70.040187229999958, -4.341503472999932 ], [ -70.042955604999975, -4.332185347999939 ], [ -70.051961479999989, -4.324863347999951 ], [ -70.068406104999951, -4.322951097999976 ], [ -70.074094479999985, -4.320645972999955 ], [ -70.077930354999978, -4.316645722999965 ], [ -70.079076479999969, -4.312057597999967 ], [ -70.077254729999936, -4.30696409799998 ], [ -70.073239354999941, -4.303915347999975 ], [ -70.058442104999983, -4.30644359799993 ], [ -70.048597104999942, -4.305078972999979 ], [ -70.040715104999947, -4.299784847999945 ], [ -70.040268979999951, -4.294787972999927 ], [ -70.045087354999964, -4.291545972999927 ], [ -70.056419604999974, -4.294996097999956 ], [ -70.061356979999971, -4.294698722999954 ], [ -70.075082104999979, -4.285287097999969 ], [ -70.089404854999941, -4.288839222999968 ], [ -70.096042354999952, -4.287765472999979 ], [ -70.099904354999978, -4.283425972999964 ], [ -70.099785229999952, -4.270993347999934 ], [ -70.101302229999988, -4.263944222999953 ], [ -70.106745229999945, -4.256716597999969 ], [ -70.112098854999942, -4.256716597999969 ], [ -70.115043604999983, -4.259809847999975 ], [ -70.115349729999934, -4.262443347999977 ], [ -70.113258979999955, -4.277269097999977 ], [ -70.115340979999985, -4.280987097999969 ], [ -70.120992229999956, -4.285418847999949 ], [ -70.126732479999987, -4.285686472999942 ], [ -70.130063854999946, -4.284199347999959 ], [ -70.139462729999934, -4.275781972999937 ], [ -70.145143729999972, -4.272748222999951 ], [ -70.151566354999943, -4.272109347999958 ], [ -70.156386729999952, -4.27474097299995 ], [ -70.161978479999959, -4.290832097999953 ], [ -70.168908604999956, -4.29901147299995 ], [ -70.170633729999963, -4.305227847999959 ], [ -70.168482229999938, -4.31054947299998 ], [ -70.152073979999955, -4.321289222999951 ], [ -70.152609229999939, -4.330033722999929 ], [ -70.15594047999997, -4.332710597999949 ], [ -70.169979354999953, -4.333186472999955 ], [ -70.174797729999966, -4.334881847999952 ], [ -70.177414854999938, -4.339820972999973 ], [ -70.177980354999988, -4.34898009799997 ], [ -70.18083560499997, -4.355404722999936 ], [ -70.186427354999978, -4.359985222999967 ], [ -70.196330354999986, -4.360337222999931 ], [ -70.200257979999947, -4.356862097999965 ], [ -70.200406604999955, -4.343566847999966 ], [ -70.203113354999971, -4.327445972999953 ], [ -70.211857854999948, -4.312812347999966 ], [ -70.211738854999965, -4.302848347999941 ], [ -70.21379122999997, -4.29844634799997 ], [ -70.217836229999989, -4.299279222999928 ], [ -70.217865979999942, -4.309183722999933 ], [ -70.219561354999939, -4.314388722999979 ], [ -70.225420854999982, -4.317035847999932 ], [ -70.259957479999969, -4.308601597999939 ], [ -70.26551472999995, -4.303086347999965 ], [ -70.26810235499994, -4.29579922299996 ], [ -70.266525979999983, -4.293925347999959 ], [ -70.256175354999982, -4.292140722999932 ], [ -70.247252354999944, -4.286787097999934 ], [ -70.244962104999956, -4.279351222999935 ], [ -70.248382604999961, -4.272837347999939 ], [ -70.252197229999979, -4.271197722999943 ], [ -70.258125354999947, -4.271695722999937 ], [ -70.280148354999938, -4.285656847999974 ], [ -70.28978522999995, -4.288006597999924 ], [ -70.291212854999969, -4.285775722999972 ], [ -70.284609854999985, -4.278964472999974 ], [ -70.284342229999936, -4.272510222999927 ], [ -70.28651347999994, -4.270368722999933 ], [ -70.295882604999974, -4.267037472999959 ], [ -70.307393229999946, -4.258530847999964 ], [ -70.309356354999977, -4.253474597999968 ], [ -70.308107104999976, -4.24728797299997 ], [ -70.300700979999988, -4.241250097999966 ], [ -70.282349604999979, -4.23592572299998 ], [ -70.279196604999981, -4.232713722999961 ], [ -70.278534104999949, -4.228927972999941 ], [ -70.280118604999984, -4.218109847999926 ], [ -70.287584104999951, -4.198806472999934 ], [ -70.287732979999987, -4.180514347999974 ], [ -70.285650854999972, -4.172275472999956 ], [ -70.28660272999997, -4.167367847999969 ], [ -70.293949229999953, -4.15930734799997 ], [ -70.303288604999977, -4.158831472999964 ], [ -70.308285479999938, -4.156808972999954 ], [ -70.319706979999978, -4.143394721999925 ], [ -70.323870979999981, -4.142413221999959 ], [ -70.328332479999972, -4.145268596999927 ], [ -70.329611479999983, -4.149402846999976 ], [ -70.327648229999966, -4.168349347999936 ], [ -70.33181247999994, -4.176528722999933 ], [ -70.338534479999964, -4.179146222999975 ], [ -70.346356854999954, -4.175844597999969 ], [ -70.355041979999953, -4.167040722999957 ], [ -70.361912604999986, -4.15541097299996 ], [ -70.366641854999955, -4.142740471999957 ], [ -70.376813979999952, -4.135007096999971 ], [ -70.382524354999987, -4.133550346999925 ], [ -70.398734354999988, -4.137441596999963 ], [ -70.419730479999942, -4.134978471999943 ], [ -70.432820604999961, -4.131289221999964 ], [ -70.439284979999968, -4.134469346999936 ], [ -70.442368104999957, -4.139438846999951 ], [ -70.441862479999941, -4.143245971999931 ], [ -70.433266729999957, -4.153120722999972 ], [ -70.432731354999987, -4.15871247299998 ], [ -70.434902604999934, -4.162727847999975 ], [ -70.440291729999956, -4.163527472999931 ], [ -70.447811104999971, -4.158682597999928 ], [ -70.454235729999937, -4.158920722999937 ], [ -70.45905410499995, -4.172721597999953 ], [ -70.464913604999936, -4.175874347999979 ], [ -70.469196604999979, -4.173108222999929 ], [ -70.476126729999976, -4.161508347999927 ], [ -70.479844354999955, -4.159892972999955 ], [ -70.485228229999962, -4.160794597999939 ], [ -70.488916354999958, -4.166326722999941 ], [ -70.492693729999985, -4.191578847999949 ], [ -70.499970854999958, -4.198832097999968 ], [ -70.505572604999941, -4.199133597999946 ], [ -70.512049729999944, -4.196067722999942 ], [ -70.514108729999975, -4.190835222999965 ], [ -70.503639229999976, -4.168765722999979 ], [ -70.503171229999964, -4.161939847999975 ], [ -70.508249479999961, -4.151187596999932 ], [ -70.523418479999975, -4.136375346999955 ], [ -70.526035854999975, -4.136077846999967 ], [ -70.532014354999944, -4.144554721999953 ], [ -70.535601979999967, -4.145405596999979 ], [ -70.54641010499995, -4.137208096999927 ], [ -70.55110947999998, -4.136315846999935 ], [ -70.552745354999956, -4.136970221999945 ], [ -70.553081229999975, -4.140989846999958 ], [ -70.542930229999968, -4.148004971999967 ], [ -70.541010729999982, -4.154795597999964 ], [ -70.54325735499998, -4.158474597999941 ], [ -70.554024354999967, -4.161538097999937 ], [ -70.557742229999974, -4.165345222999974 ], [ -70.558675604999962, -4.170800847999942 ], [ -70.552596604999962, -4.188723597999967 ], [ -70.555422229999976, -4.201602347999938 ], [ -70.562144854999985, -4.209083097999951 ], [ -70.571891229999949, -4.211251222999977 ], [ -70.575498979999963, -4.20805672299997 ], [ -70.574963604999937, -4.202910972999973 ], [ -70.563576229999967, -4.186687472999949 ], [ -70.562084729999981, -4.180662972999926 ], [ -70.564464229999942, -4.174119472999962 ], [ -70.568152354999938, -4.172453847999975 ], [ -70.573089729999936, -4.173494847999962 ], [ -70.586176854999962, -4.185243347999972 ], [ -70.60084022999996, -4.188039347999961 ], [ -70.61624347999998, -4.193481347999978 ], [ -70.622101604999955, -4.192134722999981 ], [ -70.631106604999957, -4.183600722999927 ], [ -70.635201979999977, -4.173488847999977 ], [ -70.624753854999938, -4.14955159699997 ], [ -70.620262604999937, -4.143216221999978 ], [ -70.617258479999975, -4.133906596999964 ], [ -70.617377479999959, -4.129177471999981 ], [ -70.622493354999961, -4.12644109699994 ], [ -70.644622354999967, -4.126946721999957 ], [ -70.648033229999953, -4.130347596999968 ], [ -70.650238104999971, -4.13679222199994 ], [ -70.650184354999965, -4.164125722999927 ], [ -70.653456104999975, -4.162727847999975 ], [ -70.656727854999986, -4.151187596999932 ], [ -70.660624229999939, -4.144762971999967 ], [ -70.666543110999953, -4.142413221999959 ], [ -70.669933854999954, -4.144376221999948 ], [ -70.670082479999962, -4.14958134699998 ], [ -70.665948229999969, -4.162251972999968 ], [ -70.666781104999984, -4.170223097999951 ], [ -70.672015854999984, -4.194404472999963 ], [ -70.675614854999935, -4.201245347999929 ], [ -70.68227735499994, -4.206926222999925 ], [ -70.685102854999968, -4.205468972999938 ], [ -70.686530604999973, -4.194047472999955 ], [ -70.690367479999964, -4.188188097999955 ], [ -70.701555479999968, -4.186487597999928 ], [ -70.714667979999945, -4.18803659799994 ], [ -70.723947604999978, -4.185987097999941 ], [ -70.736354229999961, -4.175035597999965 ], [ -70.747028354999941, -4.161210972999925 ], [ -70.75125197999995, -4.159069472999931 ], [ -70.757750604999956, -4.158519097999942 ], [ -70.768808854999975, -4.163421722999942 ], [ -70.786735604999933, -4.185421972999961 ], [ -70.792577854999934, -4.185928222999962 ], [ -70.797617104999972, -4.181939472999943 ], [ -70.800986354999964, -4.181818347999979 ], [ -70.802975479999986, -4.185035347999928 ], [ -70.80425447999994, -4.193214722999926 ], [ -70.819084604999944, -4.198720347999938 ], [ -70.825639854999963, -4.211863722999965 ], [ -70.843238605999943, -4.217138847999934 ], [ -70.846162730999936, -4.22037034799996 ], [ -70.847382105999941, -4.224920972999939 ], [ -70.846787355999936, -4.228698347999966 ], [ -70.844581980999976, -4.230820347999952 ], [ -70.839767854999934, -4.230245097999955 ], [ -70.833045854999966, -4.222719972999926 ], [ -70.826056354999935, -4.219329222999932 ], [ -70.821743479999952, -4.219477972999925 ], [ -70.817519854999944, -4.222571347999974 ], [ -70.816151729999945, -4.225129097999968 ], [ -70.816776354999945, -4.22944197299995 ], [ -70.824955729999942, -4.23723459799993 ], [ -70.829536229999974, -4.249994597999944 ], [ -70.834384354999941, -4.254099097999926 ], [ -70.839767854999934, -4.254545347999965 ], [ -70.850981105999949, -4.246960722999972 ], [ -70.857968730999971, -4.246755472999951 ], [ -70.863889605999987, -4.250648972999954 ], [ -70.865079230999982, -4.254188347999957 ], [ -70.862015855999971, -4.261445597999966 ], [ -70.856198855999935, -4.26767334799996 ], [ -70.846878855999933, -4.272205097999972 ], [ -70.845490230999985, -4.276310597999952 ], [ -70.846251855999981, -4.279381097999931 ], [ -70.848525355999982, -4.28129297299995 ], [ -70.859844605999967, -4.283634222999979 ], [ -70.86454398099994, -4.287173597999981 ], [ -70.876619730999948, -4.291456722999953 ], [ -70.880040230999953, -4.299457597999947 ], [ -70.875995105999948, -4.31358572299996 ], [ -70.876381855999966, -4.321646097999974 ], [ -70.880754105999983, -4.32470959799997 ], [ -70.892740605999961, -4.322835847999954 ], [ -70.900053855999943, -4.325880722999955 ], [ -70.904756855999949, -4.333573097999931 ], [ -70.911835855999982, -4.355940097999962 ], [ -70.915434730999948, -4.360014847999935 ], [ -70.918617230999985, -4.359806722999963 ], [ -70.927272605999974, -4.353976972999931 ], [ -70.93351860599995, -4.356059097999946 ], [ -70.936314605999939, -4.369740972999978 ], [ -70.934172980999961, -4.377711972999975 ], [ -70.935749355999974, -4.381846472999939 ], [ -70.938039605999961, -4.38309572299994 ], [ -70.948288605999949, -4.376021847999937 ], [ -70.960079355999937, -4.379229097999939 ], [ -70.969032105999986, -4.377593222999963 ], [ -70.971292605999963, -4.375540847999957 ], [ -70.973136605999969, -4.361829222999972 ], [ -70.975367355999936, -4.356772847999935 ], [ -70.986223730999939, -4.347255097999948 ], [ -70.994492355999967, -4.344756597999947 ], [ -70.997439480999958, -4.345776722999972 ], [ -70.998507605999976, -4.349158597999974 ], [ -70.988246230999948, -4.361888722999936 ], [ -70.987948855999946, -4.376552097999934 ], [ -70.990238980999948, -4.381519222999941 ], [ -70.996514855999976, -4.38580234799997 ], [ -71.006490980999956, -4.386030097999935 ], [ -71.017892730999961, -4.37998684799993 ], [ -71.01977085599998, -4.380992222999964 ], [ -71.021350480999956, -4.38779509799997 ], [ -71.025484855999935, -4.391929472999948 ], [ -71.034734980999986, -4.398532472999932 ], [ -71.039999480999938, -4.399186722999957 ], [ -71.043806605999976, -4.396539597999947 ], [ -71.045918480999944, -4.390977597999949 ], [ -71.042676355999959, -4.377206472999944 ], [ -71.043485730999976, -4.372820347999948 ], [ -71.047624980999956, -4.368089847999954 ], [ -71.050677355999937, -4.367480472999944 ], [ -71.054722480999942, -4.370752222999954 ], [ -71.055109105999975, -4.381578722999961 ], [ -71.056953230999966, -4.38577259799996 ], [ -71.063615605999985, -4.389966347999973 ], [ -71.078415480999979, -4.39435459799995 ], [ -71.082621605999975, -4.390471972999933 ], [ -71.076613605999967, -4.381370597999933 ], [ -71.077446230999954, -4.374202472999968 ], [ -71.082687480999937, -4.371728472999962 ], [ -71.091030855999975, -4.372502722999968 ], [ -71.105791480999983, -4.376314347999937 ], [ -71.108111605999966, -4.378693722999969 ], [ -71.108898730999954, -4.38372759799995 ], [ -71.106237730999965, -4.399365222999961 ], [ -71.109301355999946, -4.406057472999976 ], [ -71.115041730999963, -4.408139472999949 ], [ -71.120705105999946, -4.404736347999972 ], [ -71.129362105999974, -4.388997097999948 ], [ -71.141087480999943, -4.38132259799994 ], [ -71.147640355999954, -4.380775722999942 ], [ -71.150555105999956, -4.382619722999948 ], [ -71.151447480999934, -4.385921347999954 ], [ -71.14752135599997, -4.397402222999972 ], [ -71.149781855999947, -4.402250347999939 ], [ -71.152220855999985, -4.403648222999948 ], [ -71.156087480999986, -4.402280097999949 ], [ -71.156146980999949, -4.394665847999931 ], [ -71.157837730999972, -4.391197097999964 ], [ -71.160980855999981, -4.390791972999978 ], [ -71.168222730999958, -4.393803222999964 ], [ -71.181886730999963, -4.39389547299993 ], [ -71.184742105999987, -4.396441472999925 ], [ -71.185955605999936, -4.400391347999971 ], [ -71.184718355999962, -4.409195347999969 ], [ -71.186074605999977, -4.416595472999973 ], [ -71.190262480999934, -4.421520972999929 ], [ -71.193688855999937, -4.423067597999932 ], [ -71.198804730999939, -4.42021234799995 ], [ -71.20139835599997, -4.40981409799997 ], [ -71.206062105999933, -4.399629972999946 ], [ -71.205467230999943, -4.39663184799997 ], [ -71.197971980999966, -4.386400097999967 ], [ -71.198090730999979, -4.382093347999955 ], [ -71.20139835599997, -4.378238597999939 ], [ -71.212986355999988, -4.376644347999957 ], [ -71.215389605999974, -4.378452722999953 ], [ -71.218316355999946, -4.387803972999961 ], [ -71.218125980999957, -4.40262809799998 ], [ -71.222408980999944, -4.406173472999967 ], [ -71.227453480999941, -4.404531597999949 ], [ -71.225288105999937, -4.388946222999948 ], [ -71.230263230999981, -4.383066472999928 ], [ -71.233758980999937, -4.382664347999935 ], [ -71.239660105999974, -4.38799434799995 ], [ -71.245918105999976, -4.390492972999937 ], [ -71.261540980999939, -4.384144472999935 ], [ -71.269205730999943, -4.383757472999946 ], [ -71.274661980999952, -4.386209847999964 ], [ -71.278540480999936, -4.390112097999975 ], [ -71.279563605999954, -4.396917347999931 ], [ -71.276541730999952, -4.399082722999935 ], [ -71.266881105999971, -4.392491597999935 ], [ -71.260670730999948, -4.394228597999927 ], [ -71.259837730999948, -4.397583597999926 ], [ -71.266428980999933, -4.405031347999966 ], [ -71.267785355999933, -4.409004972999981 ], [ -71.260861105999936, -4.425113972999952 ], [ -71.263169105999964, -4.429206597999951 ], [ -71.274804730999961, -4.43848659799994 ], [ -71.281229230999941, -4.441246722999949 ], [ -71.288486355999964, -4.440151347999972 ], [ -71.294340105999936, -4.435821597999961 ], [ -71.304738355999973, -4.417142722999927 ], [ -71.311472230999982, -4.414239847999966 ], [ -71.315945605999957, -4.41495372299994 ], [ -71.319110230999968, -4.417809097999964 ], [ -71.319228480999982, -4.426218722999977 ], [ -71.304143480999983, -4.439581097999962 ], [ -71.300859855999988, -4.444435347999956 ], [ -71.301424355999984, -4.451935972999934 ], [ -71.308212355999956, -4.46225734799998 ], [ -71.310782230999962, -4.46140072299994 ], [ -71.310068355999988, -4.450193472999956 ], [ -71.313470980999966, -4.442721972999948 ], [ -71.320323855999959, -4.439961847999939 ], [ -71.340263730999936, -4.440223597999932 ], [ -71.341691355999956, -4.428730722999944 ], [ -71.345902980999938, -4.425542222999979 ], [ -71.349814480999953, -4.426753847999976 ], [ -71.357110230999979, -4.432870972999979 ], [ -71.360584105999976, -4.433632472999932 ], [ -71.364629355999966, -4.432870972999979 ], [ -71.378549230999965, -4.424185972999965 ], [ -71.383260605999965, -4.424185972999965 ], [ -71.390613105999932, -4.427231722999977 ], [ -71.39689485599996, -4.433037597999942 ], [ -71.400440230999948, -4.443840347999981 ], [ -71.409202730999937, -4.448732347999965 ], [ -71.416382605999956, -4.462281222999934 ], [ -71.433609980999961, -4.47596297299998 ], [ -71.436845980999976, -4.474820972999964 ], [ -71.437869230999979, -4.470847222999964 ], [ -71.428232355999967, -4.469490972999949 ], [ -71.426041730999941, -4.466214097999966 ], [ -71.426753980999933, -4.46375347299994 ], [ -71.432776230999934, -4.458551472999943 ], [ -71.433272730999988, -4.453975472999957 ], [ -71.430941480999934, -4.446679722999932 ], [ -71.427293730999963, -4.443333972999937 ], [ -71.417645230999938, -4.442319597999926 ], [ -71.413345480999965, -4.440327472999968 ], [ -71.41095698099997, -4.437937597999962 ], [ -71.412252480999939, -4.435391347999939 ], [ -71.422717730999977, -4.437268722999931 ], [ -71.431869730999949, -4.427900847999979 ], [ -71.436294605999933, -4.427685097999927 ], [ -71.438690480999981, -4.431354472999942 ], [ -71.432992105999972, -4.443873722999967 ], [ -71.435001730999943, -4.448165222999933 ], [ -71.438172480999981, -4.449054097999976 ], [ -71.447216605999984, -4.448190722999925 ], [ -71.451188230999946, -4.445514222999975 ], [ -71.451628855999957, -4.442184847999954 ], [ -71.449172105999935, -4.43494484799993 ], [ -71.450857480999957, -4.431712347999962 ], [ -71.453786105999939, -4.432195847999935 ], [ -71.457640355999956, -4.437334847999978 ], [ -71.461522230999947, -4.439241222999954 ], [ -71.466260480999949, -4.438108347999957 ], [ -71.474245230999941, -4.433204347999947 ], [ -71.477684980999982, -4.433549597999956 ], [ -71.47919073099996, -4.436008597999944 ], [ -71.47667648099997, -4.444504347999953 ], [ -71.476994230999935, -4.450002597999969 ], [ -71.479798605999974, -4.455251972999974 ], [ -71.482614105999971, -4.456597097999975 ], [ -71.48665048099997, -4.455472972999928 ], [ -71.501832480999951, -4.439282472999935 ], [ -71.506874730999982, -4.437348597999971 ], [ -71.509886230999939, -4.441658722999932 ], [ -71.50586623099997, -4.449878222999928 ], [ -71.506578480999963, -4.457655847999945 ], [ -71.498751980999941, -4.463913597999976 ], [ -71.492797855999981, -4.47435722299997 ], [ -71.492383480999933, -4.480173097999966 ], [ -71.493972105999944, -4.485201472999961 ], [ -71.497121730999936, -4.485684972999934 ], [ -71.504567730999952, -4.476249847999952 ], [ -71.516185605999965, -4.471608222999976 ], [ -71.517594605999989, -4.468555347999938 ], [ -71.515867855999943, -4.463305722999962 ], [ -71.517414980999945, -4.461219847999928 ], [ -71.525322230999961, -4.464964847999966 ], [ -71.532334480999964, -4.462725597999963 ], [ -71.537277355999947, -4.463084097999968 ], [ -71.539642230999959, -4.468237472999931 ], [ -71.535221730999979, -4.477161597999952 ], [ -71.536243980999984, -4.481692847999966 ], [ -71.538771980999968, -4.482231597999942 ], [ -71.546010730999967, -4.47665047299995 ], [ -71.553871105999974, -4.47619459799995 ], [ -71.558374605999973, -4.477603597999973 ], [ -71.559327730999939, -4.481084722999981 ], [ -71.552765980999936, -4.482065597999963 ], [ -71.550707605999946, -4.485560722999935 ], [ -71.560640105999937, -4.491735722999977 ], [ -71.566925730999969, -4.505757222999932 ], [ -71.594388605999939, -4.526823972999978 ], [ -71.602815355999951, -4.528454222999926 ], [ -71.618867605999981, -4.52700372299995 ], [ -71.626285855999981, -4.521657597999933 ], [ -71.633455605999984, -4.512332847999971 ], [ -71.633552230999953, -4.507884722999961 ], [ -71.627031855999974, -4.506254597999941 ], [ -71.620525355999973, -4.501322847999973 ], [ -71.612512980999952, -4.482880722999937 ], [ -71.610841480999966, -4.470848347999947 ], [ -71.613645730999963, -4.467463847999966 ], [ -71.616173855999989, -4.466980347999936 ], [ -71.621326605999968, -4.469149222999931 ], [ -71.627211480999961, -4.476028722999956 ], [ -71.623536855999987, -4.485367222999969 ], [ -71.624724980999986, -4.488876097999935 ], [ -71.633607480999956, -4.492757972999925 ], [ -71.640375355999936, -4.498810722999963 ], [ -71.647905355999967, -4.502731972999925 ], [ -71.650267605999943, -4.501405722999948 ], [ -71.646592980999969, -4.480573722999964 ], [ -71.649687480999944, -4.474094722999951 ], [ -71.654287605999968, -4.471138472999939 ], [ -71.658404230999963, -4.471704847999945 ], [ -71.660531855999977, -4.474716472999944 ], [ -71.655779605999953, -4.481844597999952 ], [ -71.654038980999985, -4.487577597999973 ], [ -71.655047355999955, -4.496418722999977 ], [ -71.657934605999969, -4.500936097999954 ], [ -71.671969980999961, -4.505826347999971 ], [ -71.675644605999935, -4.49989997299997 ], [ -71.688215605999972, -4.496957472999952 ], [ -71.692567105999956, -4.498850097999934 ], [ -71.700441355999942, -4.506793347999974 ], [ -71.706795980999971, -4.509887722999963 ], [ -71.715872105999949, -4.505328972999962 ], [ -71.722171480999975, -4.498062847999961 ], [ -71.733333355999946, -4.497178597999948 ], [ -71.736855855999977, -4.495562222999979 ], [ -71.739383980999946, -4.491031222999936 ], [ -71.739701730999968, -4.481637347999936 ], [ -71.743859855999972, -4.471856847999959 ], [ -71.750725605999946, -4.467422472999942 ], [ -71.753488480999977, -4.469826097999942 ], [ -71.747990355999946, -4.478280472999927 ], [ -71.748957355999949, -4.491321222999943 ], [ -71.752935855999965, -4.496487847999958 ], [ -71.767648105999967, -4.503698972999928 ], [ -71.769568355999979, -4.502441847999933 ], [ -71.76907098099997, -4.492799347999949 ], [ -71.771350355999971, -4.488599847999978 ], [ -71.775867730999948, -4.485049597999932 ], [ -71.785328855999978, -4.48231784799998 ], [ -71.788521605999961, -4.484179222999956 ], [ -71.788696355999946, -4.486078222999936 ], [ -71.782719605999944, -4.492633597999941 ], [ -71.783368855999981, -4.496598347999964 ], [ -71.792417230999945, -4.495161597999925 ], [ -71.793494855999938, -4.49198434799996 ], [ -71.792375855999978, -4.486057972999959 ], [ -71.793798730999981, -4.483654347999959 ], [ -71.798550855999963, -4.488171597999951 ], [ -71.810252605999949, -4.492896347999931 ], [ -71.810458855999968, -4.49452622299998 ], [ -71.805457980999961, -4.500162472999932 ], [ -71.806535480999969, -4.504389597999932 ], [ -71.813718980999965, -4.501074222999932 ], [ -71.819576230999985, -4.500908472999924 ], [ -71.827450480999971, -4.495645097999954 ], [ -71.832119730999977, -4.495838722999963 ], [ -71.833735980999961, -4.497592972999939 ], [ -71.833335355999964, -4.50009334799995 ], [ -71.827049855999974, -4.506461847999958 ], [ -71.830157980999957, -4.514432847999956 ], [ -71.833155730999977, -4.515634472999977 ], [ -71.834923980999974, -4.514501722999967 ], [ -71.836125855999967, -4.506144097999936 ], [ -71.839137355999981, -4.504527847999952 ], [ -71.843295480999984, -4.507746472999941 ], [ -71.856557355999939, -4.511365972999954 ], [ -71.861074605999988, -4.522997597999961 ], [ -71.864997855999945, -4.526451097999939 ], [ -71.868258105999985, -4.525221722999959 ], [ -71.872360730999958, -4.518715097999973 ], [ -71.879349605999948, -4.515264722999973 ], [ -71.88436560599996, -4.515482597999949 ], [ -71.883937355999933, -4.520897847999947 ], [ -71.885346355999957, -4.521933847999946 ], [ -71.891756230999988, -4.514847097999962 ], [ -71.906440855999961, -4.515192472999956 ], [ -71.908209105999958, -4.518231597999943 ], [ -71.907183355999962, -4.520415347999972 ], [ -71.901219105999985, -4.522928472999979 ], [ -71.89420135599994, -4.522237722999932 ], [ -71.886146480999969, -4.52951372299998 ], [ -71.884586605999971, -4.537088222999955 ], [ -71.887059355999952, -4.539118972999972 ], [ -71.890112355999975, -4.539049847999934 ], [ -71.893897480999954, -4.531742097999938 ], [ -71.897637355999962, -4.529167597999958 ], [ -71.909825480999984, -4.530153347999942 ], [ -71.918183106999948, -4.52885484799998 ], [ -71.921305106999966, -4.536590847999946 ], [ -71.918431731999988, -4.53983722299995 ], [ -71.924358106999989, -4.54329084799997 ], [ -71.926775606999968, -4.547255597999936 ], [ -71.921277481999937, -4.551897222999969 ], [ -71.919108606999941, -4.563445972999943 ], [ -71.921194606999961, -4.564095222999981 ], [ -71.926886106999973, -4.560821222999948 ], [ -71.930477856999971, -4.561732972999948 ], [ -71.931942231999983, -4.564633972999957 ], [ -71.927632106999965, -4.567673222999929 ], [ -71.927190106999944, -4.570063097999935 ], [ -71.934359731999962, -4.578199722999955 ], [ -71.945590731999971, -4.577508972999965 ], [ -71.949997606999943, -4.580285722999974 ], [ -71.949831606999965, -4.585189722999928 ], [ -71.942606856999987, -4.594721722999964 ], [ -71.947980731999962, -4.596558972999958 ], [ -71.950398106999955, -4.599128472999951 ], [ -71.950443856999982, -4.60200647299996 ], [ -71.946737356999961, -4.605621222999957 ], [ -71.946530106999944, -4.607831472999976 ], [ -71.954680606999943, -4.609129972999938 ], [ -71.959501981999949, -4.60498572299997 ], [ -71.965151856999967, -4.611285097999939 ], [ -71.970567106999965, -4.608466972999963 ], [ -71.976824981999982, -4.611409347999938 ], [ -71.979684606999967, -4.609765472999925 ], [ -71.981148856999937, -4.605289597999956 ], [ -71.983856481999965, -4.603452347999962 ], [ -71.993733731999953, -4.609019472999933 ], [ -71.995239481999988, -4.612169222999967 ], [ -71.993871981999973, -4.614158472999975 ], [ -71.987904106999963, -4.61219684799994 ], [ -71.985666231999971, -4.613163847999942 ], [ -71.985445231999961, -4.61849609799998 ], [ -71.981729106999978, -4.622433222999973 ], [ -71.98120410699994, -4.626011222999978 ], [ -71.983221106999963, -4.627585972999952 ], [ -71.990059106999979, -4.625955847999933 ], [ -72.002188106999938, -4.629050347999964 ], [ -72.004867231999981, -4.63443359799993 ], [ -72.004094356999985, -4.642698847999952 ], [ -72.005987106999953, -4.645282222999981 ], [ -72.012631856999974, -4.639493972999958 ], [ -72.015546606999976, -4.631080972999939 ], [ -72.042443231999982, -4.622902972999952 ], [ -72.04258135699996, -4.627282097999966 ], [ -72.036917481999978, -4.638388847999977 ], [ -72.037939731999984, -4.642823222999937 ], [ -72.045910606999939, -4.644425722999927 ], [ -72.044749981999985, -4.650752722999925 ], [ -72.046421731999942, -4.654220097999939 ], [ -72.049529981999967, -4.653928347999965 ], [ -72.054444731999979, -4.649706847999937 ], [ -72.058104856999933, -4.649364722999962 ], [ -72.068193106999956, -4.659234847999926 ], [ -72.067751106999935, -4.661362097999927 ], [ -72.059918356999958, -4.667730472999949 ], [ -72.059669606999933, -4.673352972999965 ], [ -72.062466481999934, -4.676034347999973 ], [ -72.064988231999962, -4.676143597999953 ], [ -72.067226106999954, -4.666846472999964 ], [ -72.070803981999973, -4.662880722999944 ], [ -72.080280731999949, -4.668669847999979 ], [ -72.081883106999953, -4.673518722999972 ], [ -72.076384981999979, -4.677745847999972 ], [ -72.077421106999964, -4.681171847999963 ], [ -72.082283231999952, -4.683808597999928 ], [ -72.089370481999936, -4.68108897299993 ], [ -72.090560606999986, -4.689736722999953 ], [ -72.098543106999955, -4.697258722999948 ], [ -72.101306231999956, -4.705505847999973 ], [ -72.103999981999948, -4.706693847999929 ], [ -72.113202231999935, -4.705846597999937 ], [ -72.114581731999976, -4.708448347999934 ], [ -72.11274435699994, -4.712026222999953 ], [ -72.118725981999944, -4.711363097999936 ], [ -72.124670106999986, -4.715762472999927 ], [ -72.125142606999987, -4.718518222999933 ], [ -72.120549481999944, -4.72636547299993 ], [ -72.121765106999987, -4.730495972999961 ], [ -72.125110481999968, -4.733600597999953 ], [ -72.129749856999979, -4.735275722999972 ], [ -72.133079106999958, -4.733300347999943 ], [ -72.133420356999977, -4.728839722999965 ], [ -72.127261856999951, -4.722514347999947 ], [ -72.132125856999949, -4.719845097999951 ], [ -72.138176606999934, -4.712136722999958 ], [ -72.140356231999988, -4.711507972999925 ], [ -72.146727731999988, -4.72390672299997 ], [ -72.154463731999954, -4.725412347999963 ], [ -72.161509106999972, -4.728796847999945 ], [ -72.159312606999947, -4.735261972999979 ], [ -72.171897481999963, -4.733894347999978 ], [ -72.193226731999971, -4.745816097999978 ], [ -72.193558356999972, -4.747211347999951 ], [ -72.189430481999977, -4.747830722999936 ], [ -72.187355731999958, -4.750485347999927 ], [ -72.192364731999987, -4.762948347999952 ], [ -72.195034981999981, -4.763045097999964 ], [ -72.195820731999959, -4.76155147299994 ], [ -72.192522356999973, -4.756316222999942 ], [ -72.199360356999989, -4.758069472999978 ], [ -72.201584481999987, -4.751742472999979 ], [ -72.209279106999986, -4.747459972999934 ], [ -72.211461731999975, -4.753027222999947 ], [ -72.21881098199998, -4.753123847999973 ], [ -72.221919231999948, -4.75512697299996 ], [ -72.220551606999948, -4.758704847999979 ], [ -72.214721856999972, -4.758083222999971 ], [ -72.212511606999954, -4.759395597999969 ], [ -72.212704981999934, -4.763153097999975 ], [ -72.215081106999946, -4.767034972999966 ], [ -72.222098731999949, -4.772063347999961 ], [ -72.22437810699995, -4.771731847999945 ], [ -72.226588481999954, -4.768540722999944 ], [ -72.228550106999933, -4.768761722999955 ], [ -72.229199231999985, -4.775655097999959 ], [ -72.236548606999975, -4.775516972999981 ], [ -72.243510981999975, -4.78136047299995 ], [ -72.247337606999963, -4.77836272299993 ], [ -72.24992085699995, -4.766606722999938 ], [ -72.253021481999951, -4.764921847999972 ], [ -72.255722856999967, -4.765460097999949 ], [ -72.257946981999964, -4.769383347999963 ], [ -72.257974606999937, -4.775323597999943 ], [ -72.261428231999957, -4.780752597999935 ], [ -72.255142731999968, -4.785629097999959 ], [ -72.253885606999972, -4.790505472999939 ], [ -72.255142731999968, -4.792080347999956 ], [ -72.260778981999977, -4.786402722999981 ], [ -72.264425981999977, -4.785836222999933 ], [ -72.266774356999974, -4.788143222999963 ], [ -72.26962010699998, -4.797647597999969 ], [ -72.282923231999973, -4.797315972999968 ], [ -72.283517356999937, -4.793903847999957 ], [ -72.276582606999966, -4.788861597999926 ], [ -72.27683123199995, -4.77301659799997 ], [ -72.279704606999985, -4.770889097999941 ], [ -72.281831981999972, -4.782230722999941 ], [ -72.283268731999954, -4.783418722999954 ], [ -72.295273356999985, -4.776483847999941 ], [ -72.30142073199994, -4.775378847999946 ], [ -72.304459981999969, -4.789124097999945 ], [ -72.30650448199998, -4.790422597999964 ], [ -72.310760481999978, -4.788732722999953 ], [ -72.313190606999967, -4.785670472999925 ], [ -72.308590481999943, -4.779937597999947 ], [ -72.308714731999942, -4.776497722999977 ], [ -72.310496856999976, -4.774439472999973 ], [ -72.328040981999948, -4.781001222999976 ], [ -72.329021856999987, -4.784219972999949 ], [ -72.327437481999937, -4.786988347999966 ], [ -72.319710981999947, -4.78858534799997 ], [ -72.323012606999953, -4.796514722999973 ], [ -72.32189348199995, -4.809417347999954 ], [ -72.324877481999977, -4.813216347999969 ], [ -72.326176106999981, -4.810674472999949 ], [ -72.323357981999948, -4.805190222999954 ], [ -72.325264481999966, -4.801736597999934 ], [ -72.338650481999935, -4.804457972999955 ], [ -72.335956606999957, -4.796721972999933 ], [ -72.337752481999985, -4.793461972999978 ], [ -72.34186910699998, -4.794898472999932 ], [ -72.342822356999989, -4.803850222999927 ], [ -72.34483923199997, -4.806709722999926 ], [ -72.351386856999966, -4.805219472999966 ], [ -72.356933606999974, -4.805817347999948 ], [ -72.362468106999984, -4.803343972999926 ], [ -72.368051856999955, -4.802928597999937 ], [ -72.371381606999989, -4.805538972999955 ], [ -72.371719231999975, -4.808730972999967 ], [ -72.366520231999971, -4.815978222999945 ], [ -72.359549481999977, -4.819887847999951 ], [ -72.358843606999983, -4.823386847999927 ], [ -72.362925731999951, -4.825872972999946 ], [ -72.371504356999935, -4.821729472999948 ], [ -72.379330981999942, -4.823448222999957 ], [ -72.382093356999974, -4.824998222999966 ], [ -72.381725106999966, -4.826839847999963 ], [ -72.372962231999963, -4.829095722999966 ], [ -72.371749731999955, -4.831904097999939 ], [ -72.384073106999949, -4.830983222999976 ], [ -72.389444356999945, -4.834252097999979 ], [ -72.387802231999956, -4.83632384799995 ], [ -72.378565981999941, -4.834833472999946 ], [ -72.375340981999955, -4.83756697299998 ], [ -72.375770606999936, -4.840206472999967 ], [ -72.380957606999971, -4.844764347999956 ], [ -72.383720106999988, -4.849629222999965 ], [ -72.38368935699998, -4.854708847999973 ], [ -72.380251731999977, -4.85851484799997 ], [ -72.389674481999975, -4.861829597999929 ], [ -72.388155231999974, -4.86546672299994 ], [ -72.381310731999974, -4.869333972999925 ], [ -72.382016606999969, -4.872955722999961 ], [ -72.385914606999961, -4.874229472999957 ], [ -72.390549231999955, -4.868689472999961 ], [ -72.393817981999973, -4.872173097999962 ], [ -72.399158606999947, -4.873815222999951 ], [ -72.401982356999952, -4.877943347999974 ], [ -72.401521981999963, -4.885478472999978 ], [ -72.406110481999974, -4.888655222999944 ], [ -72.410238731999982, -4.885693347999961 ], [ -72.410775856999976, -4.878925472999981 ], [ -72.412402481999948, -4.876362722999943 ], [ -72.416837606999934, -4.87433697299997 ], [ -72.421855981999954, -4.875994347999949 ], [ -72.423405856999977, -4.878142847999925 ], [ -72.422991606999972, -4.881411597999943 ], [ -72.415026731999944, -4.887105222999935 ], [ -72.418142106999937, -4.892414972999973 ], [ -72.414658481999936, -4.899704597999971 ], [ -72.415655981999976, -4.900978347999967 ], [ -72.420183106999957, -4.899489722999931 ], [ -72.42833210699996, -4.901530847999936 ], [ -72.430004856999972, -4.904062972999952 ], [ -72.429866731999937, -4.909940597999935 ], [ -72.431201856999962, -4.91087684799993 ], [ -72.438491481999961, -4.908697597999947 ], [ -72.44123848199996, -4.899627847999966 ], [ -72.442957231999969, -4.89820059799996 ], [ -72.454666606999979, -4.900794222999934 ], [ -72.455326481999975, -4.898538347999931 ], [ -72.45305523199994, -4.893535347999943 ], [ -72.454513106999968, -4.891494222999938 ], [ -72.460406106999983, -4.893565972999966 ], [ -72.470427356999949, -4.89112597299993 ], [ -72.471070356999974, -4.893537097999968 ], [ -72.467224606999935, -4.897140597999964 ], [ -72.469190481999988, -4.905285472999935 ], [ -72.463218731999973, -4.902669972999945 ], [ -72.462273481999944, -4.909736472999953 ], [ -72.454881731999933, -4.911035347999928 ], [ -72.452248106999946, -4.912790972999971 ], [ -72.451348481999958, -4.915687972999933 ], [ -72.456768981999971, -4.917202222999947 ], [ -72.458414981999965, -4.924181097999963 ], [ -72.469934106999972, -4.922054472999946 ], [ -72.473733356999958, -4.92455409799993 ], [ -72.47715698199994, -4.931445222999969 ], [ -72.473865106999938, -4.940443097999946 ], [ -72.482028981999974, -4.950801722999927 ], [ -72.485534106999978, -4.951773597999932 ], [ -72.487954481999964, -4.950296972999979 ], [ -72.484201606999989, -4.94042122299993 ], [ -72.484750356999939, -4.937019472999964 ], [ -72.487731106999945, -4.933385097999974 ], [ -72.492102231999979, -4.934605347999934 ], [ -72.495196606999968, -4.943932597999947 ], [ -72.495042981999973, -4.948475347999931 ], [ -72.496776731999944, -4.949989722999931 ], [ -72.506740356999956, -4.945139597999969 ], [ -72.503514231999986, -4.938709347999975 ], [ -72.504940731999966, -4.935812472999942 ], [ -72.509000731999947, -4.937765722999927 ], [ -72.521158856999989, -4.932871722999948 ], [ -72.522190356999943, -4.934912722999968 ], [ -72.520961356999976, -4.939521347999971 ], [ -72.523243731999969, -4.946609972999966 ], [ -72.521268606999968, -4.957539097999927 ], [ -72.522168481999984, -4.960019097999975 ], [ -72.524033856999949, -4.959228972999938 ], [ -72.524955606999981, -4.954400972999963 ], [ -72.527251231999969, -4.953409597999951 ], [ -72.533295106999958, -4.961774722999962 ], [ -72.538803606999977, -4.964100972999972 ], [ -72.540493481999988, -4.961818597999979 ], [ -72.536345606999987, -4.95769272299998 ], [ -72.536894231999952, -4.953654722999943 ], [ -72.540646981999942, -4.95295234799994 ], [ -72.551936481999974, -4.955560722999962 ], [ -72.551845606999962, -4.963371972999937 ], [ -72.566962106999938, -4.975218722999955 ], [ -72.568000106999989, -4.983717597999942 ], [ -72.573906481999984, -4.983396597999956 ], [ -72.580365856999947, -4.98079809799998 ], [ -72.583544856999936, -4.982251472999963 ], [ -72.582675481999956, -4.995006347999947 ], [ -72.583973106999963, -4.997653347999972 ], [ -72.587372606999963, -4.997809097999948 ], [ -72.589539606999949, -4.995771972999933 ], [ -72.589098356999955, -4.986481472999969 ], [ -72.594614856999954, -4.982925972999965 ], [ -72.597337856999957, -4.983367347999945 ], [ -72.599037731999942, -4.986209097999961 ], [ -72.597182106999981, -4.991606847999947 ], [ -72.597830981999948, -4.994850722999956 ], [ -72.605486981999945, -4.99298684799993 ], [ -72.609132606999935, -4.994175972999926 ], [ -72.60978148199996, -4.997082472999978 ], [ -72.60853573199995, -4.998587597999972 ], [ -72.600114606999966, -4.998548722999942 ], [ -72.598505731999978, -5.001052972999958 ], [ -72.601879356999973, -5.004789972999959 ], [ -72.602151856999967, -5.011602097999969 ], [ -72.609275356999945, -5.013626347999946 ], [ -72.612233856999978, -5.016558722999946 ], [ -72.606057481999983, -5.030377722999958 ], [ -72.611107481999966, -5.03085159799997 ], [ -72.617115356999989, -5.035958097999981 ], [ -72.617280481999956, -5.045432597999934 ], [ -72.62119785699997, -5.051804097999934 ], [ -72.623498606999988, -5.050765847999969 ], [ -72.623876231999986, -5.042376722999961 ], [ -72.628808106999941, -5.038353222999945 ], [ -72.63067235699998, -5.039839972999971 ], [ -72.627734481999937, -5.044960722999974 ], [ -72.62841223199996, -5.050876722999931 ], [ -72.63313835699995, -5.058081097999946 ], [ -72.641421231999971, -5.062989472999959 ], [ -72.64319110699995, -5.061125347999962 ], [ -72.63823548199997, -5.053149222999934 ], [ -72.642011231999959, -5.044972472999973 ], [ -72.645916606999947, -5.049102097999935 ], [ -72.652358856999967, -5.05150909799994 ], [ -72.652193731999944, -5.059980847999952 ], [ -72.657373481999969, -5.06362672299997 ], [ -72.660275981999973, -5.061408472999972 ], [ -72.657668481999963, -5.057703597999932 ], [ -72.657491356999969, -5.054529722999973 ], [ -72.659473731999981, -5.053892472999962 ], [ -72.66264760699994, -5.058824472999959 ], [ -72.665986731999965, -5.059119472999953 ], [ -72.668995481999957, -5.048771722999959 ], [ -72.670827981999935, -5.047255347999965 ], [ -72.67183898199994, -5.051957472999959 ], [ -72.683378481999966, -5.051591722999945 ], [ -72.687661606999939, -5.059036847999948 ], [ -72.69245185699998, -5.060901097999931 ], [ -72.698905856999943, -5.057668222999951 ], [ -72.709017606999964, -5.048370597999963 ], [ -72.711153231999958, -5.048771722999959 ], [ -72.712639856999942, -5.05519034799994 ], [ -72.715188481999974, -5.057455847999961 ], [ -72.720545231999949, -5.056700722999949 ], [ -72.727648231999979, -5.051992847999941 ], [ -72.729146731999947, -5.053550347999931 ], [ -72.72555960699998, -5.058210972999973 ], [ -72.726220481999974, -5.061668097999927 ], [ -72.73411398199994, -5.059284597999977 ], [ -72.737603856999954, -5.061228347999929 ], [ -72.737012856999968, -5.067611097999929 ], [ -72.730668606999984, -5.069290222999939 ], [ -72.729866356999935, -5.074399097999958 ], [ -72.731624481999972, -5.077254472999925 ], [ -72.736049106999985, -5.074835722999978 ], [ -72.738090356999976, -5.075531847999969 ], [ -72.738090356999976, -5.08370859799993 ], [ -72.73986010699997, -5.088593347999961 ], [ -72.743470606999949, -5.087578597999936 ], [ -72.754774231999988, -5.076652722999938 ], [ -72.756366856999989, -5.076617347999957 ], [ -72.756378731999973, -5.082552222999936 ], [ -72.763316481999937, -5.086611097999935 ], [ -72.76061460699998, -5.089572722999947 ], [ -72.760520106999934, -5.09241622299993 ], [ -72.768024356999945, -5.099224222999965 ], [ -72.771929731999933, -5.098940972999969 ], [ -72.780082856999968, -5.092014972999948 ], [ -72.784188731999961, -5.093312847999925 ], [ -72.784239106999962, -5.095307972999933 ], [ -72.779056356999945, -5.102008722999926 ], [ -72.782784856999967, -5.105784472999972 ], [ -72.784118106999983, -5.112498097999946 ], [ -72.785946981999984, -5.113441972999965 ], [ -72.788412981999954, -5.111672097999929 ], [ -72.790524981999965, -5.105843472999936 ], [ -72.792696106999983, -5.105807847999927 ], [ -72.796459856999945, -5.109807847999946 ], [ -72.801026106999984, -5.111365347999936 ], [ -72.806170356999985, -5.109831472999929 ], [ -72.814606731999959, -5.102244722999956 ], [ -72.818311606999941, -5.102775597999937 ], [ -72.819680231999939, -5.106433347999939 ], [ -72.81599898199994, -5.115223597999943 ], [ -72.817461981999941, -5.12403747299993 ], [ -72.813000356999964, -5.134715847999928 ], [ -72.816683356999988, -5.139588472999947 ], [ -72.819845481999948, -5.132780472999968 ], [ -72.823904231999961, -5.132461972999977 ], [ -72.824647606999974, -5.135199347999958 ], [ -72.821792106999965, -5.141346597999927 ], [ -72.823479481999982, -5.144036722999942 ], [ -72.82725523199997, -5.144060347999925 ], [ -72.833555856999965, -5.13849122299996 ], [ -72.836776981999947, -5.143611972999963 ], [ -72.842487731999938, -5.143246222999949 ], [ -72.850121606999949, -5.145818347999978 ], [ -72.851224356999978, -5.143776597999931 ], [ -72.848292731999948, -5.138066472999981 ], [ -72.849271981999948, -5.136048847999973 ], [ -72.854968356999962, -5.138695347999942 ], [ -72.867202106999969, -5.133837222999944 ], [ -72.876901481999937, -5.128804847999959 ], [ -72.882917106999969, -5.122146722999958 ], [ -72.899839731999975, -5.123478347999935 ], [ -72.907585981999944, -5.122412097999927 ], [ -72.912787481999942, -5.119895972999927 ], [ -72.919814481999936, -5.113767597999981 ], [ -72.936364981999986, -5.104278722999936 ], [ -72.946358731999965, -5.095255847999965 ], [ -72.952320731999976, -5.088102722999963 ], [ -72.957404856999972, -5.077988722999976 ], [ -72.976657106999937, -5.064442597999971 ], [ -72.984855481999944, -5.052566222999928 ], [ -72.987885607999942, -5.053022597999927 ], [ -72.993915607999952, -5.058923347999951 ], [ -73.003289732999974, -5.057579972999974 ], [ -73.014883107999935, -5.054192472999944 ], [ -73.02691460799997, -5.047709597999926 ], [ -73.053866857999935, -5.037248722999948 ], [ -73.071133982999982, -5.020956847999969 ], [ -73.098100607999982, -5.00079647299998 ], [ -73.114317982999978, -4.997790222999981 ], [ -73.169917982999948, -4.99800197299993 ], [ -73.184465107999984, -4.993921972999942 ], [ -73.213564482999971, -4.979660097999954 ], [ -73.236244107999937, -4.970566347999977 ], [ -73.16432223299995, -4.880054722999944 ], [ -73.121708982999962, -4.808533222999927 ], [ -73.102152357999955, -4.789773472999968 ], [ -73.103336482999964, -4.779673472999946 ], [ -73.111199232999979, -4.755316347999951 ], [ -73.125716732999933, -4.719761722999976 ], [ -73.128494232999969, -4.708402347999936 ], [ -73.129439482999942, -4.695544972999926 ], [ -73.063257732999944, -4.669731347999971 ], [ -73.035242732999961, -4.632538722999925 ], [ -73.035001982999972, -4.554062472999931 ], [ -73.030764857999941, -4.538796472999934 ], [ -73.025829482999939, -4.529581597999936 ], [ -73.014699232999988, -4.515316347999942 ], [ -73.006765732999952, -4.507851597999945 ], [ -72.96984460699997, -4.488112847999957 ], [ -72.955983731999936, -4.475519347999978 ], [ -72.934677731999955, -4.467095722999943 ], [ -72.905728481999972, -4.468113222999932 ], [ -72.882017481999981, -4.487002097999948 ], [ -72.859955106999962, -4.486046847999944 ], [ -72.84026360699994, -4.494533222999962 ], [ -72.822585981999964, -4.498095722999949 ], [ -72.811441356999978, -4.498540972999933 ], [ -72.795773106999945, -4.496193097999935 ], [ -72.787892356999976, -4.492366972999946 ], [ -72.783380856999941, -4.488455097999974 ], [ -72.76573635699998, -4.446085972999981 ], [ -72.757783231999952, -4.414363222999953 ], [ -72.756562481999936, -4.382718722999925 ], [ -72.672193981999953, -4.398593597999934 ], [ -72.635095731999968, -4.39913084799997 ], [ -72.632697231999941, -4.397788847999948 ], [ -72.603240231999962, -4.35879684799994 ], [ -72.602939106999941, -4.355233222999971 ], [ -72.62856060699994, -4.303654347999952 ], [ -72.605027356999983, -4.301746097999967 ], [ -72.580777356999988, -4.303527347999932 ], [ -72.571815481999977, -4.297955472999945 ], [ -72.561888606999958, -4.294832472999929 ], [ -72.539786481999954, -4.293883472999937 ], [ -72.535789106999971, -4.295111347999978 ], [ -72.503188981999983, -4.318503472999964 ], [ -72.497992106999959, -4.319388597999932 ], [ -72.481765606999943, -4.293296847999954 ], [ -72.387756606999972, -4.208531347999951 ], [ -72.388680981999983, -4.203318972999966 ], [ -72.429025356999944, -4.17981059799996 ], [ -72.434512856999959, -4.172126472999935 ], [ -72.43674348199994, -4.161530472999971 ], [ -72.427151356999957, -4.132753846999947 ], [ -72.425768356999981, -4.119051346999925 ], [ -72.424397856999974, -4.116081721999933 ], [ -72.408978981999951, -4.101062596999952 ], [ -72.411040481999976, -4.09100472199998 ], [ -72.403896356999951, -4.086585971999966 ], [ -72.395594856999935, -4.057240346999947 ], [ -72.38645773199994, -4.050672971999973 ], [ -72.383259731999942, -4.042763721999961 ], [ -72.374586981999983, -4.048652096999945 ], [ -72.368000231999986, -4.049390221999943 ], [ -72.352814856999942, -4.04753397199994 ], [ -72.317122981999944, -4.038373096999976 ], [ -72.199480481999956, -4.027664096999956 ], [ -72.156777356999953, -4.024593721999963 ], [ -72.113341856999966, -4.027320471999928 ], [ -72.077468731999943, -4.041556596999953 ], [ -72.044474606999984, -4.059415971999954 ], [ -72.013240231999987, -4.088119221999932 ], [ -72.005886231999966, -4.09294072199998 ], [ -71.997364356999981, -4.096371221999959 ], [ -71.978468606999968, -4.099130596999942 ], [ -71.957662356999947, -4.108983971999976 ], [ -71.946012606999943, -4.116921971999943 ], [ -71.908783355999958, -4.148233346999973 ], [ -71.882944230999954, -4.16276897299997 ], [ -71.868042855999988, -4.16392897299994 ], [ -71.854029605999983, -4.160096972999952 ], [ -71.834111480999979, -4.15864172299996 ], [ -71.819823980999956, -4.16054184799998 ], [ -71.80120698099995, -4.159228347999942 ], [ -71.788814730999945, -4.155973222999933 ], [ -71.771397105999938, -4.154545472999928 ], [ -71.76076560599995, -4.150580096999931 ], [ -71.740106855999954, -4.136233971999957 ], [ -71.732902355999954, -4.133214846999977 ], [ -71.72345910599995, -4.131233596999948 ], [ -71.720524355999942, -4.132993971999952 ], [ -71.712273230999983, -4.131469846999948 ], [ -71.680939605999981, -4.146388221999928 ], [ -71.674022480999952, -4.147368846999939 ], [ -71.662407855999959, -4.145407471999931 ], [ -71.627197230999968, -4.158218722999948 ], [ -71.621317855999962, -4.157951222999941 ], [ -71.614379480999958, -4.153548972999943 ], [ -71.607535730999984, -4.152481721999948 ], [ -71.591072230999941, -4.153511722999951 ], [ -71.549926730999971, -4.171372597999948 ], [ -71.515057980999984, -4.19643272299993 ], [ -71.505158230999939, -4.20015822299996 ], [ -71.460936980999975, -4.206741597999951 ], [ -71.447219605999976, -4.212365597999963 ], [ -71.429059480999967, -4.222587722999947 ], [ -71.416485105999982, -4.225079972999936 ], [ -71.39623248099997, -4.235765597999944 ], [ -71.373183605999941, -4.244171847999951 ], [ -71.319347605999951, -4.248172347999969 ], [ -71.29925973099995, -4.245257847999937 ], [ -71.270269480999957, -4.247749972999941 ], [ -71.264902355999936, -4.244952972999954 ], [ -71.24651948099995, -4.228683597999975 ], [ -71.227759855999977, -4.222060847999956 ], [ -71.209085855999945, -4.219694847999961 ], [ -71.183564855999975, -4.204187222999963 ], [ -71.17562335599996, -4.201331847999938 ], [ -71.159205105999945, -4.199725722999972 ], [ -71.125452105999955, -4.200531222999928 ], [ -71.119627230999981, -4.198589597999955 ], [ -71.112799480999968, -4.19362947299993 ], [ -71.093529355999976, -4.188224597999977 ], [ -71.083653855999955, -4.181624597999928 ], [ -71.072061230999964, -4.177398722999953 ], [ -71.048932855999965, -4.181110722999961 ], [ -71.038888105999945, -4.177577097999972 ], [ -71.022779480999986, -4.176629347999949 ], [ -71.009816357999966, -4.17337424599998 ], [ -70.986128980999979, -4.171482097999956 ], [ -70.980387355999937, -4.169568222999942 ], [ -70.950777355999946, -4.155206972999963 ], [ -70.925285105999933, -4.147218721999934 ], [ -70.906941855999946, -4.139627596999958 ], [ -70.884804730999974, -4.121460471999967 ], [ -70.858773480999957, -4.110296846999972 ], [ -70.851197230999958, -4.104945346999955 ], [ -70.830128854999941, -4.083138721999944 ], [ -70.816041354999982, -4.077399721999939 ], [ -70.794042979999972, -4.074294596999948 ], [ -70.786561979999988, -4.069668971999931 ], [ -70.743919979999987, -4.030665971999952 ], [ -70.730268979999948, -4.026228596999943 ], [ -70.707982479999941, -4.029460971999981 ], [ -70.693991104999952, -4.025834721999956 ], [ -70.683257854999965, -4.020837846999939 ], [ -70.675519604999977, -4.019743096999946 ] ] ] } },
{ "type": "Feature", "properties": { "UBIGEO_INEI": "060902", "DEPARTAMEN": "CAJAMARCA", "PROVINCIA": "SAN IGNACIO", "DISTRITO": "CHIRINOS" }, "geometry": { "type": "Polygon", "coordinates": [ [ [ -78.910960737999972, -5.191007597999942 ], [ -78.903700737999941, -5.192757597999957 ], [ -78.898806862999947, -5.192162472999939 ], [ -78.900406987999986, -5.199928472999943 ], [ -78.898512737999965, -5.205391847999977 ], [ -78.89400311299994, -5.209594472999925 ], [ -78.892263987999968, -5.21740422299996 ], [ -78.889676737999935, -5.220060847999946 ], [ -78.886153862999947, -5.221146597999962 ], [ -78.874014362999958, -5.230664098999966 ], [ -78.87008723799994, -5.23086047399994 ], [ -78.865212987999939, -5.234371723999971 ], [ -78.860015362999945, -5.233078098999954 ], [ -78.854217112999947, -5.239061223999954 ], [ -78.845727487999966, -5.238726223999947 ], [ -78.842504987999973, -5.243184723999946 ], [ -78.83880886299994, -5.242815098999927 ], [ -78.83548223799994, -5.245621848999974 ], [ -78.830966112999988, -5.246649848999937 ], [ -78.822931487999938, -5.255613473999972 ], [ -78.815371112999969, -5.256099598999981 ], [ -78.812915487999987, -5.257864348999931 ], [ -78.815025987999945, -5.264561848999961 ], [ -78.811379487999943, -5.268490348999933 ], [ -78.809216737999975, -5.274916098999938 ], [ -78.808234612999968, -5.280307473999926 ], [ -78.809989862999942, -5.287098973999946 ], [ -78.806520987999988, -5.289000598999962 ], [ -78.812670862999937, -5.298891598999944 ], [ -78.812017862999937, -5.303675098999975 ], [ -78.804981487999953, -5.306140223999932 ], [ -78.797308487999942, -5.312425598999937 ], [ -78.797538987999985, -5.320893098999932 ], [ -78.792998487999967, -5.327265598999929 ], [ -78.794467862999966, -5.336456848999944 ], [ -78.789537362999965, -5.342758598999978 ], [ -78.787365987999976, -5.354562098999963 ], [ -78.778773487999956, -5.368911473999958 ], [ -78.767908862999946, -5.370208348999938 ], [ -78.760781237999936, -5.374140598999929 ], [ -78.766250862999982, -5.377741223999976 ], [ -78.773060362999956, -5.387798973999963 ], [ -78.777925737999965, -5.391456223999967 ], [ -78.78033886299994, -5.400147598999979 ], [ -78.778396112999985, -5.411479098999962 ], [ -78.783555737999961, -5.420856598999933 ], [ -78.783616987999949, -5.426020348999941 ], [ -78.786675737999985, -5.428464223999981 ], [ -78.803706987999988, -5.43268347399993 ], [ -78.809380487999988, -5.438596848999964 ], [ -78.818918737999979, -5.43777522399995 ], [ -78.827943612999945, -5.443784598999969 ], [ -78.832420862999982, -5.443910723999977 ], [ -78.835017987999947, -5.439389973999937 ], [ -78.847837987999981, -5.42945997399994 ], [ -78.847569362999934, -5.420086098999946 ], [ -78.842563612999982, -5.402414223999926 ], [ -78.849813612999981, -5.391944223999928 ], [ -78.854343612999969, -5.390734223999971 ], [ -78.853699862999974, -5.381461223999963 ], [ -78.855126487999939, -5.377261973999964 ], [ -78.868012612999962, -5.373252598999954 ], [ -78.871272487999988, -5.373966348999943 ], [ -78.876910362999979, -5.371317598999951 ], [ -78.879838612999947, -5.364186848999964 ], [ -78.882455987999947, -5.363734723999926 ], [ -78.882551112999977, -5.361902598999961 ], [ -78.887524237999969, -5.357809848999977 ], [ -78.888238112999943, -5.35485934899998 ], [ -78.891045862999988, -5.35271784899993 ], [ -78.890550362999988, -5.35011759899993 ], [ -78.895310362999965, -5.347037598999975 ], [ -78.896990362999986, -5.341097598999966 ], [ -78.904197987999964, -5.333842473999937 ], [ -78.905357987999935, -5.334532473999957 ], [ -78.908035237999968, -5.332397223999976 ], [ -78.916363237999974, -5.33320622399998 ], [ -78.920574987999942, -5.32913734899995 ], [ -78.926928112999974, -5.326305848999937 ], [ -78.933971362999955, -5.32870909899998 ], [ -78.941299987999969, -5.327186223999945 ], [ -78.950056487999973, -5.32844734899993 ], [ -78.950675112999988, -5.327043473999936 ], [ -78.961420362999945, -5.323689973999933 ], [ -78.987302112999942, -5.329439973999968 ], [ -78.995075862999954, -5.326805473999968 ], [ -78.999603542999978, -5.32296288799995 ], [ -78.99618855999995, -5.309120918999952 ], [ -79.002449309999975, -5.303144748999955 ], [ -79.005357112999945, -5.298229098999968 ], [ -79.005904919999978, -5.293225117999953 ], [ -79.01055211299996, -5.290573473999928 ], [ -79.015200237999977, -5.285105098999964 ], [ -79.016567237999936, -5.281459473999973 ], [ -79.014926737999986, -5.278087348999975 ], [ -79.015838112999973, -5.268062098999962 ], [ -79.008364737999955, -5.264598723999939 ], [ -79.004447237999955, -5.254628848999971 ], [ -78.999020737999956, -5.249987598999951 ], [ -78.988840737999965, -5.248097598999948 ], [ -78.98253073799998, -5.249337598999944 ], [ -78.970350737999979, -5.238877598999977 ], [ -78.961490737999952, -5.239007598999933 ], [ -78.960002612999972, -5.237647098999958 ], [ -78.954791612999941, -5.229414098999939 ], [ -78.95226073799995, -5.220537597999964 ], [ -78.952660737999963, -5.214947597999981 ], [ -78.950630737999973, -5.212927597999965 ], [ -78.950960737999935, -5.20926759799994 ], [ -78.942360737999934, -5.200517597999976 ], [ -78.931910737999942, -5.198367597999948 ], [ -78.924450737999962, -5.199767597999937 ], [ -78.91480073799994, -5.191627597999968 ], [ -78.910960737999972, -5.191007597999942 ] ] ] } },
{ "type": "Feature", "properties": { "UBIGEO_INEI": "060702", "DEPARTAMEN": "CAJAMARCA", "PROVINCIA": "HUALGAYOC", "DISTRITO": "CHUGUR" }, "geometry": { "type": "Polygon", "coordinates": [ [ [ -78.74349998799994, -6.626459974999932 ], [ -78.729509987999961, -6.633109974999968 ], [ -78.721623112999964, -6.629178474999947 ], [ -78.717959862999976, -6.633815474999949 ], [ -78.71391123799998, -6.634462849999977 ], [ -78.710093737999955, -6.641337599999929 ], [ -78.705035112999951, -6.641654224999968 ], [ -78.68602773799995, -6.652125349999949 ], [ -78.677306362999957, -6.659834849999925 ], [ -78.658542987999965, -6.663822724999932 ], [ -78.65526523799997, -6.670449349999956 ], [ -78.655973112999959, -6.677988849999963 ], [ -78.653981487999943, -6.680462224999928 ], [ -78.651778362999949, -6.68065947499997 ], [ -78.650693987999944, -6.690227474999972 ], [ -78.656882487999951, -6.695132224999952 ], [ -78.659219612999948, -6.700168599999927 ], [ -78.664716862999967, -6.701057349999928 ], [ -78.665836112999955, -6.705435349999959 ], [ -78.653952737999987, -6.720643349999932 ], [ -78.654545362999954, -6.724955474999945 ], [ -78.661655487999951, -6.727588974999946 ], [ -78.667003612999963, -6.72717847499996 ], [ -78.671392362999939, -6.735141724999949 ], [ -78.679057612999941, -6.740787849999947 ], [ -78.682520112999953, -6.740621224999927 ], [ -78.684482862999971, -6.743602474999932 ], [ -78.689025362999985, -6.746070349999968 ], [ -78.690682987999935, -6.743743599999959 ], [ -78.694168112999989, -6.742835224999965 ], [ -78.703158862999942, -6.751028849999955 ], [ -78.706373237999969, -6.750797474999956 ], [ -78.718414112999938, -6.739673849999974 ], [ -78.722102487999962, -6.734221349999927 ], [ -78.722324237999942, -6.727599099999964 ], [ -78.725441112999988, -6.723601349999967 ], [ -78.725441112999988, -6.714679724999939 ], [ -78.730251987999964, -6.713143849999938 ], [ -78.739964112999985, -6.704448099999979 ], [ -78.744142612999951, -6.698169099999973 ], [ -78.745000862999973, -6.694081099999948 ], [ -78.752996487999951, -6.683826849999946 ], [ -78.757445987999972, -6.67194647499997 ], [ -78.769461862999947, -6.651076724999939 ], [ -78.767519362999963, -6.645949599999938 ], [ -78.760839987999987, -6.64057997499998 ], [ -78.758299987999976, -6.63227997499996 ], [ -78.75284998799998, -6.632319974999973 ], [ -78.74349998799994, -6.626459974999932 ] ] ] } },
{ "type": "Feature", "properties": { "UBIGEO_INEI": "200406", "DEPARTAMEN": "PIURA", "PROVINCIA": "MORROPON", "DISTRITO": "SALITRAL" }, "geometry": { "type": "Polygon", "coordinates": [ [ [ -79.825900363999949, -5.263341848999971 ], [ -79.827986363999969, -5.26831247399997 ], [ -79.829773489, -5.286701223999955 ], [ -79.819267613999955, -5.291644473999952 ], [ -79.815622988999962, -5.303734348999967 ], [ -79.818769363999934, -5.310808598999927 ], [ -79.814076113999988, -5.323429723999936 ], [ -79.80796098899998, -5.32787497399994 ], [ -79.802699238999935, -5.335802723999961 ], [ -79.794150363999961, -5.340660098999933 ], [ -79.78748236399997, -5.341800848999981 ], [ -79.783085988999972, -5.340835973999958 ], [ -79.773939488999986, -5.345792973999949 ], [ -79.765191363999975, -5.344974598999954 ], [ -79.761066363999987, -5.351517598999976 ], [ -79.759935488999986, -5.360293098999932 ], [ -79.751859363999984, -5.360228473999939 ], [ -79.748568363999937, -5.361863223999933 ], [ -79.745978488999981, -5.367523473999938 ], [ -79.735949363999964, -5.371833973999969 ], [ -79.732595738999976, -5.375126973999954 ], [ -79.733025363999957, -5.378980473999945 ], [ -79.740357363999976, -5.380933598999945 ], [ -79.746050738999941, -5.391257848999942 ], [ -79.76482423899995, -5.403783223999937 ], [ -79.764148488999979, -5.409492098999976 ], [ -79.767746113999976, -5.416328098999941 ], [ -79.768589988999963, -5.425029973999926 ], [ -79.760379988999944, -5.440098723999938 ], [ -79.748597613999948, -5.446790973999953 ], [ -79.741042988999936, -5.447023473999934 ], [ -79.73365223899998, -5.443978473999948 ], [ -79.719185488999983, -5.454580098999941 ], [ -79.691031238999983, -5.459031223999943 ], [ -79.677763613999957, -5.464490348999959 ], [ -79.668988238999987, -5.471607473999939 ], [ -79.661093738999966, -5.47244722399995 ], [ -79.654732363999983, -5.470095723999975 ], [ -79.648999988999947, -5.473937473999968 ], [ -79.644464863999985, -5.474966848999941 ], [ -79.642482363999989, -5.484126973999935 ], [ -79.647509738999986, -5.489515598999958 ], [ -79.651730488999988, -5.500517598999977 ], [ -79.648726613999941, -5.507130848999964 ], [ -79.650533238999969, -5.522351598999933 ], [ -79.655779988999939, -5.522849973999939 ], [ -79.658849988999975, -5.524929973999974 ], [ -79.66163998899998, -5.532069973999967 ], [ -79.666939988999957, -5.531379973999947 ], [ -79.669109988999935, -5.528829973999962 ], [ -79.672379988999978, -5.528239973999973 ], [ -79.682369988999938, -5.530939973999978 ], [ -79.684579988999985, -5.529199973999937 ], [ -79.684199988999978, -5.525219973999981 ], [ -79.68658998899997, -5.52120997399993 ], [ -79.689669988999981, -5.519799973999966 ], [ -79.704629988999955, -5.503449973999977 ], [ -79.711775363999948, -5.499257973999931 ], [ -79.716929988999937, -5.485999973999981 ], [ -79.725129988999981, -5.479439973999945 ], [ -79.729634738999948, -5.473478473999933 ], [ -79.730355488999976, -5.484289098999966 ], [ -79.734708988999955, -5.492486348999932 ], [ -79.734783238999967, -5.500466848999963 ], [ -79.73760348899998, -5.509558598999945 ], [ -79.741876988999934, -5.515773598999942 ], [ -79.749183613999946, -5.519617223999944 ], [ -79.750519488999942, -5.524146473999963 ], [ -79.757072238999967, -5.53075784899994 ], [ -79.75704686399996, -5.538935598999956 ], [ -79.758331988999942, -5.541033223999932 ], [ -79.765068363999944, -5.545300723999958 ], [ -79.773234363999961, -5.553929723999943 ], [ -79.777046863999942, -5.56191597399993 ], [ -79.786669863999975, -5.563191348999965 ], [ -79.800736363999988, -5.562263723999934 ], [ -79.802220738999949, -5.568126848999952 ], [ -79.810349738999946, -5.574697223999976 ], [ -79.831654238999988, -5.60249609899995 ], [ -79.832025363999946, -5.611812473999976 ], [ -79.839437488999977, -5.630027348999931 ], [ -79.852773488999958, -5.602533223999956 ], [ -79.853912113999968, -5.598236348999933 ], [ -79.852681738999934, -5.59509959899998 ], [ -79.857585988999972, -5.587494098999969 ], [ -79.860138488999951, -5.575290973999927 ], [ -79.858443363999982, -5.571347598999978 ], [ -79.864419863999956, -5.563419973999942 ], [ -79.864564488999974, -5.557800723999947 ], [ -79.86256248899997, -5.552414098999975 ], [ -79.864095738999936, -5.548683598999958 ], [ -79.861673863999954, -5.541501973999971 ], [ -79.853996113999983, -5.530744098999946 ], [ -79.862312488999976, -5.521287098999949 ], [ -79.86910348899994, -5.519675848999952 ], [ -79.872302738999963, -5.513984223999955 ], [ -79.877505863999943, -5.509636723999961 ], [ -79.879027363999967, -5.499273473999949 ], [ -79.882650363999971, -5.494081973999926 ], [ -79.895363238999948, -5.482132848999925 ], [ -79.898351738999963, -5.48038672399997 ], [ -79.90154298899995, -5.481017598999927 ], [ -79.902334113999984, -5.489374973999929 ], [ -79.904845863999981, -5.493414098999949 ], [ -79.916982363999978, -5.498720723999952 ], [ -79.923107363999975, -5.505179723999959 ], [ -79.932460988999935, -5.50536722399994 ], [ -79.936380988999986, -5.515037098999926 ], [ -79.939734363999946, -5.516833973999951 ], [ -79.945872988999952, -5.514996098999973 ], [ -79.956455113999937, -5.506357473999969 ], [ -79.955640613999947, -5.490433598999971 ], [ -79.957617238999944, -5.48706247399997 ], [ -79.955640613999947, -5.482064473999969 ], [ -79.94650986399995, -5.473890598999958 ], [ -79.942505863999941, -5.458581973999969 ], [ -79.943494113999975, -5.444578098999955 ], [ -79.947271488999945, -5.438765598999964 ], [ -79.947677738999971, -5.432429723999974 ], [ -79.946923863999984, -5.429757848999941 ], [ -79.941458863999969, -5.425804723999931 ], [ -79.943726613999956, -5.415458973999932 ], [ -79.939193363999948, -5.388898473999973 ], [ -79.937275363999959, -5.385003848999929 ], [ -79.938124988999959, -5.373484348999966 ], [ -79.936833988999979, -5.371169848999955 ], [ -79.931212863999974, -5.36799409899993 ], [ -79.928136738999967, -5.362769473999947 ], [ -79.92277936399995, -5.360521473999938 ], [ -79.922712863999948, -5.355460973999925 ], [ -79.917787113999964, -5.352187473999948 ], [ -79.911205113999983, -5.344050723999942 ], [ -79.907435488999965, -5.343027348999954 ], [ -79.905681613999946, -5.339818348999927 ], [ -79.900160113999959, -5.341173848999972 ], [ -79.89923448899998, -5.340017598999964 ], [ -79.898474613999952, -5.33353509899996 ], [ -79.909353488999955, -5.31461909899997 ], [ -79.90862698899997, -5.302085973999965 ], [ -79.911138613999981, -5.29626559899998 ], [ -79.908095738999975, -5.294181598999955 ], [ -79.901410113999987, -5.293326223999941 ], [ -79.896984363999934, -5.285216848999937 ], [ -79.893910113999937, -5.283533223999939 ], [ -79.879556613999966, -5.279068348999942 ], [ -79.870626988999959, -5.270998098999939 ], [ -79.866193363999969, -5.264484348999929 ], [ -79.861599613999942, -5.266831973999956 ], [ -79.858490238999934, -5.266103473999976 ], [ -79.853165989, -5.267890598999941 ], [ -79.825900363999949, -5.263341848999971 ] ] ] } }
]
}
