{
"type": "FeatureCollection",
"name": "distritos_contexto",
"crs": { "type": "name", "properties": { "name": "urn:ogc:def:crs:OGC:1.3:CRS84" } },
"xy_coordinate_resolution": 1e-05,
"features": [
{ "type": "Feature", "properties": { "UBIGEO_INEI": "030713", "DEPARTAMEN": "APURIMAC", "PROVINCIA": "GRAU", "DISTRITO": "VIRUNDO" }, "geometry": { "type": "Polygon", "coordinates": [ [ [ -72.67568, -14.22458 ], [ -72.66647, -14.2344 ], [ -72.67424, -14.24943 ], [ -72.65915, -14.2622 ], [ -72.64458, -14.26202 ], [ -72.62184, -14.29046 ], [ -72.62333, -14.3073 ], [ -72.6365, -14.31953 ], [ -72.62699, -14.3427 ], [ -72.63496, -14.35555 ], [ -72.66489, -14.35401 ], [ -72.67045, -14.36217 ], [ -72.70969, -14.34222 ], [ -72.69542, -14.32051 ], [ -72.70888, -14.30748 ], [ -72.70838, -14.2764 ], [ -72.7304, -14.26047 ], [ -72.74924, -14.25965 ], [ -72.74146, -14.24422 ], [ -72.71878, -14.22764 ], [ -72.67568, -14.22458 ] ] ] } },
{ "type": "Feature", "properties": { "UBIGEO_INEI": "030705", "DEPARTAMEN": "APURIMAC", "PROVINCIA": "GRAU", "DISTRITO": "MAMARA" }, "geometry": { "type": "Polygon", "coordinates": [ [ [ -72.56789, -14.17348 ], [ -72.50991, -14.19586 ], [ -72.50771, -14.20715 ], [ -72.51796, -14.22171 ], [ -72.54607, -14.23095 ], [ -72.57091, -14.25464 ], [ -72.60314, -14.23902 ], [ -72.62081, -14.21878 ], [ -72.62739, -14.19486 ], [ -72.60171, -14.20653 ], [ -72.56789, -14.17348 ] ] ] } },
{ "type": "Feature", "properties": { "UBIGEO_INEI": "030711", "DEPARTAMEN": "APURIMAC", "PROVINCIA": "GRAU", "DISTRITO": "TURPAY" }, "geometry": { "type": "Polygon", "coordinates": [ [ [ -72.64329, -14.15701 ], [ -72.6242, -14.18621 ], [ -72.62081, -14.21878 ], [ -72.60079, -14.23851 ], [ -72.61643, -14.28411 ], [ -72.67424, -14.24943 ], [ -72.6664, -14.24153 ], [ -72.67355, -14.22398 ], [ -72.64314, -14.19695 ], [ -72.64329, -14.15701 ] ] ] } },
{ "type": "Feature", "properties": { "UBIGEO_INEI": "030709", "DEPARTAMEN": "APURIMAC", "PROVINCIA": "GRAU", "DISTRITO": "SAN ANTONIO" }, "geometry": { "type": "Polygon", "coordinates": [ [ [ -72.64367, -14.15217 ], [ -72.5983, -14.15618 ], [ -72.56789, -14.17348 ], [ -72.6023, -14.2064 ], [ -72.60877, -14.19832 ], [ -72.62189, -14.19847 ], [ -72.64367, -14.15217 ] ] ] } },
{ "type": "Feature", "properties": { "UBIGEO_INEI": "030707", "DEPARTAMEN": "APURIMAC", "PROVINCIA": "GRAU", "DISTRITO": "PATAYPAMPA" }, "geometry": { "type": "Polygon", "coordinates": [ [ [ -72.68916, -14.15062 ], [ -72.67544, -14.15811 ], [ -72.6433, -14.15171 ], [ -72.64314, -14.19695 ], [ -72.67381, -14.22489 ], [ -72.71878, -14.22764 ], [ -72.78552, -14.29085 ], [ -72.79605, -14.29229 ], [ -72.79928, -14.27032 ], [ -72.81149, -14.26555 ], [ -72.83786, -14.27974 ], [ -72.86334, -14.27759 ], [ -72.87287, -14.26897 ], [ -72.86726, -14.25911 ], [ -72.87961, -14.24463 ], [ -72.85929, -14.22742 ], [ -72.83797, -14.23031 ], [ -72.83143, -14.21763 ], [ -72.81388, -14.21497 ], [ -72.81398, -14.20821 ], [ -72.78377, -14.21045 ], [ -72.77388, -14.21959 ], [ -72.76102, -14.20575 ], [ -72.73124, -14.20419 ], [ -72.72094, -14.21318 ], [ -72.70999, -14.20518 ], [ -72.68916, -14.15062 ] ] ] } },
{ "type": "Feature", "properties": { "UBIGEO_INEI": "030710", "DEPARTAMEN": "APURIMAC", "PROVINCIA": "GRAU", "DISTRITO": "SANTA ROSA" }, "geometry": { "type": "Polygon", "coordinates": [ [ [ -72.65668, -14.08573 ], [ -72.63552, -14.09507 ], [ -72.64303, -14.12259 ], [ -72.6395, -14.14795 ], [ -72.65894, -14.15756 ], [ -72.68715, -14.15551 ], [ -72.68402, -14.13033 ], [ -72.65668, -14.08573 ] ] ] } },
{ "type": "Feature", "properties": { "UBIGEO_INEI": "030701", "DEPARTAMEN": "APURIMAC", "PROVINCIA": "GRAU", "DISTRITO": "CHUQUIBAMBILLA" }, "geometry": { "type": "Polygon", "coordinates": [ [ [ -72.7574, -13.9636 ], [ -72.70683, -13.99565 ], [ -72.71873, -14.00632 ], [ -72.72144, -14.02139 ], [ -72.69437, -14.04618 ], [ -72.67948, -14.07281 ], [ -72.63713, -14.06641 ], [ -72.67512, -14.1103 ], [ -72.71101, -14.20594 ], [ -72.7217, -14.21337 ], [ -72.73124, -14.20419 ], [ -72.76102, -14.20575 ], [ -72.77388, -14.21959 ], [ -72.78377, -14.21045 ], [ -72.81398, -14.20821 ], [ -72.81388, -14.21497 ], [ -72.83143, -14.21763 ], [ -72.83797, -14.23031 ], [ -72.85929, -14.22742 ], [ -72.87961, -14.24463 ], [ -72.902, -14.2241 ], [ -72.88688, -14.20149 ], [ -72.89543, -14.17707 ], [ -72.88701, -14.14628 ], [ -72.87476, -14.13493 ], [ -72.87562, -14.12287 ], [ -72.85729, -14.11258 ], [ -72.85736, -14.0961 ], [ -72.82602, -14.09704 ], [ -72.81104, -14.08908 ], [ -72.79435, -14.05507 ], [ -72.80613, -14.03107 ], [ -72.79096, -14.00298 ], [ -72.79104, -13.98293 ], [ -72.76325, -13.97897 ], [ -72.7574, -13.9636 ] ] ] } },
{ "type": "Feature", "properties": { "UBIGEO_INEI": "030712", "DEPARTAMEN": "APURIMAC", "PROVINCIA": "GRAU", "DISTRITO": "VILCABAMBA" }, "geometry": { "type": "Polygon", "coordinates": [ [ [ -72.63441, -14.06301 ], [ -72.61663, -14.0673 ], [ -72.62584, -14.08345 ], [ -72.63968, -14.09354 ], [ -72.65668, -14.08573 ], [ -72.63441, -14.06301 ] ] ] } },
{ "type": "Feature", "properties": { "UBIGEO_INEI": "030706", "DEPARTAMEN": "APURIMAC", "PROVINCIA": "GRAU", "DISTRITO": "MICAELA BASTIDAS" }, "geometry": { "type": "Polygon", "coordinates": [ [ [ -72.61229, -14.06237 ], [ -72.59587, -14.07798 ], [ -72.58856, -14.10577 ], [ -72.54647, -14.12068 ], [ -72.54101, -14.14419 ], [ -72.49856, -14.16424 ], [ -72.48434, -14.20022 ], [ -72.50771, -14.20715 ], [ -72.50991, -14.19586 ], [ -72.5983, -14.15618 ], [ -72.64259, -14.15264 ], [ -72.63614, -14.09139 ], [ -72.61229, -14.06237 ] ] ] } },
{ "type": "Feature", "properties": { "UBIGEO_INEI": "030708", "DEPARTAMEN": "APURIMAC", "PROVINCIA": "GRAU", "DISTRITO": "PROGRESO" }, "geometry": { "type": "Polygon", "coordinates": [ [ [ -72.5657, -13.99516 ], [ -72.55523, -14.00448 ], [ -72.52075, -14.00828 ], [ -72.49222, -14.03389 ], [ -72.47884, -14.03276 ], [ -72.47338, -14.02166 ], [ -72.45101, -14.01066 ], [ -72.41949, -14.02974 ], [ -72.42243, -14.06614 ], [ -72.4128, -14.07869 ], [ -72.39645, -14.0705 ], [ -72.3884, -14.07882 ], [ -72.36856, -14.07973 ], [ -72.37601, -14.11307 ], [ -72.34984, -14.14306 ], [ -72.38172, -14.16819 ], [ -72.38853, -14.20865 ], [ -72.41658, -14.21041 ], [ -72.46254, -14.18314 ], [ -72.45762, -14.12938 ], [ -72.50168, -14.10246 ], [ -72.51953, -14.05251 ], [ -72.56116, -14.03796 ], [ -72.57604, -14.00434 ], [ -72.5657, -13.99516 ] ] ] } },
{ "type": "Feature", "properties": { "UBIGEO_INEI": "030714", "DEPARTAMEN": "APURIMAC", "PROVINCIA": "GRAU", "DISTRITO": "CURASCO" }, "geometry": { "type": "Polygon", "coordinates": [ [ [ -72.57445, -14.00731 ], [ -72.56067, -14.0384 ], [ -72.51566, -14.05647 ], [ -72.50168, -14.10246 ], [ -72.45762, -14.12938 ], [ -72.46336, -14.14936 ], [ -72.45912, -14.18067 ], [ -72.47976, -14.20167 ], [ -72.49856, -14.16424 ], [ -72.54101, -14.14419 ], [ -72.54364, -14.12264 ], [ -72.58894, -14.10539 ], [ -72.59587, -14.07798 ], [ -72.61229, -14.06237 ], [ -72.60817, -14.04657 ], [ -72.57754, -14.02537 ], [ -72.57445, -14.00731 ] ] ] } },
{ "type": "Feature", "properties": { "UBIGEO_INEI": "030702", "DEPARTAMEN": "APURIMAC", "PROVINCIA": "GRAU", "DISTRITO": "CURPAHUASI" }, "geometry": { "type": "Polygon", "coordinates": [ [ [ -72.64692, -13.85719 ], [ -72.62335, -13.88297 ], [ -72.60982, -13.88475 ], [ -72.61516, -13.90027 ], [ -72.60498, -13.9187 ], [ -72.59303, -13.91122 ], [ -72.57782, -13.91974 ], [ -72.55396, -13.96402 ], [ -72.56266, -13.97507 ], [ -72.56048, -13.99483 ], [ -72.57588, -14.00325 ], [ -72.57754, -14.02537 ], [ -72.60817, -14.04657 ], [ -72.61722, -14.06711 ], [ -72.65533, -14.06429 ], [ -72.67435, -14.07465 ], [ -72.72144, -14.02139 ], [ -72.71873, -14.00632 ], [ -72.70683, -13.99565 ], [ -72.74918, -13.96653 ], [ -72.72666, -13.94666 ], [ -72.74091, -13.925 ], [ -72.7358, -13.9145 ], [ -72.68361, -13.88796 ], [ -72.676, -13.87419 ], [ -72.64692, -13.85719 ] ] ] } },
{ "type": "Feature", "properties": { "UBIGEO_INEI": "030704", "DEPARTAMEN": "APURIMAC", "PROVINCIA": "GRAU", "DISTRITO": "HUAYLLATI" }, "geometry": { "type": "Polygon", "coordinates": [ [ [ -72.48089, -13.87953 ], [ -72.45066, -13.91926 ], [ -72.45646, -13.96894 ], [ -72.44134, -14.00281 ], [ -72.4458, -14.01504 ], [ -72.45815, -14.01234 ], [ -72.48623, -14.0343 ], [ -72.52075, -14.00828 ], [ -72.55523, -14.00448 ], [ -72.56499, -13.99518 ], [ -72.55716, -13.98585 ], [ -72.55896, -13.9691 ], [ -72.51662, -13.921 ], [ -72.5013, -13.91433 ], [ -72.48089, -13.87953 ] ] ] } },
{ "type": "Feature", "properties": { "UBIGEO_INEI": "030703", "DEPARTAMEN": "APURIMAC", "PROVINCIA": "GRAU", "DISTRITO": "GAMARRA" }, "geometry": { "type": "Polygon", "coordinates": [ [ [ -72.5921, -13.73032 ], [ -72.57471, -13.73041 ], [ -72.57708, -13.7433 ], [ -72.55404, -13.75072 ], [ -72.49178, -13.75061 ], [ -72.46817, -13.7723 ], [ -72.46038, -13.79021 ], [ -72.4767, -13.81637 ], [ -72.4706, -13.84932 ], [ -72.48341, -13.88454 ], [ -72.5013, -13.91433 ], [ -72.51662, -13.921 ], [ -72.55439, -13.96601 ], [ -72.57782, -13.91974 ], [ -72.59303, -13.91122 ], [ -72.60498, -13.9187 ], [ -72.61516, -13.90027 ], [ -72.60982, -13.88475 ], [ -72.62335, -13.88297 ], [ -72.64397, -13.8483 ], [ -72.64011, -13.81888 ], [ -72.65591, -13.81119 ], [ -72.67912, -13.77721 ], [ -72.66994, -13.77027 ], [ -72.64435, -13.77079 ], [ -72.64057, -13.7567 ], [ -72.60857, -13.74871 ], [ -72.5921, -13.73032 ] ] ] } },
{ "type": "Feature", "properties": { "UBIGEO_INEI": "050609", "DEPARTAMEN": "AYACUCHO", "PROVINCIA": "LUCANAS", "DISTRITO": "LEONCIO PRADO" }, "geometry": { "type": "Polygon", "coordinates": [ [ [ -74.44881, -14.4992 ], [ -74.40618, -14.5803 ], [ -74.37843, -14.59751 ], [ -74.37487, -14.60936 ], [ -74.39277, -14.61525 ], [ -74.40264, -14.64232 ], [ -74.43009, -14.65964 ], [ -74.43455, -14.66968 ], [ -74.41742, -14.67913 ], [ -74.4512, -14.69404 ], [ -74.45852, -14.72022 ], [ -74.48826, -14.72663 ], [ -74.55931, -14.77773 ], [ -74.67314, -14.87836 ], [ -74.68107, -14.87308 ], [ -74.67633, -14.86072 ], [ -74.69384, -14.83816 ], [ -74.7208, -14.83673 ], [ -74.73251, -14.84666 ], [ -74.73089, -14.84145 ], [ -74.7334, -14.83792 ], [ -74.75049, -14.8425 ], [ -74.7515, -14.82755 ], [ -74.7144, -14.8178 ], [ -74.74776, -14.8131 ], [ -74.7647, -14.79046 ], [ -74.75576, -14.78309 ], [ -74.75269, -14.76404 ], [ -74.73853, -14.75373 ], [ -74.73434, -14.72979 ], [ -74.7157, -14.70978 ], [ -74.75081, -14.72939 ], [ -74.77642, -14.72893 ], [ -74.80419, -14.75179 ], [ -74.84531, -14.70915 ], [ -74.8378, -14.69579 ], [ -74.84652, -14.68802 ], [ -74.84658, -14.66615 ], [ -74.75164, -14.58695 ], [ -74.70878, -14.56368 ], [ -74.69326, -14.56572 ], [ -74.66407, -14.54874 ], [ -74.61178, -14.54413 ], [ -74.59554, -14.53626 ], [ -74.59265, -14.52329 ], [ -74.57574, -14.52553 ], [ -74.57098, -14.54858 ], [ -74.53675, -14.54514 ], [ -74.50464, -14.52546 ], [ -74.46873, -14.52039 ], [ -74.44881, -14.4992 ] ] ] } },
{ "type": "Feature", "properties": { "UBIGEO_INEI": "050619", "DEPARTAMEN": "AYACUCHO", "PROVINCIA": "LUCANAS", "DISTRITO": "SANCOS" }, "geometry": { "type": "Polygon", "coordinates": [ [ [ -74.05792, -14.84146 ], [ -74.03801, -14.88941 ], [ -74.04599, -14.92004 ], [ -74.03246, -14.93721 ], [ -74.01319, -14.95002 ], [ -73.99686, -14.93965 ], [ -73.97424, -14.95791 ], [ -73.92383, -14.95601 ], [ -73.9193, -14.97453 ], [ -73.92636, -14.98382 ], [ -73.91775, -14.99802 ], [ -73.9171, -15.02974 ], [ -73.92634, -15.04654 ], [ -73.91603, -15.08572 ], [ -73.92375, -15.10844 ], [ -73.90029, -15.1292 ], [ -73.93153, -15.13352 ], [ -73.99842, -15.16095 ], [ -74.07931, -15.23255 ], [ -74.1109, -15.23963 ], [ -74.17632, -15.22292 ], [ -74.1962, -15.23686 ], [ -74.22417, -15.23605 ], [ -74.20804, -15.29207 ], [ -74.19136, -15.31522 ], [ -74.20115, -15.32105 ], [ -74.2129, -15.3526 ], [ -74.25718, -15.40329 ], [ -74.2447, -15.43651 ], [ -74.24118, -15.48104 ], [ -74.26594, -15.47471 ], [ -74.30121, -15.47808 ], [ -74.31115, -15.46391 ], [ -74.30197, -15.45206 ], [ -74.31826, -15.43928 ], [ -74.32897, -15.39382 ], [ -74.3087, -15.35972 ], [ -74.33365, -15.35326 ], [ -74.34582, -15.33635 ], [ -74.37785, -15.33188 ], [ -74.41531, -15.29927 ], [ -74.38788, -15.25178 ], [ -74.40083, -15.22086 ], [ -74.3899, -15.20714 ], [ -74.39278, -15.19743 ], [ -74.35945, -15.17728 ], [ -74.34023, -15.18171 ], [ -74.33119, -15.14883 ], [ -74.25696, -15.11716 ], [ -74.2459, -15.09517 ], [ -74.24193, -15.04707 ], [ -74.22678, -15.02834 ], [ -74.19787, -15.02183 ], [ -74.18199, -15.0063 ], [ -74.17066, -14.955 ], [ -74.14594, -14.92296 ], [ -74.08956, -14.90639 ], [ -74.07014, -14.90828 ], [ -74.07711, -14.89811 ], [ -74.0646, -14.86202 ], [ -74.07168, -14.85145 ], [ -74.05792, -14.84146 ] ] ] } },
{ "type": "Feature", "properties": { "UBIGEO_INEI": "050605", "DEPARTAMEN": "AYACUCHO", "PROVINCIA": "LUCANAS", "DISTRITO": "CHAVIÑA" }, "geometry": { "type": "Polygon", "coordinates": [ [ [ -73.87057, -14.76715 ], [ -73.87131, -14.80138 ], [ -73.89438, -14.81314 ], [ -73.89756, -14.85708 ], [ -73.87903, -14.87591 ], [ -73.87907, -14.89297 ], [ -73.85918, -14.90182 ], [ -73.85624, -14.91314 ], [ -73.84166, -14.92228 ], [ -73.84099, -14.95131 ], [ -73.81343, -14.97721 ], [ -73.81797, -14.99285 ], [ -73.79544, -15.07129 ], [ -73.80173, -15.08568 ], [ -73.81564, -15.08796 ], [ -73.83055, -15.10481 ], [ -73.83747, -15.13079 ], [ -73.86953, -15.13496 ], [ -73.90029, -15.1292 ], [ -73.92375, -15.10844 ], [ -73.91603, -15.08572 ], [ -73.92634, -15.04654 ], [ -73.9171, -15.02974 ], [ -73.91775, -14.99802 ], [ -73.92636, -14.98382 ], [ -73.9193, -14.97453 ], [ -73.92383, -14.95601 ], [ -73.97424, -14.95791 ], [ -73.99686, -14.93965 ], [ -73.95339, -14.91182 ], [ -73.9571, -14.89968 ], [ -73.94859, -14.8789 ], [ -73.93396, -14.86756 ], [ -73.93974, -14.85786 ], [ -73.92969, -14.84941 ], [ -73.92983, -14.82685 ], [ -73.91581, -14.81361 ], [ -73.90873, -14.79146 ], [ -73.87057, -14.76715 ] ] ] } },
{ "type": "Feature", "properties": { "UBIGEO_INEI": "051005", "DEPARTAMEN": "AYACUCHO", "PROVINCIA": "VICTOR FAJARDO", "DISTRITO": "CANARIA" }, "geometry": { "type": "Polygon", "coordinates": [ [ [ -74.06954, -13.88769 ], [ -74.06622, -13.90048 ], [ -74.04774, -13.9039 ], [ -74.03688, -13.93671 ], [ -74.02616, -13.92928 ], [ -73.9979, -13.9311 ], [ -74.00044, -13.91613 ], [ -73.97836, -13.92362 ], [ -73.96609, -13.91525 ], [ -73.95755, -13.91993 ], [ -73.93461, -13.91004 ], [ -73.91851, -13.91303 ], [ -73.88643, -13.89924 ], [ -73.88538, -13.91611 ], [ -73.87547, -13.91761 ], [ -73.866, -13.92768 ], [ -73.87104, -13.9374 ], [ -73.86305, -13.93768 ], [ -73.88978, -13.95657 ], [ -73.88391, -13.99397 ], [ -73.99964, -14.03345 ], [ -74.02415, -14.01738 ], [ -74.03864, -13.98666 ], [ -74.04978, -13.98265 ], [ -74.08298, -13.9935 ], [ -74.07037, -14.02667 ], [ -74.0907, -14.0192 ], [ -74.10213, -14.02925 ], [ -74.11604, -14.02887 ], [ -74.09929, -14.00874 ], [ -74.10242, -13.99133 ], [ -74.11894, -13.98933 ], [ -74.10103, -13.95498 ], [ -74.11026, -13.90817 ], [ -74.06954, -13.88769 ] ] ] } },
{ "type": "Feature", "properties": { "UBIGEO_INEI": "050621", "DEPARTAMEN": "AYACUCHO", "PROVINCIA": "LUCANAS", "DISTRITO": "SANTA LUCIA" }, "geometry": { "type": "Polygon", "coordinates": [ [ [ -74.41742, -14.67913 ], [ -74.39928, -14.69319 ], [ -74.38952, -14.73058 ], [ -74.39235, -14.75137 ], [ -74.38394, -14.76373 ], [ -74.36914, -14.76768 ], [ -74.37138, -14.78382 ], [ -74.36183, -14.79745 ], [ -74.43806, -14.91032 ], [ -74.45261, -14.95862 ], [ -74.51755, -15.01879 ], [ -74.53276, -15.04225 ], [ -74.5188, -15.07331 ], [ -74.49421, -15.0777 ], [ -74.49246, -15.09469 ], [ -74.47813, -15.11319 ], [ -74.50183, -15.16055 ], [ -74.51267, -15.14879 ], [ -74.55252, -15.13994 ], [ -74.60567, -15.1486 ], [ -74.62875, -15.12412 ], [ -74.65204, -15.13913 ], [ -74.67901, -15.1322 ], [ -74.71371, -15.13853 ], [ -74.72231, -15.12402 ], [ -74.75159, -15.1142 ], [ -74.76229, -15.09806 ], [ -74.75858, -15.09326 ], [ -74.72961, -15.0854 ], [ -74.66427, -15.04721 ], [ -74.66569, -14.9979 ], [ -74.64624, -14.97718 ], [ -74.65939, -14.97034 ], [ -74.68533, -14.93015 ], [ -74.66314, -14.9066 ], [ -74.67395, -14.87869 ], [ -74.55775, -14.77655 ], [ -74.48826, -14.72663 ], [ -74.45852, -14.72022 ], [ -74.4562, -14.69991 ], [ -74.41742, -14.67913 ] ] ] } },
{ "type": "Feature", "properties": { "UBIGEO_INEI": "050614", "DEPARTAMEN": "AYACUCHO", "PROVINCIA": "LUCANAS", "DISTRITO": "SAISA" }, "geometry": { "type": "Polygon", "coordinates": [ [ [ -74.37148, -14.78333 ], [ -74.35599, -14.77111 ], [ -74.35559, -14.78172 ], [ -74.34002, -14.78317 ], [ -74.33435, -14.79488 ], [ -74.32006, -14.78577 ], [ -74.28911, -14.80298 ], [ -74.28579, -14.82609 ], [ -74.29608, -14.85479 ], [ -74.2761, -14.88098 ], [ -74.26562, -14.93373 ], [ -74.24813, -14.94289 ], [ -74.23548, -14.96593 ], [ -74.33583, -15.06432 ], [ -74.40272, -15.06271 ], [ -74.4509, -15.08599 ], [ -74.4781, -15.11345 ], [ -74.49315, -15.09316 ], [ -74.49421, -15.0777 ], [ -74.5188, -15.07331 ], [ -74.53276, -15.04225 ], [ -74.51755, -15.01879 ], [ -74.45183, -14.95748 ], [ -74.43806, -14.91032 ], [ -74.36183, -14.79745 ], [ -74.37148, -14.78333 ] ] ] } },
{ "type": "Feature", "properties": { "UBIGEO_INEI": "050617", "DEPARTAMEN": "AYACUCHO", "PROVINCIA": "LUCANAS", "DISTRITO": "SAN PEDRO" }, "geometry": { "type": "Polygon", "coordinates": [ [ [ -74.12424, -14.7336 ], [ -74.07353, -14.76498 ], [ -74.07036, -14.78258 ], [ -74.06047, -14.79108 ], [ -74.01579, -14.81438 ], [ -73.98327, -14.81639 ], [ -73.95985, -14.85371 ], [ -73.93974, -14.85786 ], [ -73.93396, -14.86756 ], [ -73.94859, -14.8789 ], [ -73.9571, -14.89968 ], [ -73.95414, -14.91281 ], [ -74.01319, -14.95002 ], [ -74.0319, -14.9376 ], [ -74.04651, -14.91772 ], [ -74.04051, -14.87456 ], [ -74.06106, -14.84089 ], [ -74.07168, -14.85145 ], [ -74.0646, -14.86202 ], [ -74.07711, -14.89811 ], [ -74.07066, -14.9089 ], [ -74.08956, -14.90639 ], [ -74.14594, -14.92296 ], [ -74.17066, -14.955 ], [ -74.18199, -15.0063 ], [ -74.19787, -15.02183 ], [ -74.22678, -15.02834 ], [ -74.24193, -15.04707 ], [ -74.2459, -15.09517 ], [ -74.25696, -15.11716 ], [ -74.33119, -15.14883 ], [ -74.34023, -15.18171 ], [ -74.35945, -15.17728 ], [ -74.38797, -15.19966 ], [ -74.39958, -15.18043 ], [ -74.41833, -15.16903 ], [ -74.4421, -15.16866 ], [ -74.45218, -15.17602 ], [ -74.50183, -15.16055 ], [ -74.4764, -15.10547 ], [ -74.4509, -15.08599 ], [ -74.39321, -15.06004 ], [ -74.33906, -15.0662 ], [ -74.23689, -14.96843 ], [ -74.21676, -14.91127 ], [ -74.19915, -14.89712 ], [ -74.191, -14.87335 ], [ -74.16563, -14.86025 ], [ -74.15379, -14.84467 ], [ -74.14866, -14.81426 ], [ -74.16359, -14.77216 ], [ -74.13892, -14.73783 ], [ -74.12424, -14.7336 ] ] ] } },
{ "type": "Feature", "properties": { "UBIGEO_INEI": "050615", "DEPARTAMEN": "AYACUCHO", "PROVINCIA": "LUCANAS", "DISTRITO": "SAN CRISTOBAL" }, "geometry": { "type": "Polygon", "coordinates": [ [ [ -74.32838, -14.65611 ], [ -74.27057, -14.70498 ], [ -74.22286, -14.71653 ], [ -74.1887, -14.70587 ], [ -74.17112, -14.71987 ], [ -74.16982, -14.75123 ], [ -74.14866, -14.81426 ], [ -74.15361, -14.84421 ], [ -74.16563, -14.86025 ], [ -74.191, -14.87335 ], [ -74.19915, -14.89712 ], [ -74.21697, -14.91168 ], [ -74.23509, -14.96086 ], [ -74.26562, -14.93373 ], [ -74.2761, -14.88098 ], [ -74.29608, -14.85479 ], [ -74.28579, -14.82609 ], [ -74.28911, -14.80298 ], [ -74.32006, -14.78577 ], [ -74.33435, -14.79488 ], [ -74.34002, -14.78317 ], [ -74.35559, -14.78172 ], [ -74.35599, -14.77111 ], [ -74.36755, -14.77436 ], [ -74.39249, -14.75094 ], [ -74.38958, -14.73262 ], [ -74.36043, -14.72946 ], [ -74.35913, -14.70793 ], [ -74.34416, -14.69549 ], [ -74.32838, -14.65611 ] ] ] } },
{ "type": "Feature", "properties": { "UBIGEO_INEI": "050601", "DEPARTAMEN": "AYACUCHO", "PROVINCIA": "LUCANAS", "DISTRITO": "PUQUIO" }, "geometry": { "type": "Polygon", "coordinates": [ [ [ -74.1147, -14.51291 ], [ -74.08614, -14.53294 ], [ -74.05324, -14.53156 ], [ -74.02565, -14.51794 ], [ -74.01341, -14.52337 ], [ -74.01432, -14.53494 ], [ -73.99388, -14.55262 ], [ -73.98432, -14.57843 ], [ -73.9673, -14.58391 ], [ -73.94954, -14.56992 ], [ -73.93708, -14.57923 ], [ -73.93709, -14.59697 ], [ -73.9249, -14.61993 ], [ -73.85918, -14.6472 ], [ -73.84854, -14.66788 ], [ -73.82782, -14.68476 ], [ -73.83658, -14.71106 ], [ -73.82572, -14.72592 ], [ -73.85708, -14.76591 ], [ -73.87888, -14.76894 ], [ -73.9097, -14.79244 ], [ -73.91581, -14.81361 ], [ -73.93086, -14.82909 ], [ -73.92969, -14.84941 ], [ -73.93974, -14.85786 ], [ -73.95985, -14.85371 ], [ -73.98327, -14.81639 ], [ -74.01579, -14.81438 ], [ -74.06047, -14.79108 ], [ -74.07036, -14.78258 ], [ -74.07353, -14.76498 ], [ -74.12424, -14.7336 ], [ -74.14369, -14.74289 ], [ -74.15675, -14.76916 ], [ -74.1643, -14.76445 ], [ -74.17538, -14.71529 ], [ -74.15943, -14.66932 ], [ -74.17776, -14.64757 ], [ -74.1674, -14.63793 ], [ -74.17143, -14.58985 ], [ -74.15095, -14.57612 ], [ -74.15474, -14.54979 ], [ -74.17022, -14.54106 ], [ -74.15643, -14.53473 ], [ -74.15239, -14.51335 ], [ -74.13177, -14.51976 ], [ -74.1147, -14.51291 ] ] ] } },
{ "type": "Feature", "properties": { "UBIGEO_INEI": "050616", "DEPARTAMEN": "AYACUCHO", "PROVINCIA": "LUCANAS", "DISTRITO": "SAN JUAN" }, "geometry": { "type": "Polygon", "coordinates": [ [ [ -74.17252, -14.59563 ], [ -74.1674, -14.63793 ], [ -74.17776, -14.64805 ], [ -74.1626, -14.66183 ], [ -74.15862, -14.67952 ], [ -74.17538, -14.71529 ], [ -74.19188, -14.70326 ], [ -74.19547, -14.67481 ], [ -74.21441, -14.66237 ], [ -74.21971, -14.64172 ], [ -74.20638, -14.61718 ], [ -74.17252, -14.59563 ] ] ] } },
{ "type": "Feature", "properties": { "UBIGEO_INEI": "050611", "DEPARTAMEN": "AYACUCHO", "PROVINCIA": "LUCANAS", "DISTRITO": "LUCANAS" }, "geometry": { "type": "Polygon", "coordinates": [ [ [ -74.28383, -14.26759 ], [ -74.24062, -14.29971 ], [ -74.22683, -14.30289 ], [ -74.21165, -14.29128 ], [ -74.18575, -14.29563 ], [ -74.17838, -14.3046 ], [ -74.16752, -14.33878 ], [ -74.1854, -14.35285 ], [ -74.16846, -14.37426 ], [ -74.16861, -14.39115 ], [ -74.21056, -14.42989 ], [ -74.21154, -14.45404 ], [ -74.19932, -14.46484 ], [ -74.17826, -14.46279 ], [ -74.14649, -14.49306 ], [ -74.14514, -14.51284 ], [ -74.15655, -14.51636 ], [ -74.15643, -14.53473 ], [ -74.17046, -14.54287 ], [ -74.15474, -14.54979 ], [ -74.15095, -14.57612 ], [ -74.20638, -14.61718 ], [ -74.21957, -14.64013 ], [ -74.21441, -14.66237 ], [ -74.19547, -14.67481 ], [ -74.1887, -14.70587 ], [ -74.22286, -14.71653 ], [ -74.27057, -14.70498 ], [ -74.32759, -14.65522 ], [ -74.34416, -14.69549 ], [ -74.35913, -14.70793 ], [ -74.36043, -14.72946 ], [ -74.38958, -14.73262 ], [ -74.40344, -14.68629 ], [ -74.43455, -14.66968 ], [ -74.42154, -14.65046 ], [ -74.40129, -14.64067 ], [ -74.39277, -14.61525 ], [ -74.37549, -14.61122 ], [ -74.37719, -14.59999 ], [ -74.40618, -14.5803 ], [ -74.44462, -14.51326 ], [ -74.45249, -14.49344 ], [ -74.44657, -14.48578 ], [ -74.45406, -14.48348 ], [ -74.45947, -14.46271 ], [ -74.40463, -14.40707 ], [ -74.42749, -14.40394 ], [ -74.4473, -14.38059 ], [ -74.4681, -14.40312 ], [ -74.47583, -14.37967 ], [ -74.44306, -14.34725 ], [ -74.42232, -14.30101 ], [ -74.37238, -14.30022 ], [ -74.36209, -14.30642 ], [ -74.35395, -14.29766 ], [ -74.33787, -14.29858 ], [ -74.32659, -14.27427 ], [ -74.28383, -14.26759 ] ] ] } },
{ "type": "Feature", "properties": { "UBIGEO_INEI": "050613", "DEPARTAMEN": "AYACUCHO", "PROVINCIA": "LUCANAS", "DISTRITO": "OTOCA" }, "geometry": { "type": "Polygon", "coordinates": [ [ [ -74.51887, -14.37414 ], [ -74.4962, -14.38986 ], [ -74.47583, -14.37967 ], [ -74.4681, -14.40312 ], [ -74.4473, -14.38059 ], [ -74.42749, -14.40394 ], [ -74.40463, -14.40707 ], [ -74.45938, -14.46088 ], [ -74.44685, -14.48791 ], [ -74.46873, -14.52039 ], [ -74.50464, -14.52546 ], [ -74.53675, -14.54514 ], [ -74.56937, -14.54886 ], [ -74.57693, -14.5242 ], [ -74.59265, -14.52329 ], [ -74.59554, -14.53626 ], [ -74.61178, -14.54413 ], [ -74.66407, -14.54874 ], [ -74.69326, -14.56572 ], [ -74.70878, -14.56368 ], [ -74.78817, -14.61556 ], [ -74.85277, -14.61181 ], [ -74.87845, -14.58752 ], [ -74.88396, -14.57622 ], [ -74.87534, -14.55527 ], [ -74.88425, -14.54548 ], [ -74.87047, -14.53127 ], [ -74.87139, -14.52117 ], [ -74.84031, -14.50644 ], [ -74.83906, -14.48688 ], [ -74.79572, -14.43836 ], [ -74.77125, -14.43024 ], [ -74.75396, -14.43365 ], [ -74.70078, -14.39858 ], [ -74.68593, -14.41916 ], [ -74.62811, -14.44223 ], [ -74.62096, -14.42619 ], [ -74.5768, -14.4139 ], [ -74.55963, -14.39469 ], [ -74.53694, -14.38891 ], [ -74.51887, -14.37414 ] ] ] } },
{ "type": "Feature", "properties": { "UBIGEO_INEI": "050612", "DEPARTAMEN": "AYACUCHO", "PROVINCIA": "LUCANAS", "DISTRITO": "OCAÑA" }, "geometry": { "type": "Polygon", "coordinates": [ [ [ -74.65167, -14.23559 ], [ -74.63391, -14.23988 ], [ -74.63465, -14.26095 ], [ -74.61112, -14.26084 ], [ -74.6001, -14.25273 ], [ -74.57178, -14.25651 ], [ -74.56946, -14.26596 ], [ -74.57825, -14.2858 ], [ -74.59985, -14.29402 ], [ -74.60149, -14.31536 ], [ -74.62064, -14.34892 ], [ -74.61774, -14.36101 ], [ -74.6429, -14.37827 ], [ -74.66879, -14.42593 ], [ -74.69023, -14.41602 ], [ -74.70078, -14.39858 ], [ -74.75396, -14.43365 ], [ -74.77125, -14.43024 ], [ -74.79572, -14.43836 ], [ -74.83906, -14.48688 ], [ -74.84031, -14.50644 ], [ -74.87072, -14.52019 ], [ -74.87047, -14.53127 ], [ -74.88333, -14.54493 ], [ -74.90276, -14.54667 ], [ -74.91339, -14.56562 ], [ -74.94663, -14.58084 ], [ -74.95892, -14.60645 ], [ -74.97866, -14.60241 ], [ -74.9962, -14.6119 ], [ -75.01003, -14.60616 ], [ -75.05794, -14.6251 ], [ -75.06586, -14.57448 ], [ -75.08009, -14.56901 ], [ -75.08082, -14.55143 ], [ -75.06714, -14.52857 ], [ -75.08668, -14.53021 ], [ -75.09647, -14.48779 ], [ -75.04362, -14.47502 ], [ -74.98842, -14.42063 ], [ -74.94417, -14.41023 ], [ -74.90032, -14.38872 ], [ -74.87715, -14.35727 ], [ -74.86202, -14.36552 ], [ -74.84056, -14.36085 ], [ -74.78614, -14.312 ], [ -74.76369, -14.30309 ], [ -74.76361, -14.28197 ], [ -74.74772, -14.27032 ], [ -74.73122, -14.27094 ], [ -74.72319, -14.26054 ], [ -74.69632, -14.25341 ], [ -74.67605, -14.25764 ], [ -74.65167, -14.23559 ] ] ] } },
{ "type": "Feature", "properties": { "UBIGEO_INEI": "050604", "DEPARTAMEN": "AYACUCHO", "PROVINCIA": "LUCANAS", "DISTRITO": "CARMEN SALCEDO" }, "geometry": { "type": "Polygon", "coordinates": [ [ [ -73.93502, -14.32164 ], [ -73.91976, -14.32462 ], [ -73.92196, -14.33989 ], [ -73.91181, -14.35161 ], [ -73.9105, -14.37196 ], [ -73.92373, -14.38079 ], [ -73.9214, -14.39609 ], [ -73.90453, -14.41505 ], [ -73.90833, -14.42139 ], [ -73.89881, -14.43271 ], [ -73.88871, -14.42801 ], [ -73.88369, -14.43607 ], [ -73.85673, -14.4387 ], [ -73.86411, -14.45048 ], [ -73.86362, -14.49018 ], [ -73.88579, -14.51251 ], [ -73.87873, -14.50799 ], [ -73.8711, -14.51384 ], [ -73.87922, -14.53467 ], [ -73.93246, -14.57754 ], [ -73.95034, -14.56963 ], [ -73.9673, -14.58391 ], [ -73.98432, -14.57843 ], [ -73.99388, -14.55262 ], [ -74.0239, -14.5178 ], [ -74.06645, -14.53349 ], [ -74.08614, -14.53294 ], [ -74.11256, -14.51286 ], [ -74.14402, -14.51694 ], [ -74.14649, -14.49306 ], [ -74.15849, -14.48554 ], [ -74.09516, -14.44301 ], [ -74.08179, -14.45785 ], [ -74.06203, -14.45186 ], [ -74.05492, -14.43113 ], [ -74.01298, -14.39335 ], [ -74.00632, -14.35914 ], [ -73.93502, -14.32164 ] ] ] } },
{ "type": "Feature", "properties": { "UBIGEO_INEI": "050606", "DEPARTAMEN": "AYACUCHO", "PROVINCIA": "LUCANAS", "DISTRITO": "CHIPAO" }, "geometry": { "type": "Polygon", "coordinates": [ [ [ -73.85807, -14.2764 ], [ -73.82622, -14.27891 ], [ -73.81367, -14.29454 ], [ -73.79883, -14.29394 ], [ -73.78949, -14.31711 ], [ -73.76249, -14.3317 ], [ -73.73826, -14.33816 ], [ -73.7067, -14.32416 ], [ -73.69042, -14.32635 ], [ -73.67688, -14.34632 ], [ -73.6589, -14.35453 ], [ -73.65388, -14.37384 ], [ -73.61243, -14.37086 ], [ -73.61321, -14.37916 ], [ -73.60371, -14.3838 ], [ -73.60979, -14.39791 ], [ -73.58574, -14.40728 ], [ -73.57064, -14.45657 ], [ -73.5514, -14.465 ], [ -73.55456, -14.4807 ], [ -73.53506, -14.49154 ], [ -73.53246, -14.50724 ], [ -73.56446, -14.52089 ], [ -73.58722, -14.54895 ], [ -73.60589, -14.54226 ], [ -73.6359, -14.59221 ], [ -73.69067, -14.62942 ], [ -73.72079, -14.64245 ], [ -73.75557, -14.63605 ], [ -73.75541, -14.64752 ], [ -73.76293, -14.65076 ], [ -73.78113, -14.6383 ], [ -73.79344, -14.64587 ], [ -73.81526, -14.64037 ], [ -73.82704, -14.65889 ], [ -73.82108, -14.67784 ], [ -73.82782, -14.68476 ], [ -73.84854, -14.66788 ], [ -73.85918, -14.6472 ], [ -73.9249, -14.61993 ], [ -73.93909, -14.58692 ], [ -73.87291, -14.52655 ], [ -73.87218, -14.51263 ], [ -73.88579, -14.51251 ], [ -73.86362, -14.49018 ], [ -73.86411, -14.45048 ], [ -73.85653, -14.44075 ], [ -73.86828, -14.43275 ], [ -73.88369, -14.43607 ], [ -73.88871, -14.42801 ], [ -73.89881, -14.43271 ], [ -73.90833, -14.42139 ], [ -73.90453, -14.41505 ], [ -73.92199, -14.39396 ], [ -73.92373, -14.38079 ], [ -73.91045, -14.3708 ], [ -73.92171, -14.32238 ], [ -73.9012, -14.31082 ], [ -73.89146, -14.28588 ], [ -73.87307, -14.28894 ], [ -73.85807, -14.2764 ] ] ] } },
{ "type": "Feature", "properties": { "UBIGEO_INEI": "050603", "DEPARTAMEN": "AYACUCHO", "PROVINCIA": "LUCANAS", "DISTRITO": "CABANA" }, "geometry": { "type": "Polygon", "coordinates": [ [ [ -73.89617, -14.26299 ], [ -73.884, -14.2826 ], [ -73.9012, -14.31082 ], [ -73.99683, -14.34978 ], [ -74.00777, -14.36124 ], [ -74.01298, -14.39335 ], [ -74.05492, -14.43113 ], [ -74.06203, -14.45186 ], [ -74.08179, -14.45785 ], [ -74.09516, -14.44301 ], [ -74.15849, -14.48554 ], [ -74.17826, -14.46279 ], [ -74.19932, -14.46484 ], [ -74.21073, -14.45618 ], [ -74.21056, -14.42989 ], [ -74.16861, -14.39115 ], [ -74.16846, -14.37426 ], [ -74.1854, -14.35285 ], [ -74.16752, -14.33878 ], [ -74.18575, -14.29563 ], [ -74.18032, -14.2888 ], [ -74.13788, -14.2968 ], [ -74.09651, -14.28221 ], [ -74.07578, -14.29457 ], [ -74.03704, -14.28993 ], [ -74.03058, -14.29911 ], [ -74.00306, -14.28661 ], [ -73.97784, -14.29092 ], [ -73.95927, -14.2776 ], [ -73.93168, -14.27899 ], [ -73.91981, -14.26768 ], [ -73.89617, -14.26299 ] ] ] } },
{ "type": "Feature", "properties": { "UBIGEO_INEI": "050608", "DEPARTAMEN": "AYACUCHO", "PROVINCIA": "LUCANAS", "DISTRITO": "LARAMATE" }, "geometry": { "type": "Polygon", "coordinates": [ [ [ -74.67708, -14.06814 ], [ -74.67267, -14.07999 ], [ -74.63953, -14.09512 ], [ -74.62135, -14.09112 ], [ -74.63567, -14.11832 ], [ -74.6232, -14.13714 ], [ -74.57265, -14.13532 ], [ -74.57064, -14.14966 ], [ -74.54129, -14.16406 ], [ -74.52757, -14.14608 ], [ -74.48227, -14.14965 ], [ -74.47215, -14.15285 ], [ -74.47318, -14.17479 ], [ -74.51508, -14.19765 ], [ -74.5482, -14.22867 ], [ -74.57121, -14.23546 ], [ -74.57224, -14.25676 ], [ -74.6001, -14.25273 ], [ -74.61112, -14.26084 ], [ -74.63465, -14.26095 ], [ -74.63391, -14.23988 ], [ -74.65235, -14.23548 ], [ -74.67605, -14.25764 ], [ -74.69632, -14.25341 ], [ -74.72319, -14.26054 ], [ -74.73122, -14.27094 ], [ -74.74772, -14.27032 ], [ -74.76361, -14.28197 ], [ -74.76369, -14.30309 ], [ -74.78614, -14.312 ], [ -74.84056, -14.36085 ], [ -74.86202, -14.36552 ], [ -74.87715, -14.35727 ], [ -74.90032, -14.38872 ], [ -74.94417, -14.41023 ], [ -74.98842, -14.42063 ], [ -75.04362, -14.47502 ], [ -75.09647, -14.48779 ], [ -75.05496, -14.43298 ], [ -75.02392, -14.42089 ], [ -75.00978, -14.40342 ], [ -75.00471, -14.34131 ], [ -74.98824, -14.33751 ], [ -74.94003, -14.28864 ], [ -74.92317, -14.29137 ], [ -74.89359, -14.27355 ], [ -74.84152, -14.21779 ], [ -74.82298, -14.21879 ], [ -74.82259, -14.20824 ], [ -74.76056, -14.15968 ], [ -74.75356, -14.14371 ], [ -74.76087, -14.12044 ], [ -74.7205, -14.11428 ], [ -74.71679, -14.0962 ], [ -74.70982, -14.10106 ], [ -74.69842, -14.09467 ], [ -74.69835, -14.07862 ], [ -74.67708, -14.06814 ] ] ] } },
{ "type": "Feature", "properties": { "UBIGEO_INEI": "050618", "DEPARTAMEN": "AYACUCHO", "PROVINCIA": "LUCANAS", "DISTRITO": "SAN PEDRO DE PALCO" }, "geometry": { "type": "Polygon", "coordinates": [ [ [ -74.47215, -14.15285 ], [ -74.42279, -14.15233 ], [ -74.40297, -14.19576 ], [ -74.38072, -14.21605 ], [ -74.36689, -14.21492 ], [ -74.3469, -14.23033 ], [ -74.34758, -14.24329 ], [ -74.31792, -14.27206 ], [ -74.32758, -14.27494 ], [ -74.33203, -14.2928 ], [ -74.36209, -14.30642 ], [ -74.37238, -14.30022 ], [ -74.42232, -14.30101 ], [ -74.44306, -14.34725 ], [ -74.49462, -14.38996 ], [ -74.52339, -14.37422 ], [ -74.53694, -14.38891 ], [ -74.56145, -14.39604 ], [ -74.5768, -14.4139 ], [ -74.62096, -14.42619 ], [ -74.62811, -14.44223 ], [ -74.6689, -14.426 ], [ -74.6429, -14.37827 ], [ -74.61774, -14.36101 ], [ -74.62064, -14.34892 ], [ -74.60149, -14.31536 ], [ -74.59985, -14.29402 ], [ -74.57788, -14.28532 ], [ -74.56946, -14.26596 ], [ -74.57465, -14.23897 ], [ -74.5482, -14.22867 ], [ -74.51508, -14.19765 ], [ -74.48117, -14.18354 ], [ -74.47233, -14.17216 ], [ -74.47215, -14.15285 ] ] ] } },
{ "type": "Feature", "properties": { "UBIGEO_INEI": "050610", "DEPARTAMEN": "AYACUCHO", "PROVINCIA": "LUCANAS", "DISTRITO": "LLAUTA" }, "geometry": { "type": "Polygon", "coordinates": [ [ [ -74.8598, -14.06747 ], [ -74.85274, -14.07621 ], [ -74.84177, -14.0713 ], [ -74.82519, -14.09228 ], [ -74.77296, -14.08979 ], [ -74.75356, -14.14371 ], [ -74.76386, -14.16393 ], [ -74.82259, -14.20824 ], [ -74.82298, -14.21879 ], [ -74.8404, -14.21729 ], [ -74.8562, -14.22913 ], [ -74.89359, -14.27355 ], [ -74.92317, -14.29137 ], [ -74.94003, -14.28864 ], [ -74.98824, -14.33751 ], [ -75.00471, -14.34131 ], [ -75.01063, -14.35814 ], [ -75.00368, -14.38493 ], [ -75.02392, -14.42089 ], [ -75.05299, -14.43115 ], [ -75.08897, -14.42641 ], [ -75.10584, -14.43404 ], [ -75.12194, -14.42728 ], [ -75.11914, -14.42113 ], [ -75.13983, -14.41591 ], [ -75.10509, -14.35878 ], [ -75.10791, -14.34702 ], [ -75.08221, -14.29728 ], [ -75.06202, -14.29464 ], [ -75.0322, -14.26568 ], [ -75.01449, -14.27493 ], [ -74.98671, -14.24565 ], [ -74.97031, -14.24539 ], [ -74.92008, -14.19793 ], [ -74.89356, -14.14259 ], [ -74.89811, -14.13529 ], [ -74.88894, -14.11527 ], [ -74.8962, -14.1039 ], [ -74.87811, -14.07625 ], [ -74.8598, -14.06747 ] ] ] } },
{ "type": "Feature", "properties": { "UBIGEO_INEI": "050620", "DEPARTAMEN": "AYACUCHO", "PROVINCIA": "LUCANAS", "DISTRITO": "SANTA ANA DE HUAYCAHUACHO" }, "geometry": { "type": "Polygon", "coordinates": [ [ [ -73.9427, -14.19863 ], [ -73.90714, -14.19174 ], [ -73.87925, -14.2167 ], [ -73.89494, -14.22939 ], [ -73.89658, -14.26283 ], [ -73.93131, -14.23876 ], [ -73.9444, -14.24153 ], [ -73.97308, -14.22724 ], [ -73.97339, -14.21509 ], [ -73.95003, -14.18573 ], [ -73.9427, -14.19863 ] ] ] } },
{ "type": "Feature", "properties": { "UBIGEO_INEI": "050602", "DEPARTAMEN": "AYACUCHO", "PROVINCIA": "LUCANAS", "DISTRITO": "AUCARA" }, "geometry": { "type": "Polygon", "coordinates": [ [ [ -74.0931, -14.01971 ], [ -74.06792, -14.02807 ], [ -74.06304, -14.03895 ], [ -74.07241, -14.0475 ], [ -74.07284, -14.07316 ], [ -74.08752, -14.09418 ], [ -74.08123, -14.11268 ], [ -74.07057, -14.11662 ], [ -74.03791, -14.0985 ], [ -74.02602, -14.12724 ], [ -73.99916, -14.15919 ], [ -73.95042, -14.18644 ], [ -73.97339, -14.21509 ], [ -73.97308, -14.22724 ], [ -73.9444, -14.24153 ], [ -73.93131, -14.23876 ], [ -73.89658, -14.26283 ], [ -73.91981, -14.26768 ], [ -73.93168, -14.27899 ], [ -73.95927, -14.2776 ], [ -73.97784, -14.29092 ], [ -74.00306, -14.28661 ], [ -74.03058, -14.29911 ], [ -74.03704, -14.28993 ], [ -74.07578, -14.29457 ], [ -74.09651, -14.28221 ], [ -74.13788, -14.2968 ], [ -74.17522, -14.28688 ], [ -74.19048, -14.29689 ], [ -74.21541, -14.29171 ], [ -74.22945, -14.30266 ], [ -74.26434, -14.28618 ], [ -74.2827, -14.26795 ], [ -74.32017, -14.27073 ], [ -74.34758, -14.24329 ], [ -74.3469, -14.23033 ], [ -74.36689, -14.21492 ], [ -74.38072, -14.21605 ], [ -74.41492, -14.17879 ], [ -74.42107, -14.15139 ], [ -74.39232, -14.16705 ], [ -74.33614, -14.14811 ], [ -74.32945, -14.12863 ], [ -74.26138, -14.13488 ], [ -74.20798, -14.1269 ], [ -74.1891, -14.10343 ], [ -74.17443, -14.10471 ], [ -74.11604, -14.02887 ], [ -74.10213, -14.02925 ], [ -74.0931, -14.01971 ] ] ] } },
{ "type": "Feature", "properties": { "UBIGEO_INEI": "050607", "DEPARTAMEN": "AYACUCHO", "PROVINCIA": "LUCANAS", "DISTRITO": "HUAC-HUAS" }, "geometry": { "type": "Polygon", "coordinates": [ [ [ -75.02913, -14.07195 ], [ -74.97511, -14.07429 ], [ -74.92516, -14.09942 ], [ -74.90789, -14.09215 ], [ -74.88894, -14.11527 ], [ -74.90296, -14.17069 ], [ -74.92008, -14.19793 ], [ -74.97031, -14.24539 ], [ -74.98671, -14.24565 ], [ -75.01466, -14.275 ], [ -75.03951, -14.25417 ], [ -75.06604, -14.25161 ], [ -75.07367, -14.23561 ], [ -75.08816, -14.2309 ], [ -75.09079, -14.21518 ], [ -75.05461, -14.11523 ], [ -75.0365, -14.09793 ], [ -75.02913, -14.07195 ] ] ] } },
{ "type": "Feature", "properties": { "UBIGEO_INEI": "051004", "DEPARTAMEN": "AYACUCHO", "PROVINCIA": "VICTOR FAJARDO", "DISTRITO": "ASQUIPATA" }, "geometry": { "type": "Polygon", "coordinates": [ [ [ -73.89538, -14.02836 ], [ -73.88911, -14.053 ], [ -73.90437, -14.08141 ], [ -73.91202, -14.11963 ], [ -73.9781, -14.10665 ], [ -73.9986, -14.07241 ], [ -73.99107, -14.05883 ], [ -73.95563, -14.05965 ], [ -73.93082, -14.03768 ], [ -73.89538, -14.02836 ] ] ] } },
{ "type": "Feature", "properties": { "UBIGEO_INEI": "051003", "DEPARTAMEN": "AYACUCHO", "PROVINCIA": "VICTOR FAJARDO", "DISTRITO": "APONGO" }, "geometry": { "type": "Polygon", "coordinates": [ [ [ -74.04593, -13.98278 ], [ -74.02634, -14.01503 ], [ -73.99964, -14.03345 ], [ -73.96119, -14.01531 ], [ -73.88409, -13.99831 ], [ -73.88263, -14.01663 ], [ -73.89082, -14.0309 ], [ -73.93082, -14.03768 ], [ -73.95563, -14.05965 ], [ -73.96873, -14.05503 ], [ -73.99638, -14.0647 ], [ -73.99705, -14.07743 ], [ -73.98606, -14.08985 ], [ -73.98629, -14.11854 ], [ -73.96666, -14.13553 ], [ -73.96461, -14.15894 ], [ -73.95042, -14.18644 ], [ -73.99916, -14.15919 ], [ -74.02602, -14.12724 ], [ -74.03791, -14.0985 ], [ -74.07057, -14.11662 ], [ -74.08329, -14.10931 ], [ -74.08752, -14.09418 ], [ -74.07284, -14.07316 ], [ -74.07241, -14.0475 ], [ -74.06304, -14.03895 ], [ -74.08298, -13.9935 ], [ -74.04593, -13.98278 ] ] ] } },
{ "type": "Feature", "properties": { "UBIGEO_INEI": "051010", "DEPARTAMEN": "AYACUCHO", "PROVINCIA": "VICTOR FAJARDO", "DISTRITO": "HUALLA" }, "geometry": { "type": "Polygon", "coordinates": [ [ [ -73.93656, -13.80075 ], [ -73.9116, -13.82888 ], [ -73.90768, -13.86427 ], [ -73.89079, -13.89839 ], [ -73.91851, -13.91303 ], [ -73.93461, -13.91004 ], [ -73.95755, -13.91993 ], [ -73.96609, -13.91525 ], [ -73.97836, -13.92362 ], [ -74.00044, -13.91613 ], [ -73.9979, -13.9311 ], [ -74.02616, -13.92928 ], [ -74.03714, -13.93669 ], [ -74.04774, -13.9039 ], [ -74.06622, -13.90048 ], [ -74.07527, -13.8722 ], [ -74.0647, -13.86078 ], [ -74.049, -13.86112 ], [ -74.03976, -13.84719 ], [ -74.00927, -13.85799 ], [ -73.99647, -13.84588 ], [ -73.99357, -13.82312 ], [ -73.95817, -13.84 ], [ -73.93656, -13.80075 ] ] ] } },
{ "type": "Feature", "properties": { "UBIGEO_INEI": "051006", "DEPARTAMEN": "AYACUCHO", "PROVINCIA": "VICTOR FAJARDO", "DISTRITO": "CAYARA" }, "geometry": { "type": "Polygon", "coordinates": [ [ [ -73.9799, -13.74792 ], [ -73.95797, -13.78883 ], [ -73.93709, -13.8005 ], [ -73.95817, -13.84 ], [ -73.99908, -13.81945 ], [ -74.00695, -13.82381 ], [ -74.03207, -13.78616 ], [ -74.03857, -13.75447 ], [ -74.03248, -13.74865 ], [ -74.01365, -13.74841 ], [ -73.99913, -13.76484 ], [ -73.9799, -13.74792 ] ] ] } },
{ "type": "Feature", "properties": { "UBIGEO_INEI": "051008", "DEPARTAMEN": "AYACUCHO", "PROVINCIA": "VICTOR FAJARDO", "DISTRITO": "HUAMANQUIQUIA" }, "geometry": { "type": "Polygon", "coordinates": [ [ [ -74.28909, -13.63392 ], [ -74.27451, -13.69144 ], [ -74.26056, -13.69148 ], [ -74.24362, -13.70876 ], [ -74.23444, -13.70539 ], [ -74.22301, -13.71512 ], [ -74.23467, -13.7353 ], [ -74.22891, -13.74713 ], [ -74.26043, -13.76132 ], [ -74.30614, -13.75262 ], [ -74.31503, -13.73614 ], [ -74.3084, -13.72977 ], [ -74.31505, -13.71788 ], [ -74.31158, -13.68606 ], [ -74.2965, -13.66335 ], [ -74.29807, -13.63932 ], [ -74.28909, -13.63392 ] ] ] } },
{ "type": "Feature", "properties": { "UBIGEO_INEI": "051001", "DEPARTAMEN": "AYACUCHO", "PROVINCIA": "VICTOR FAJARDO", "DISTRITO": "HUANCAPI" }, "geometry": { "type": "Polygon", "coordinates": [ [ [ -74.1128, -13.64847 ], [ -74.09768, -13.66212 ], [ -74.10549, -13.6731 ], [ -74.09915, -13.69638 ], [ -74.08044, -13.70375 ], [ -74.05322, -13.73003 ], [ -74.0324, -13.76354 ], [ -74.02702, -13.79739 ], [ -74.01303, -13.81878 ], [ -73.9949, -13.82134 ], [ -73.99332, -13.82903 ], [ -73.99647, -13.84588 ], [ -74.00927, -13.85799 ], [ -74.04073, -13.84764 ], [ -74.049, -13.86112 ], [ -74.0647, -13.86078 ], [ -74.07527, -13.8722 ], [ -74.06968, -13.88719 ], [ -74.10806, -13.90819 ], [ -74.11432, -13.89583 ], [ -74.1385, -13.88868 ], [ -74.15518, -13.87287 ], [ -74.15976, -13.84137 ], [ -74.18902, -13.81386 ], [ -74.17406, -13.78402 ], [ -74.14531, -13.81731 ], [ -74.11875, -13.80548 ], [ -74.12237, -13.74137 ], [ -74.10028, -13.74272 ], [ -74.0967, -13.71203 ], [ -74.13436, -13.67266 ], [ -74.13081, -13.66101 ], [ -74.1128, -13.64847 ] ] ] } },
{ "type": "Feature", "properties": { "UBIGEO_INEI": "051009", "DEPARTAMEN": "AYACUCHO", "PROVINCIA": "VICTOR FAJARDO", "DISTRITO": "HUANCARAYLLA" }, "geometry": { "type": "Polygon", "coordinates": [ [ [ -74.13163, -13.67912 ], [ -74.0967, -13.71203 ], [ -74.10028, -13.74272 ], [ -74.12237, -13.74137 ], [ -74.11999, -13.80758 ], [ -74.14531, -13.81731 ], [ -74.17406, -13.78402 ], [ -74.18902, -13.81386 ], [ -74.22737, -13.80616 ], [ -74.22948, -13.78972 ], [ -74.24012, -13.78458 ], [ -74.25406, -13.75899 ], [ -74.22891, -13.74713 ], [ -74.23467, -13.7353 ], [ -74.22426, -13.71603 ], [ -74.19198, -13.69965 ], [ -74.18093, -13.70398 ], [ -74.1572, -13.68261 ], [ -74.13163, -13.67912 ] ] ] } },
{ "type": "Feature", "properties": { "UBIGEO_INEI": "051007", "DEPARTAMEN": "AYACUCHO", "PROVINCIA": "VICTOR FAJARDO", "DISTRITO": "COLCA" }, "geometry": { "type": "Polygon", "coordinates": [ [ [ -74.10131, -13.66657 ], [ -74.00513, -13.69657 ], [ -73.9996, -13.72264 ], [ -73.98021, -13.74754 ], [ -73.98493, -13.75765 ], [ -73.99913, -13.76484 ], [ -74.01365, -13.74841 ], [ -74.03902, -13.75415 ], [ -74.06478, -13.71692 ], [ -74.09915, -13.69638 ], [ -74.10131, -13.66657 ] ] ] } },
{ "type": "Feature", "properties": { "UBIGEO_INEI": "051002", "DEPARTAMEN": "AYACUCHO", "PROVINCIA": "VICTOR FAJARDO", "DISTRITO": "ALCAMENCA" }, "geometry": { "type": "Polygon", "coordinates": [ [ [ -74.22264, -13.62839 ], [ -74.18226, -13.63991 ], [ -74.13894, -13.63299 ], [ -74.11732, -13.64957 ], [ -74.13267, -13.66358 ], [ -74.13289, -13.67872 ], [ -74.16097, -13.68412 ], [ -74.18093, -13.70398 ], [ -74.19198, -13.69965 ], [ -74.22301, -13.71512 ], [ -74.23444, -13.70539 ], [ -74.24362, -13.70876 ], [ -74.26056, -13.69148 ], [ -74.27451, -13.69144 ], [ -74.28909, -13.63392 ], [ -74.22264, -13.62839 ] ] ] } },
{ "type": "Feature", "properties": { "UBIGEO_INEI": "051011", "DEPARTAMEN": "AYACUCHO", "PROVINCIA": "VICTOR FAJARDO", "DISTRITO": "SARHUA" }, "geometry": { "type": "Polygon", "coordinates": [ [ [ -74.43498, -13.58784 ], [ -74.41985, -13.59552 ], [ -74.39799, -13.59334 ], [ -74.28909, -13.63392 ], [ -74.29807, -13.63932 ], [ -74.2965, -13.66335 ], [ -74.31158, -13.68606 ], [ -74.31505, -13.71788 ], [ -74.3084, -13.72977 ], [ -74.32511, -13.75165 ], [ -74.32268, -13.76284 ], [ -74.33261, -13.76304 ], [ -74.3696, -13.73634 ], [ -74.36249, -13.7594 ], [ -74.42587, -13.79756 ], [ -74.4912, -13.7588 ], [ -74.49713, -13.7412 ], [ -74.52069, -13.73586 ], [ -74.54029, -13.69464 ], [ -74.48858, -13.65385 ], [ -74.46509, -13.64754 ], [ -74.45742, -13.60629 ], [ -74.43498, -13.58784 ] ] ] } },
{ "type": "Feature", "properties": { "UBIGEO_INEI": "051012", "DEPARTAMEN": "AYACUCHO", "PROVINCIA": "VICTOR FAJARDO", "DISTRITO": "VILCANCHOS" }, "geometry": { "type": "Polygon", "coordinates": [ [ [ -74.6396, -13.55544 ], [ -74.52106, -13.61548 ], [ -74.51386, -13.61234 ], [ -74.51764, -13.60301 ], [ -74.50698, -13.59893 ], [ -74.43507, -13.58782 ], [ -74.45742, -13.60629 ], [ -74.46446, -13.64682 ], [ -74.52894, -13.67949 ], [ -74.54007, -13.69017 ], [ -74.53505, -13.70905 ], [ -74.54692, -13.71804 ], [ -74.56679, -13.71813 ], [ -74.59168, -13.69679 ], [ -74.62016, -13.69606 ], [ -74.61668, -13.71026 ], [ -74.63603, -13.74062 ], [ -74.70728, -13.74526 ], [ -74.76653, -13.77223 ], [ -74.75389, -13.73698 ], [ -74.77539, -13.71054 ], [ -74.78115, -13.64818 ], [ -74.77111, -13.61012 ], [ -74.78242, -13.57851 ], [ -74.75315, -13.58945 ], [ -74.73982, -13.58017 ], [ -74.70949, -13.58516 ], [ -74.67682, -13.57464 ], [ -74.66498, -13.56035 ], [ -74.6396, -13.55544 ] ] ] } },
{ "type": "Feature", "properties": { "UBIGEO_INEI": "230110", "DEPARTAMEN": "TACNA", "PROVINCIA": "TACNA", "DISTRITO": "CORONEL GREGORIO ALBARRACIN LANCHIPA" }, "geometry": { "type": "Polygon", "coordinates": [ [ [ -70.2371, -18.02246 ], [ -70.1828, -18.05144 ], [ -70.14409, -18.09309 ], [ -70.15303, -18.10714 ], [ -70.18262, -18.13517 ], [ -70.23492, -18.15196 ], [ -70.28231, -18.1808 ], [ -70.32852, -18.18456 ], [ -70.33709, -18.1467 ], [ -70.3308, -18.13199 ], [ -70.30389, -18.1333 ], [ -70.2694, -18.07112 ], [ -70.26333, -18.04274 ], [ -70.26979, -18.03798 ], [ -70.2371, -18.02246 ] ] ] } },
{ "type": "Feature", "properties": { "UBIGEO_INEI": "230101", "DEPARTAMEN": "TACNA", "PROVINCIA": "TACNA", "DISTRITO": "TACNA" }, "geometry": { "type": "Polygon", "coordinates": [ [ [ -70.42374, -17.88983 ], [ -70.31302, -17.94563 ], [ -70.27633, -17.98402 ], [ -70.26579, -17.98362 ], [ -70.26959, -18.00479 ], [ -70.235, -17.99231 ], [ -70.22201, -18.01643 ], [ -70.26979, -18.03798 ], [ -70.26333, -18.04274 ], [ -70.2694, -18.07112 ], [ -70.30389, -18.1333 ], [ -70.3308, -18.13199 ], [ -70.33774, -18.15319 ], [ -70.32819, -18.18466 ], [ -70.28231, -18.1808 ], [ -70.23492, -18.15196 ], [ -70.18262, -18.13517 ], [ -70.11407, -18.06083 ], [ -70.0316, -18.06173 ], [ -70.01082, -18.0354 ], [ -69.9116, -17.95841 ], [ -69.88105, -17.97049 ], [ -69.81256, -17.97139 ], [ -69.80502, -17.97975 ], [ -69.78318, -17.98298 ], [ -69.76806, -17.97607 ], [ -69.75253, -17.98799 ], [ -69.81308, -18.11448 ], [ -69.85431, -18.16535 ], [ -69.96055, -18.26288 ], [ -69.98023, -18.27026 ], [ -70.05071, -18.2688 ], [ -70.14965, -18.31837 ], [ -70.19717, -18.32219 ], [ -70.2868, -18.30811 ], [ -70.32639, -18.31278 ], [ -70.32693, -18.29816 ], [ -70.3156, -18.29355 ], [ -70.32681, -18.19993 ], [ -70.3345, -18.20368 ], [ -70.33685, -18.18695 ], [ -70.34853, -18.18908 ], [ -70.34393, -18.1395 ], [ -70.33649, -18.13029 ], [ -70.35916, -18.10939 ], [ -70.37385, -18.11894 ], [ -70.38343, -18.10456 ], [ -70.46859, -18.0754 ], [ -70.51251, -18.08992 ], [ -70.54628, -18.12008 ], [ -70.56906, -18.12959 ], [ -70.57651, -18.17235 ], [ -70.58577, -18.17843 ], [ -70.58516, -18.19936 ], [ -70.5745, -18.20542 ], [ -70.57725, -18.21671 ], [ -70.60465, -18.20111 ], [ -70.59648, -18.1589 ], [ -70.61319, -18.14842 ], [ -70.62164, -18.09666 ], [ -70.63856, -18.07165 ], [ -70.58546, -18.06412 ], [ -70.54558, -18.0205 ], [ -70.51136, -17.96718 ], [ -70.48178, -17.94816 ], [ -70.42374, -17.88983 ] ] ] } },
{ "type": "Feature", "properties": { "UBIGEO_INEI": "230103", "DEPARTAMEN": "TACNA", "PROVINCIA": "TACNA", "DISTRITO": "CALANA" }, "geometry": { "type": "Polygon", "coordinates": [ [ [ -70.12137, -17.90414 ], [ -70.06763, -17.91739 ], [ -70.08958, -17.93924 ], [ -70.07781, -17.94954 ], [ -70.09201, -17.98026 ], [ -70.17243, -18.00567 ], [ -70.20434, -17.98542 ], [ -70.2227, -17.95479 ], [ -70.18422, -17.91437 ], [ -70.15135, -17.93081 ], [ -70.12137, -17.90414 ] ] ] } },
{ "type": "Feature", "properties": { "UBIGEO_INEI": "180301", "DEPARTAMEN": "MOQUEGUA", "PROVINCIA": "ILO", "DISTRITO": "ILO" }, "geometry": { "type": "Polygon", "coordinates": [ [ [ -71.34174, -17.6211 ], [ -71.32122, -17.62247 ], [ -71.29099, -17.67589 ], [ -71.26632, -17.66737 ], [ -71.23395, -17.67281 ], [ -71.18254, -17.66363 ], [ -71.14919, -17.67319 ], [ -71.13919, -17.69231 ], [ -71.09901, -17.69732 ], [ -71.09937, -17.71744 ], [ -71.08412, -17.72128 ], [ -71.08199, -17.73399 ], [ -71.10113, -17.7395 ], [ -71.12628, -17.81283 ], [ -71.13944, -17.82148 ], [ -71.16123, -17.81494 ], [ -71.18488, -17.78121 ], [ -71.34984, -17.69315 ], [ -71.36336, -17.69265 ], [ -71.36818, -17.70616 ], [ -71.38138, -17.70735 ], [ -71.3513, -17.64503 ], [ -71.34272, -17.64069 ], [ -71.34174, -17.6211 ] ] ] } },
{ "type": "Feature", "properties": { "UBIGEO_INEI": "180302", "DEPARTAMEN": "MOQUEGUA", "PROVINCIA": "ILO", "DISTRITO": "EL ALGARROBAL" }, "geometry": { "type": "Polygon", "coordinates": [ [ [ -71.27406, -17.42715 ], [ -71.2573, -17.44074 ], [ -71.21587, -17.43467 ], [ -71.17356, -17.45348 ], [ -71.15761, -17.45328 ], [ -71.14449, -17.43676 ], [ -71.11589, -17.47482 ], [ -71.07682, -17.48484 ], [ -71.07255, -17.5258 ], [ -71.03779, -17.55533 ], [ -71.02278, -17.59774 ], [ -70.99454, -17.62197 ], [ -70.94638, -17.63282 ], [ -70.91834, -17.64945 ], [ -70.90781, -17.64722 ], [ -70.9125, -17.68737 ], [ -70.95628, -17.67596 ], [ -70.98316, -17.68463 ], [ -70.993, -17.67912 ], [ -71.00335, -17.6837 ], [ -71.01711, -17.70921 ], [ -71.02692, -17.70387 ], [ -71.08776, -17.72158 ], [ -71.09937, -17.71744 ], [ -71.09831, -17.69878 ], [ -71.10602, -17.69213 ], [ -71.13919, -17.69231 ], [ -71.14704, -17.67492 ], [ -71.17292, -17.66515 ], [ -71.23395, -17.67281 ], [ -71.26632, -17.66737 ], [ -71.29099, -17.67589 ], [ -71.32123, -17.6204 ], [ -71.26741, -17.58026 ], [ -71.25856, -17.53288 ], [ -71.26813, -17.50125 ], [ -71.28769, -17.49158 ], [ -71.29088, -17.46906 ], [ -71.31187, -17.4525 ], [ -71.27406, -17.42715 ] ] ] } },
{ "type": "Feature", "properties": { "UBIGEO_INEI": "180303", "DEPARTAMEN": "MOQUEGUA", "PROVINCIA": "ILO", "DISTRITO": "PACOCHA" }, "geometry": { "type": "Polygon", "coordinates": [ [ [ -71.44067, -17.25181 ], [ -71.4313, -17.26136 ], [ -71.38541, -17.26507 ], [ -71.39973, -17.28163 ], [ -71.39486, -17.30558 ], [ -71.36621, -17.31436 ], [ -71.37634, -17.35128 ], [ -71.3481, -17.37647 ], [ -71.34303, -17.39031 ], [ -71.32923, -17.3862 ], [ -71.31985, -17.39204 ], [ -71.33068, -17.39805 ], [ -71.31561, -17.41995 ], [ -71.31011, -17.45824 ], [ -71.29088, -17.46906 ], [ -71.28769, -17.49158 ], [ -71.26353, -17.50895 ], [ -71.25844, -17.54247 ], [ -71.26699, -17.57954 ], [ -71.30019, -17.59858 ], [ -71.32262, -17.62292 ], [ -71.34259, -17.62114 ], [ -71.35817, -17.58932 ], [ -71.36787, -17.52102 ], [ -71.3626, -17.49085 ], [ -71.38719, -17.4306 ], [ -71.38964, -17.3985 ], [ -71.39699, -17.38646 ], [ -71.4188, -17.37749 ], [ -71.42234, -17.36535 ], [ -71.43279, -17.36665 ], [ -71.43711, -17.33856 ], [ -71.45811, -17.33242 ], [ -71.46989, -17.31882 ], [ -71.47688, -17.32281 ], [ -71.47254, -17.29716 ], [ -71.4908, -17.28501 ], [ -71.46555, -17.2545 ], [ -71.44067, -17.25181 ] ] ] } },
{ "type": "Feature", "properties": { "UBIGEO_INEI": "230105", "DEPARTAMEN": "TACNA", "PROVINCIA": "TACNA", "DISTRITO": "INCLAN" }, "geometry": { "type": "Polygon", "coordinates": [ [ [ -70.3803, -17.46014 ], [ -70.34579, -17.46074 ], [ -70.33222, -17.50876 ], [ -70.31287, -17.51956 ], [ -70.30322, -17.53899 ], [ -70.2876, -17.53756 ], [ -70.28125, -17.56073 ], [ -70.2597, -17.57828 ], [ -70.22571, -17.59181 ], [ -70.17326, -17.58692 ], [ -70.16125, -17.598 ], [ -70.16898, -17.60619 ], [ -70.16361, -17.64052 ], [ -70.21685, -17.71453 ], [ -70.2237, -17.73754 ], [ -70.26582, -17.76201 ], [ -70.3038, -17.76978 ], [ -70.32007, -17.79149 ], [ -70.37289, -17.82543 ], [ -70.42374, -17.88983 ], [ -70.59346, -17.80408 ], [ -70.71644, -17.7781 ], [ -70.69787, -17.76803 ], [ -70.68091, -17.71561 ], [ -70.60842, -17.65628 ], [ -70.5089, -17.54534 ], [ -70.44683, -17.51591 ], [ -70.42828, -17.48334 ], [ -70.40533, -17.47838 ], [ -70.3803, -17.46014 ] ] ] } },
{ "type": "Feature", "properties": { "UBIGEO_INEI": "230106", "DEPARTAMEN": "TACNA", "PROVINCIA": "TACNA", "DISTRITO": "PACHIA" }, "geometry": { "type": "Polygon", "coordinates": [ [ [ -69.94234, -17.57795 ], [ -69.93101, -17.59023 ], [ -69.88168, -17.58267 ], [ -69.86161, -17.59863 ], [ -69.88218, -17.6467 ], [ -69.9261, -17.70025 ], [ -69.95712, -17.71109 ], [ -69.96036, -17.72496 ], [ -69.98432, -17.73059 ], [ -69.98833, -17.74522 ], [ -69.97331, -17.76675 ], [ -69.99406, -17.78261 ], [ -70.01083, -17.81324 ], [ -70.00464, -17.82797 ], [ -70.00732, -17.8686 ], [ -69.96343, -17.85435 ], [ -69.94797, -17.91093 ], [ -69.93217, -17.92612 ], [ -69.96761, -17.93056 ], [ -70.06104, -17.9774 ], [ -70.09201, -17.98026 ], [ -70.07781, -17.94954 ], [ -70.08963, -17.93937 ], [ -70.06977, -17.91409 ], [ -70.12207, -17.90388 ], [ -70.15135, -17.93081 ], [ -70.18422, -17.91437 ], [ -70.16377, -17.88993 ], [ -70.15057, -17.83177 ], [ -70.13407, -17.80057 ], [ -70.10647, -17.78544 ], [ -70.0486, -17.67278 ], [ -70.01953, -17.66086 ], [ -70.0073, -17.64206 ], [ -70.01438, -17.62548 ], [ -69.99718, -17.61696 ], [ -69.98406, -17.59782 ], [ -69.96714, -17.58622 ], [ -69.95692, -17.59047 ], [ -69.94234, -17.57795 ] ] ] } },
{ "type": "Feature", "properties": { "UBIGEO_INEI": "230107", "DEPARTAMEN": "TACNA", "PROVINCIA": "TACNA", "DISTRITO": "PALCA" }, "geometry": { "type": "Polygon", "coordinates": [ [ [ -69.59849, -17.39304 ], [ -69.58811, -17.40189 ], [ -69.52701, -17.40972 ], [ -69.51915, -17.42388 ], [ -69.48779, -17.4377 ], [ -69.46838, -17.46479 ], [ -69.46829, -17.50417 ], [ -69.66541, -17.6599 ], [ -69.79599, -17.64624 ], [ -69.8212, -17.68636 ], [ -69.82168, -17.74381 ], [ -69.80005, -17.76233 ], [ -69.79571, -17.86226 ], [ -69.77672, -17.90816 ], [ -69.74718, -17.94394 ], [ -69.7515, -17.98559 ], [ -69.76806, -17.97607 ], [ -69.78256, -17.98303 ], [ -69.80502, -17.97975 ], [ -69.81256, -17.97139 ], [ -69.89406, -17.96684 ], [ -69.94797, -17.91093 ], [ -69.96343, -17.85435 ], [ -70.00732, -17.8686 ], [ -70.00464, -17.82797 ], [ -70.01083, -17.81324 ], [ -69.99406, -17.78261 ], [ -69.97254, -17.76421 ], [ -69.98833, -17.74522 ], [ -69.98432, -17.73059 ], [ -69.96036, -17.72496 ], [ -69.95712, -17.71109 ], [ -69.92825, -17.70217 ], [ -69.88218, -17.6467 ], [ -69.86161, -17.59863 ], [ -69.87575, -17.58484 ], [ -69.87211, -17.54637 ], [ -69.8463, -17.50569 ], [ -69.8498, -17.48942 ], [ -69.83669, -17.47138 ], [ -69.83826, -17.46008 ], [ -69.81955, -17.45465 ], [ -69.80298, -17.46127 ], [ -69.72834, -17.45996 ], [ -69.70343, -17.4741 ], [ -69.67988, -17.45757 ], [ -69.69039, -17.44352 ], [ -69.66556, -17.42922 ], [ -69.65502, -17.41288 ], [ -69.61442, -17.418 ], [ -69.59849, -17.39304 ] ] ] } },
{ "type": "Feature", "properties": { "UBIGEO_INEI": "230108", "DEPARTAMEN": "TACNA", "PROVINCIA": "TACNA", "DISTRITO": "POCOLLAY" }, "geometry": { "type": "Polygon", "coordinates": [ [ [ -69.93217, -17.92612 ], [ -69.90467, -17.95829 ], [ -69.92888, -17.96589 ], [ -69.94358, -17.98786 ], [ -69.98202, -18.01092 ], [ -70.03122, -18.06151 ], [ -70.11307, -18.06051 ], [ -70.14409, -18.09309 ], [ -70.1828, -18.05144 ], [ -70.2371, -18.02246 ], [ -70.22201, -18.01643 ], [ -70.235, -17.99231 ], [ -70.22165, -17.97448 ], [ -70.22352, -17.9584 ], [ -70.20434, -17.98542 ], [ -70.17243, -18.00567 ], [ -70.13664, -17.98945 ], [ -70.0597, -17.97694 ], [ -69.96494, -17.92964 ], [ -69.93217, -17.92612 ] ] ] } },
{ "type": "Feature", "properties": { "UBIGEO_INEI": "230109", "DEPARTAMEN": "TACNA", "PROVINCIA": "TACNA", "DISTRITO": "SAMA" }, "geometry": { "type": "Polygon", "coordinates": [ [ [ -70.71544, -17.77831 ], [ -70.59346, -17.80408 ], [ -70.42374, -17.88983 ], [ -70.48178, -17.94816 ], [ -70.51136, -17.96718 ], [ -70.54558, -18.0205 ], [ -70.58546, -18.06412 ], [ -70.63856, -18.07165 ], [ -70.62164, -18.09666 ], [ -70.61319, -18.14842 ], [ -70.59648, -18.1589 ], [ -70.60465, -18.20111 ], [ -70.6795, -18.1618 ], [ -70.72956, -18.11866 ], [ -70.73003, -18.10828 ], [ -70.7606, -18.07871 ], [ -70.81167, -18.05025 ], [ -70.81316, -18.04049 ], [ -70.87033, -18.01991 ], [ -70.88927, -18.00379 ], [ -70.88256, -17.99397 ], [ -70.88947, -17.97652 ], [ -70.86334, -17.9668 ], [ -70.83929, -17.91152 ], [ -70.82286, -17.89394 ], [ -70.80685, -17.88957 ], [ -70.76006, -17.81823 ], [ -70.71544, -17.77831 ] ] ] } },
{ "type": "Feature", "properties": { "UBIGEO_INEI": "230401", "DEPARTAMEN": "TACNA", "PROVINCIA": "TARATA", "DISTRITO": "TARATA" }, "geometry": { "type": "Polygon", "coordinates": [ [ [ -69.79619, -17.23295 ], [ -69.77435, -17.24994 ], [ -69.76184, -17.28044 ], [ -69.73107, -17.29547 ], [ -69.69525, -17.27439 ], [ -69.68293, -17.27874 ], [ -69.65544, -17.27075 ], [ -69.64456, -17.28752 ], [ -69.57522, -17.29259 ], [ -69.46732, -17.37354 ], [ -69.46838, -17.46479 ], [ -69.48779, -17.4377 ], [ -69.51915, -17.42388 ], [ -69.52657, -17.40992 ], [ -69.58811, -17.40189 ], [ -69.59849, -17.39304 ], [ -69.61442, -17.418 ], [ -69.65502, -17.41288 ], [ -69.66556, -17.42922 ], [ -69.69039, -17.44352 ], [ -69.67988, -17.45757 ], [ -69.70343, -17.4741 ], [ -69.72585, -17.46023 ], [ -69.7744, -17.45606 ], [ -69.79695, -17.46162 ], [ -69.82461, -17.45497 ], [ -69.83826, -17.46008 ], [ -69.83669, -17.47138 ], [ -69.8498, -17.48942 ], [ -69.91323, -17.4688 ], [ -69.92737, -17.48038 ], [ -69.94509, -17.46281 ], [ -70.00481, -17.48169 ], [ -70.03124, -17.50232 ], [ -70.06661, -17.50556 ], [ -70.07996, -17.48571 ], [ -70.06311, -17.48448 ], [ -70.03661, -17.45125 ], [ -70.01644, -17.44958 ], [ -70.00807, -17.43844 ], [ -69.97703, -17.4362 ], [ -69.96118, -17.41178 ], [ -69.93695, -17.42152 ], [ -69.93251, -17.41038 ], [ -69.9466, -17.39269 ], [ -69.94539, -17.37521 ], [ -69.92439, -17.36085 ], [ -69.91157, -17.33334 ], [ -69.85738, -17.29874 ], [ -69.79619, -17.23295 ] ] ] } },
{ "type": "Feature", "properties": { "UBIGEO_INEI": "230402", "DEPARTAMEN": "TACNA", "PROVINCIA": "TARATA", "DISTRITO": "HEROES ALBARRACIN" }, "geometry": { "type": "Polygon", "coordinates": [ [ [ -70.24878, -17.38473 ], [ -70.24067, -17.40491 ], [ -70.22048, -17.4161 ], [ -70.21594, -17.4422 ], [ -70.19886, -17.45028 ], [ -70.18886, -17.47065 ], [ -70.16999, -17.47421 ], [ -70.14628, -17.459 ], [ -70.14051, -17.46556 ], [ -70.11974, -17.4544 ], [ -70.10772, -17.46332 ], [ -70.08624, -17.46004 ], [ -70.08087, -17.4888 ], [ -70.06661, -17.50556 ], [ -70.07612, -17.52166 ], [ -70.07099, -17.53601 ], [ -70.08857, -17.55751 ], [ -70.13196, -17.54191 ], [ -70.15794, -17.56259 ], [ -70.16997, -17.58819 ], [ -70.23619, -17.59006 ], [ -70.27991, -17.56261 ], [ -70.2876, -17.53756 ], [ -70.30322, -17.53899 ], [ -70.31287, -17.51956 ], [ -70.3318, -17.50932 ], [ -70.34579, -17.46074 ], [ -70.29208, -17.40966 ], [ -70.27746, -17.40856 ], [ -70.27975, -17.39323 ], [ -70.24878, -17.38473 ] ] ] } },
{ "type": "Feature", "properties": { "UBIGEO_INEI": "230403", "DEPARTAMEN": "TACNA", "PROVINCIA": "TARATA", "DISTRITO": "ESTIQUE" }, "geometry": { "type": "Polygon", "coordinates": [ [ [ -69.84906, -17.49739 ], [ -69.8463, -17.50569 ], [ -69.87211, -17.54637 ], [ -69.87575, -17.58484 ], [ -69.93101, -17.59023 ], [ -69.94307, -17.57782 ], [ -69.95765, -17.59075 ], [ -69.96714, -17.58622 ], [ -70.01438, -17.62548 ], [ -70.0073, -17.64206 ], [ -70.01503, -17.65514 ], [ -70.0486, -17.67278 ], [ -70.05497, -17.69446 ], [ -70.09472, -17.72496 ], [ -70.11246, -17.76246 ], [ -70.13761, -17.77267 ], [ -70.19324, -17.7756 ], [ -70.13467, -17.69335 ], [ -70.11208, -17.67655 ], [ -70.10927, -17.65853 ], [ -70.09936, -17.65574 ], [ -70.08849, -17.62319 ], [ -70.09227, -17.61227 ], [ -70.07151, -17.59407 ], [ -70.07045, -17.57335 ], [ -70.05604, -17.56337 ], [ -70.03871, -17.57282 ], [ -70.02158, -17.56365 ], [ -70.02065, -17.55078 ], [ -70.0316, -17.53705 ], [ -70.0182, -17.5296 ], [ -69.98915, -17.54203 ], [ -69.95122, -17.52318 ], [ -69.93419, -17.52595 ], [ -69.84906, -17.49739 ] ] ] } },
{ "type": "Feature", "properties": { "UBIGEO_INEI": "230404", "DEPARTAMEN": "TACNA", "PROVINCIA": "TARATA", "DISTRITO": "ESTIQUE-PAMPA" }, "geometry": { "type": "Polygon", "coordinates": [ [ [ -70.07352, -17.51873 ], [ -70.02064, -17.52941 ], [ -70.0316, -17.53705 ], [ -70.02065, -17.55078 ], [ -70.02158, -17.56365 ], [ -70.03871, -17.57282 ], [ -70.05604, -17.56337 ], [ -70.07045, -17.57335 ], [ -70.07151, -17.59407 ], [ -70.09227, -17.61227 ], [ -70.08849, -17.62319 ], [ -70.09936, -17.65574 ], [ -70.10927, -17.65853 ], [ -70.11208, -17.67655 ], [ -70.13467, -17.69335 ], [ -70.19324, -17.7756 ], [ -70.20119, -17.75833 ], [ -70.15372, -17.6934 ], [ -70.14328, -17.63734 ], [ -70.15183, -17.62414 ], [ -70.15002, -17.59754 ], [ -70.1608, -17.59947 ], [ -70.16997, -17.58819 ], [ -70.16032, -17.57743 ], [ -70.16383, -17.57021 ], [ -70.13196, -17.54191 ], [ -70.08857, -17.55751 ], [ -70.07099, -17.53601 ], [ -70.07352, -17.51873 ] ] ] } },
{ "type": "Feature", "properties": { "UBIGEO_INEI": "230405", "DEPARTAMEN": "TACNA", "PROVINCIA": "TARATA", "DISTRITO": "SITAJARA" }, "geometry": { "type": "Polygon", "coordinates": [ [ [ -70.14486, -17.31512 ], [ -70.12875, -17.31921 ], [ -70.14735, -17.35313 ], [ -70.14674, -17.3647 ], [ -70.1379, -17.37046 ], [ -70.10607, -17.36718 ], [ -70.05947, -17.34335 ], [ -70.04331, -17.35065 ], [ -70.04272, -17.36718 ], [ -70.08019, -17.41654 ], [ -70.09053, -17.45907 ], [ -70.10772, -17.46332 ], [ -70.11974, -17.4544 ], [ -70.14051, -17.46556 ], [ -70.14628, -17.459 ], [ -70.16999, -17.47421 ], [ -70.18886, -17.47065 ], [ -70.19886, -17.45028 ], [ -70.21594, -17.4422 ], [ -70.22173, -17.41414 ], [ -70.24067, -17.40491 ], [ -70.24783, -17.38515 ], [ -70.26299, -17.38958 ], [ -70.26338, -17.37824 ], [ -70.2446, -17.35913 ], [ -70.22558, -17.35778 ], [ -70.21853, -17.34174 ], [ -70.19478, -17.32447 ], [ -70.14486, -17.31512 ] ] ] } },
{ "type": "Feature", "properties": { "UBIGEO_INEI": "230406", "DEPARTAMEN": "TACNA", "PROVINCIA": "TARATA", "DISTRITO": "SUSAPAYA" }, "geometry": { "type": "Polygon", "coordinates": [ [ [ -70.07241, -17.03533 ], [ -70.04234, -17.05871 ], [ -70.0468, -17.09943 ], [ -70.04033, -17.12768 ], [ -70.02513, -17.12218 ], [ -70.01317, -17.14164 ], [ -69.98763, -17.15142 ], [ -69.98136, -17.16862 ], [ -69.97248, -17.16586 ], [ -69.96767, -17.17882 ], [ -69.92967, -17.2022 ], [ -69.95337, -17.22238 ], [ -69.96514, -17.26411 ], [ -70.01127, -17.29083 ], [ -70.01508, -17.31479 ], [ -70.03332, -17.31104 ], [ -70.04115, -17.31714 ], [ -70.03375, -17.32737 ], [ -70.04267, -17.35242 ], [ -70.06075, -17.34341 ], [ -70.10607, -17.36718 ], [ -70.1363, -17.37106 ], [ -70.14726, -17.36328 ], [ -70.14364, -17.3444 ], [ -70.12875, -17.31921 ], [ -70.11259, -17.31507 ], [ -70.09361, -17.29233 ], [ -70.11479, -17.23725 ], [ -70.09906, -17.21733 ], [ -70.10143, -17.20024 ], [ -70.08637, -17.19614 ], [ -70.09604, -17.18776 ], [ -70.09766, -17.13862 ], [ -70.08406, -17.09395 ], [ -70.07, -17.08118 ], [ -70.07715, -17.04797 ], [ -70.07241, -17.03533 ] ] ] } },
{ "type": "Feature", "properties": { "UBIGEO_INEI": "230407", "DEPARTAMEN": "TACNA", "PROVINCIA": "TARATA", "DISTRITO": "TARUCACHI" }, "geometry": { "type": "Polygon", "coordinates": [ [ [ -69.94363, -17.46296 ], [ -69.92737, -17.48038 ], [ -69.91562, -17.46864 ], [ -69.88796, -17.47181 ], [ -69.8498, -17.48942 ], [ -69.84906, -17.49739 ], [ -69.92484, -17.5237 ], [ -69.95122, -17.52318 ], [ -69.98915, -17.54203 ], [ -70.07352, -17.51873 ], [ -70.06693, -17.50569 ], [ -70.03124, -17.50232 ], [ -70.00481, -17.48169 ], [ -69.94363, -17.46296 ] ] ] } },
{ "type": "Feature", "properties": { "UBIGEO_INEI": "230408", "DEPARTAMEN": "TACNA", "PROVINCIA": "TARATA", "DISTRITO": "TICACO" }, "geometry": { "type": "Polygon", "coordinates": [ [ [ -69.92769, -17.20222 ], [ -69.89863, -17.22091 ], [ -69.87361, -17.22332 ], [ -69.85078, -17.24408 ], [ -69.79624, -17.23293 ], [ -69.85738, -17.29874 ], [ -69.91157, -17.33334 ], [ -69.92439, -17.36085 ], [ -69.94539, -17.37521 ], [ -69.9466, -17.39269 ], [ -69.93251, -17.41038 ], [ -69.93695, -17.42152 ], [ -69.96118, -17.41178 ], [ -69.97703, -17.4362 ], [ -70.00807, -17.43844 ], [ -70.01644, -17.44958 ], [ -70.03661, -17.45125 ], [ -70.06311, -17.48448 ], [ -70.07975, -17.48551 ], [ -70.09053, -17.45907 ], [ -70.08652, -17.42975 ], [ -70.04346, -17.36926 ], [ -70.03375, -17.32737 ], [ -70.04115, -17.31714 ], [ -70.03332, -17.31104 ], [ -70.01425, -17.31402 ], [ -70.01127, -17.29083 ], [ -69.96514, -17.26411 ], [ -69.95337, -17.22238 ], [ -69.92769, -17.20222 ] ] ] } },
{ "type": "Feature", "properties": { "UBIGEO_INEI": "230102", "DEPARTAMEN": "TACNA", "PROVINCIA": "TACNA", "DISTRITO": "ALTO DE LA ALIANZA" }, "geometry": { "type": "Polygon", "coordinates": [ [ [ -70.15419, -17.59537 ], [ -70.15183, -17.62414 ], [ -70.14318, -17.63539 ], [ -70.15372, -17.6934 ], [ -70.20104, -17.75797 ], [ -70.19023, -17.77594 ], [ -70.21406, -17.8101 ], [ -70.25431, -17.90313 ], [ -70.25492, -17.96606 ], [ -70.235, -17.99231 ], [ -70.26917, -18.00499 ], [ -70.26579, -17.98362 ], [ -70.27633, -17.98402 ], [ -70.31302, -17.94563 ], [ -70.42374, -17.88983 ], [ -70.37289, -17.82543 ], [ -70.32007, -17.79149 ], [ -70.3038, -17.76978 ], [ -70.26582, -17.76201 ], [ -70.2237, -17.73754 ], [ -70.21685, -17.71453 ], [ -70.16404, -17.64146 ], [ -70.16857, -17.60275 ], [ -70.15419, -17.59537 ] ] ] } },
{ "type": "Feature", "properties": { "UBIGEO_INEI": "230104", "DEPARTAMEN": "TACNA", "PROVINCIA": "TACNA", "DISTRITO": "CIUDAD NUEVA" }, "geometry": { "type": "Polygon", "coordinates": [ [ [ -70.0722, -17.71083 ], [ -70.10647, -17.78544 ], [ -70.13328, -17.79939 ], [ -70.15057, -17.83177 ], [ -70.16377, -17.88993 ], [ -70.22202, -17.9532 ], [ -70.22165, -17.97448 ], [ -70.235, -17.99231 ], [ -70.25492, -17.96606 ], [ -70.25431, -17.90313 ], [ -70.207, -17.79696 ], [ -70.19023, -17.77594 ], [ -70.13761, -17.77267 ], [ -70.11246, -17.76246 ], [ -70.09472, -17.72496 ], [ -70.0722, -17.71083 ] ] ] } },
{ "type": "Feature", "properties": { "UBIGEO_INEI": "040105", "DEPARTAMEN": "AREQUIPA", "PROVINCIA": "AREQUIPA", "DISTRITO": "CHARACATO" }, "geometry": { "type": "Polygon", "coordinates": [ [ [ -71.26121, -16.40315 ], [ -71.24976, -16.40915 ], [ -71.2393, -16.43134 ], [ -71.28621, -16.43927 ], [ -71.36494, -16.48015 ], [ -71.38531, -16.47416 ], [ -71.40665, -16.49001 ], [ -71.4418, -16.49509 ], [ -71.46377, -16.48115 ], [ -71.51611, -16.48529 ], [ -71.49187, -16.46153 ], [ -71.47316, -16.46824 ], [ -71.44289, -16.45477 ], [ -71.4136, -16.46117 ], [ -71.40682, -16.42857 ], [ -71.3923, -16.44065 ], [ -71.31872, -16.43898 ], [ -71.2859, -16.42667 ], [ -71.26121, -16.40315 ] ] ] } },
{ "type": "Feature", "properties": { "UBIGEO_INEI": "040106", "DEPARTAMEN": "AREQUIPA", "PROVINCIA": "AREQUIPA", "DISTRITO": "CHIGUATA" }, "geometry": { "type": "Polygon", "coordinates": [ [ [ -71.41061, -16.29621 ], [ -71.35168, -16.30998 ], [ -71.32141, -16.30845 ], [ -71.25407, -16.40395 ], [ -71.26703, -16.40625 ], [ -71.28658, -16.427 ], [ -71.33311, -16.44088 ], [ -71.39294, -16.44053 ], [ -71.40682, -16.42857 ], [ -71.42196, -16.42948 ], [ -71.4292, -16.41744 ], [ -71.44611, -16.41572 ], [ -71.45108, -16.39303 ], [ -71.42637, -16.35111 ], [ -71.41061, -16.29621 ] ] ] } },
{ "type": "Feature", "properties": { "UBIGEO_INEI": "040108", "DEPARTAMEN": "AREQUIPA", "PROVINCIA": "AREQUIPA", "DISTRITO": "LA JOYA" }, "geometry": { "type": "Polygon", "coordinates": [ [ [ -71.79613, -16.39364 ], [ -71.76897, -16.4027 ], [ -71.76723, -16.43034 ], [ -71.73948, -16.43161 ], [ -71.73643, -16.43996 ], [ -71.75037, -16.45807 ], [ -71.76302, -16.46186 ], [ -71.76605, -16.47903 ], [ -71.77634, -16.48584 ], [ -71.70722, -16.53846 ], [ -71.69985, -16.55887 ], [ -71.68682, -16.56808 ], [ -71.69926, -16.5885 ], [ -71.67911, -16.59927 ], [ -71.6529, -16.58444 ], [ -71.62601, -16.58645 ], [ -71.6242, -16.59437 ], [ -71.63245, -16.59922 ], [ -71.63914, -16.62419 ], [ -71.66964, -16.63579 ], [ -71.6687, -16.65732 ], [ -71.67549, -16.65983 ], [ -71.66973, -16.70545 ], [ -71.74801, -16.69823 ], [ -71.86951, -16.78598 ], [ -71.87073, -16.71343 ], [ -71.90997, -16.67504 ], [ -71.87318, -16.62558 ], [ -71.91701, -16.59759 ], [ -71.89605, -16.56772 ], [ -71.89016, -16.48796 ], [ -71.87731, -16.48223 ], [ -71.85912, -16.44521 ], [ -71.85866, -16.40709 ], [ -71.79613, -16.39364 ] ] ] } },
{ "type": "Feature", "properties": { "UBIGEO_INEI": "040801", "DEPARTAMEN": "AREQUIPA", "PROVINCIA": "LA UNION", "DISTRITO": "COTAHUASI" }, "geometry": { "type": "Polygon", "coordinates": [ [ [ -72.8578, -15.1814 ], [ -72.84231, -15.22233 ], [ -72.78667, -15.25469 ], [ -72.78955, -15.27757 ], [ -72.81362, -15.30584 ], [ -72.8372, -15.31788 ], [ -72.84562, -15.3638 ], [ -72.86163, -15.39749 ], [ -72.87372, -15.40633 ], [ -72.88998, -15.40349 ], [ -72.87763, -15.37716 ], [ -72.89238, -15.33041 ], [ -72.88698, -15.2989 ], [ -72.89495, -15.28381 ], [ -72.88472, -15.26003 ], [ -72.92311, -15.2422 ], [ -72.9418, -15.22297 ], [ -72.91169, -15.19149 ], [ -72.89781, -15.20445 ], [ -72.87851, -15.19133 ], [ -72.8655, -15.19167 ], [ -72.8578, -15.1814 ] ] ] } },
{ "type": "Feature", "properties": { "UBIGEO_INEI": "040802", "DEPARTAMEN": "AREQUIPA", "PROVINCIA": "LA UNION", "DISTRITO": "ALCA" }, "geometry": { "type": "Polygon", "coordinates": [ [ [ -72.7427, -15.07802 ], [ -72.72273, -15.11111 ], [ -72.6795, -15.1165 ], [ -72.64637, -15.14446 ], [ -72.62933, -15.22113 ], [ -72.64627, -15.2395 ], [ -72.66413, -15.23331 ], [ -72.6934, -15.24316 ], [ -72.72776, -15.2096 ], [ -72.77153, -15.19488 ], [ -72.8168, -15.16118 ], [ -72.81849, -15.15114 ], [ -72.77407, -15.14225 ], [ -72.76473, -15.12922 ], [ -72.76502, -15.09021 ], [ -72.7427, -15.07802 ] ] ] } },
{ "type": "Feature", "properties": { "UBIGEO_INEI": "040803", "DEPARTAMEN": "AREQUIPA", "PROVINCIA": "LA UNION", "DISTRITO": "CHARCANA" }, "geometry": { "type": "Polygon", "coordinates": [ [ [ -73.04314, -15.1324 ], [ -73.02422, -15.14373 ], [ -72.98429, -15.20724 ], [ -72.95809, -15.21773 ], [ -72.95248, -15.23786 ], [ -73.01515, -15.2609 ], [ -73.03425, -15.2299 ], [ -73.07473, -15.2745 ], [ -73.0983, -15.25779 ], [ -73.11778, -15.25498 ], [ -73.13118, -15.26582 ], [ -73.14639, -15.25833 ], [ -73.12058, -15.23082 ], [ -73.11167, -15.18653 ], [ -73.10078, -15.18764 ], [ -73.0892, -15.16935 ], [ -73.04314, -15.1324 ] ] ] } },
{ "type": "Feature", "properties": { "UBIGEO_INEI": "040804", "DEPARTAMEN": "AREQUIPA", "PROVINCIA": "LA UNION", "DISTRITO": "HUAYNACOTAS" }, "geometry": { "type": "Polygon", "coordinates": [ [ [ -72.7251, -14.64403 ], [ -72.72442, -14.6767 ], [ -72.69763, -14.67906 ], [ -72.69064, -14.68866 ], [ -72.64482, -14.66728 ], [ -72.61018, -14.67661 ], [ -72.59447, -14.7088 ], [ -72.59644, -14.74512 ], [ -72.58966, -14.75937 ], [ -72.64718, -14.76847 ], [ -72.6645, -14.78672 ], [ -72.68043, -14.84097 ], [ -72.67584, -14.85493 ], [ -72.68541, -14.89796 ], [ -72.72498, -14.95457 ], [ -72.71113, -14.99434 ], [ -72.7169, -15.01008 ], [ -72.71196, -15.05938 ], [ -72.72712, -15.0749 ], [ -72.76418, -15.08894 ], [ -72.76473, -15.12922 ], [ -72.77407, -15.14225 ], [ -72.82055, -15.15147 ], [ -72.83248, -15.17322 ], [ -72.89992, -15.20448 ], [ -72.84759, -15.12442 ], [ -72.84943, -15.10141 ], [ -72.84321, -15.09311 ], [ -72.85626, -15.06839 ], [ -72.84559, -15.03344 ], [ -72.86389, -15.01595 ], [ -72.83038, -14.98667 ], [ -72.82497, -14.96648 ], [ -72.8478, -14.92515 ], [ -72.84826, -14.90151 ], [ -72.86327, -14.89599 ], [ -72.86058, -14.88024 ], [ -72.87193, -14.86748 ], [ -72.86869, -14.85539 ], [ -72.87778, -14.84654 ], [ -72.86526, -14.82557 ], [ -72.87201, -14.81077 ], [ -72.83823, -14.79466 ], [ -72.83579, -14.78107 ], [ -72.84636, -14.75994 ], [ -72.83355, -14.7369 ], [ -72.82825, -14.70156 ], [ -72.79789, -14.65897 ], [ -72.7897, -14.65021 ], [ -72.76594, -14.66422 ], [ -72.7412, -14.64452 ], [ -72.7251, -14.64403 ] ] ] } },
{ "type": "Feature", "properties": { "UBIGEO_INEI": "040805", "DEPARTAMEN": "AREQUIPA", "PROVINCIA": "LA UNION", "DISTRITO": "PAMPAMARCA" }, "geometry": { "type": "Polygon", "coordinates": [ [ [ -72.92106, -14.75791 ], [ -72.91062, -14.76949 ], [ -72.89361, -14.77198 ], [ -72.8724, -14.76147 ], [ -72.841, -14.76493 ], [ -72.83823, -14.79466 ], [ -72.87099, -14.808 ], [ -72.8653, -14.8274 ], [ -72.87778, -14.84654 ], [ -72.86058, -14.88024 ], [ -72.86327, -14.89599 ], [ -72.84826, -14.90151 ], [ -72.8478, -14.92515 ], [ -72.82497, -14.96648 ], [ -72.83038, -14.98667 ], [ -72.86389, -15.01595 ], [ -72.84559, -15.03344 ], [ -72.85626, -15.06839 ], [ -72.84321, -15.09311 ], [ -72.84943, -15.10141 ], [ -72.84759, -15.12442 ], [ -72.89992, -15.20448 ], [ -72.91169, -15.19149 ], [ -72.95022, -15.23234 ], [ -72.95913, -15.2167 ], [ -72.98429, -15.20724 ], [ -73.03595, -15.1337 ], [ -73.02184, -15.1318 ], [ -73.02453, -15.09176 ], [ -73.00424, -15.06413 ], [ -73.00304, -15.00154 ], [ -72.98274, -14.98236 ], [ -72.98666, -14.9561 ], [ -73.03185, -14.89712 ], [ -73.00382, -14.83958 ], [ -73.00278, -14.81499 ], [ -72.96307, -14.79317 ], [ -72.94273, -14.76541 ], [ -72.92106, -14.75791 ] ] ] } },
{ "type": "Feature", "properties": { "UBIGEO_INEI": "040806", "DEPARTAMEN": "AREQUIPA", "PROVINCIA": "LA UNION", "DISTRITO": "PUYCA" }, "geometry": { "type": "Polygon", "coordinates": [ [ [ -72.47649, -14.65851 ], [ -72.46013, -14.67576 ], [ -72.47151, -14.70515 ], [ -72.48685, -14.71318 ], [ -72.48846, -14.72346 ], [ -72.48264, -14.73041 ], [ -72.48643, -14.74251 ], [ -72.46864, -14.76253 ], [ -72.46918, -14.78699 ], [ -72.45968, -14.78263 ], [ -72.43457, -14.79014 ], [ -72.41961, -14.80632 ], [ -72.41776, -14.82193 ], [ -72.40648, -14.82709 ], [ -72.31515, -14.83402 ], [ -72.30241, -14.89954 ], [ -72.32307, -14.93092 ], [ -72.36665, -14.94765 ], [ -72.37331, -14.95829 ], [ -72.39864, -14.95697 ], [ -72.41032, -14.9933 ], [ -72.46671, -15.00957 ], [ -72.47235, -15.01702 ], [ -72.46184, -15.02279 ], [ -72.46446, -15.03008 ], [ -72.52462, -15.05113 ], [ -72.52644, -15.06001 ], [ -72.49818, -15.07983 ], [ -72.48505, -15.1084 ], [ -72.50627, -15.15389 ], [ -72.49643, -15.16757 ], [ -72.50685, -15.17888 ], [ -72.54189, -15.20434 ], [ -72.57382, -15.2006 ], [ -72.60069, -15.22464 ], [ -72.61255, -15.21954 ], [ -72.63212, -15.22546 ], [ -72.64637, -15.14446 ], [ -72.67109, -15.12064 ], [ -72.71709, -15.11387 ], [ -72.73608, -15.09698 ], [ -72.74237, -15.07778 ], [ -72.72712, -15.0749 ], [ -72.70939, -15.0514 ], [ -72.7169, -15.01008 ], [ -72.71113, -14.99434 ], [ -72.72498, -14.95457 ], [ -72.68541, -14.89796 ], [ -72.67584, -14.85493 ], [ -72.68043, -14.84097 ], [ -72.66344, -14.78532 ], [ -72.64718, -14.76847 ], [ -72.58982, -14.75962 ], [ -72.59644, -14.74512 ], [ -72.59438, -14.71368 ], [ -72.57725, -14.68662 ], [ -72.47649, -14.65851 ] ] ] } },
{ "type": "Feature", "properties": { "UBIGEO_INEI": "040807", "DEPARTAMEN": "AREQUIPA", "PROVINCIA": "LA UNION", "DISTRITO": "QUECHUALLA" }, "geometry": { "type": "Polygon", "coordinates": [ [ [ -73.03382, -15.22996 ], [ -73.01515, -15.2609 ], [ -72.95873, -15.24166 ], [ -72.96742, -15.25786 ], [ -72.9816, -15.2634 ], [ -72.98123, -15.29233 ], [ -73.00371, -15.29159 ], [ -73.01379, -15.27584 ], [ -73.01593, -15.298 ], [ -73.04498, -15.32292 ], [ -73.04451, -15.34349 ], [ -73.11229, -15.33544 ], [ -73.12511, -15.32661 ], [ -73.1306, -15.3059 ], [ -73.16199, -15.31468 ], [ -73.17213, -15.30608 ], [ -73.15295, -15.28306 ], [ -73.14696, -15.25778 ], [ -73.13118, -15.26582 ], [ -73.11778, -15.25498 ], [ -73.0983, -15.25779 ], [ -73.0731, -15.27417 ], [ -73.03382, -15.22996 ] ] ] } },
{ "type": "Feature", "properties": { "UBIGEO_INEI": "040808", "DEPARTAMEN": "AREQUIPA", "PROVINCIA": "LA UNION", "DISTRITO": "SAYLA" }, "geometry": { "type": "Polygon", "coordinates": [ [ [ -73.24507, -15.28638 ], [ -73.17455, -15.30661 ], [ -73.19218, -15.33595 ], [ -73.24677, -15.34385 ], [ -73.25584, -15.36514 ], [ -73.28364, -15.38039 ], [ -73.2938, -15.35941 ], [ -73.28982, -15.33436 ], [ -73.27773, -15.31818 ], [ -73.28492, -15.29494 ], [ -73.24507, -15.28638 ] ] ] } },
{ "type": "Feature", "properties": { "UBIGEO_INEI": "040809", "DEPARTAMEN": "AREQUIPA", "PROVINCIA": "LA UNION", "DISTRITO": "TAURIA" }, "geometry": { "type": "Polygon", "coordinates": [ [ [ -73.13775, -15.30474 ], [ -73.12825, -15.3079 ], [ -73.1209, -15.33153 ], [ -73.06825, -15.34146 ], [ -73.08488, -15.37472 ], [ -73.07549, -15.39731 ], [ -73.09918, -15.42236 ], [ -73.09043, -15.43494 ], [ -73.09315, -15.45531 ], [ -73.13457, -15.45855 ], [ -73.14079, -15.48711 ], [ -73.16132, -15.49282 ], [ -73.18256, -15.51655 ], [ -73.19602, -15.51736 ], [ -73.21999, -15.50001 ], [ -73.24789, -15.45031 ], [ -73.26217, -15.40337 ], [ -73.28364, -15.38039 ], [ -73.25584, -15.36514 ], [ -73.24677, -15.34385 ], [ -73.19218, -15.33595 ], [ -73.1756, -15.30705 ], [ -73.15926, -15.31461 ], [ -73.13775, -15.30474 ] ] ] } },
{ "type": "Feature", "properties": { "UBIGEO_INEI": "040810", "DEPARTAMEN": "AREQUIPA", "PROVINCIA": "LA UNION", "DISTRITO": "TOMEPAMPA" }, "geometry": { "type": "Polygon", "coordinates": [ [ [ -72.8184, -15.15181 ], [ -72.81617, -15.16194 ], [ -72.77342, -15.1937 ], [ -72.72776, -15.2096 ], [ -72.6934, -15.24316 ], [ -72.73963, -15.25317 ], [ -72.78278, -15.24419 ], [ -72.7941, -15.25231 ], [ -72.84196, -15.22263 ], [ -72.85869, -15.18084 ], [ -72.83248, -15.17322 ], [ -72.8184, -15.15181 ] ] ] } },
{ "type": "Feature", "properties": { "UBIGEO_INEI": "040811", "DEPARTAMEN": "AREQUIPA", "PROVINCIA": "LA UNION", "DISTRITO": "TORO" }, "geometry": { "type": "Polygon", "coordinates": [ [ [ -72.94135, -15.2234 ], [ -72.92311, -15.2422 ], [ -72.88448, -15.26079 ], [ -72.89495, -15.28381 ], [ -72.88698, -15.2989 ], [ -72.89238, -15.33041 ], [ -72.87763, -15.37716 ], [ -72.89154, -15.40774 ], [ -72.93378, -15.39448 ], [ -72.96542, -15.39777 ], [ -72.97758, -15.4191 ], [ -72.98519, -15.4602 ], [ -72.98105, -15.47862 ], [ -72.9975, -15.50343 ], [ -73.03496, -15.51878 ], [ -73.08685, -15.56371 ], [ -73.12801, -15.56921 ], [ -73.19602, -15.51736 ], [ -73.18256, -15.51655 ], [ -73.16132, -15.49282 ], [ -73.14079, -15.48711 ], [ -73.13457, -15.45855 ], [ -73.09315, -15.45531 ], [ -73.09043, -15.43494 ], [ -73.09918, -15.42236 ], [ -73.07573, -15.39797 ], [ -73.08488, -15.37472 ], [ -73.06825, -15.34146 ], [ -73.04356, -15.3429 ], [ -73.04498, -15.32292 ], [ -73.01593, -15.298 ], [ -73.01379, -15.27584 ], [ -73.00371, -15.29159 ], [ -72.9809, -15.29211 ], [ -72.9816, -15.2634 ], [ -72.96742, -15.25786 ], [ -72.96515, -15.24495 ], [ -72.94135, -15.2234 ] ] ] } },
{ "type": "Feature", "properties": { "UBIGEO_INEI": "040115", "DEPARTAMEN": "AREQUIPA", "PROVINCIA": "AREQUIPA", "DISTRITO": "QUEQUEÑA" }, "geometry": { "type": "Polygon", "coordinates": [ [ [ -71.49654, -16.51771 ], [ -71.44059, -16.52229 ], [ -71.41847, -16.53677 ], [ -71.41926, -16.5462 ], [ -71.39087, -16.55014 ], [ -71.39989, -16.56818 ], [ -71.41003, -16.57178 ], [ -71.45076, -16.56497 ], [ -71.48978, -16.53632 ], [ -71.49654, -16.51771 ] ] ] } },
{ "type": "Feature", "properties": { "UBIGEO_INEI": "040119", "DEPARTAMEN": "AREQUIPA", "PROVINCIA": "AREQUIPA", "DISTRITO": "SAN JUAN DE TARUCANI" }, "geometry": { "type": "Polygon", "coordinates": [ [ [ -70.84457, -15.92194 ], [ -70.8322, -15.9491 ], [ -70.84246, -15.96934 ], [ -70.8202, -15.97847 ], [ -70.82861, -15.99921 ], [ -70.81656, -16.00276 ], [ -70.82095, -16.02975 ], [ -70.80408, -16.05383 ], [ -70.85674, -16.05634 ], [ -70.86681, -16.08008 ], [ -70.87811, -16.08144 ], [ -70.87506, -16.09458 ], [ -70.89548, -16.10522 ], [ -70.86711, -16.12848 ], [ -70.86783, -16.15387 ], [ -70.87859, -16.16662 ], [ -70.86024, -16.17557 ], [ -70.85389, -16.19669 ], [ -70.86696, -16.22458 ], [ -70.84451, -16.23472 ], [ -70.86758, -16.25864 ], [ -70.87648, -16.28155 ], [ -70.88614, -16.28527 ], [ -70.90343, -16.27761 ], [ -70.91738, -16.28317 ], [ -70.93911, -16.29893 ], [ -70.94361, -16.31441 ], [ -70.98629, -16.30995 ], [ -70.9694, -16.36961 ], [ -70.9751, -16.39103 ], [ -70.96383, -16.39974 ], [ -70.97562, -16.41832 ], [ -70.95293, -16.46099 ], [ -70.96588, -16.48072 ], [ -70.97952, -16.48057 ], [ -70.99567, -16.4975 ], [ -71.0132, -16.49845 ], [ -71.01924, -16.48689 ], [ -71.03726, -16.48569 ], [ -71.0472, -16.4544 ], [ -71.07265, -16.46576 ], [ -71.08194, -16.45686 ], [ -71.10846, -16.46571 ], [ -71.12473, -16.46107 ], [ -71.13952, -16.47497 ], [ -71.19703, -16.47166 ], [ -71.21914, -16.46057 ], [ -71.23698, -16.46583 ], [ -71.24459, -16.4543 ], [ -71.24023, -16.42398 ], [ -71.32141, -16.30845 ], [ -71.35168, -16.30998 ], [ -71.41061, -16.29621 ], [ -71.3821, -16.28823 ], [ -71.33999, -16.24031 ], [ -71.32559, -16.20553 ], [ -71.31643, -16.17296 ], [ -71.32296, -16.15919 ], [ -71.31208, -16.13266 ], [ -71.36423, -16.07035 ], [ -71.35979, -16.03652 ], [ -71.34076, -16.02759 ], [ -71.31849, -16.02856 ], [ -71.28719, -16.00328 ], [ -71.3151, -15.9681 ], [ -71.3086, -15.9549 ], [ -71.27421, -15.95444 ], [ -71.2688, -15.98163 ], [ -71.20042, -16.02555 ], [ -71.18778, -16.01198 ], [ -71.15263, -16.00188 ], [ -71.14353, -15.98322 ], [ -71.11594, -15.98824 ], [ -71.08709, -15.98091 ], [ -71.08693, -15.99728 ], [ -71.06768, -16.00417 ], [ -71.0308, -15.9753 ], [ -70.96135, -15.9696 ], [ -70.90625, -15.94326 ], [ -70.87798, -15.94798 ], [ -70.86519, -15.92841 ], [ -70.84457, -15.92194 ] ], [ [ -71.14375, -16.32327 ], [ -71.14912, -16.32982 ], [ -71.13638, -16.34232 ], [ -71.14036, -16.34978 ], [ -71.17608, -16.34873 ], [ -71.19627, -16.35603 ], [ -71.20242, -16.37285 ], [ -71.19163, -16.38641 ], [ -71.17162, -16.37693 ], [ -71.15343, -16.38258 ], [ -71.13774, -16.399 ], [ -71.09542, -16.40909 ], [ -71.08584, -16.39754 ], [ -71.09563, -16.39855 ], [ -71.08759, -16.3811 ], [ -71.10159, -16.34142 ], [ -71.12212, -16.32701 ], [ -71.14375, -16.32327 ] ] ] } },
{ "type": "Feature", "properties": { "UBIGEO_INEI": "040120", "DEPARTAMEN": "AREQUIPA", "PROVINCIA": "AREQUIPA", "DISTRITO": "SANTA ISABEL DE SIGUAS" }, "geometry": { "type": "Polygon", "coordinates": [ [ [ -71.96301, -16.13747 ], [ -71.95734, -16.14373 ], [ -71.99107, -16.18679 ], [ -71.99596, -16.21225 ], [ -72.01291, -16.22433 ], [ -72.0226, -16.25232 ], [ -72.04697, -16.27907 ], [ -72.08462, -16.39665 ], [ -72.13792, -16.37297 ], [ -72.1274, -16.34665 ], [ -72.12861, -16.34147 ], [ -72.14433, -16.35058 ], [ -72.14443, -16.34022 ], [ -72.07441, -16.22091 ], [ -72.07348, -16.20946 ], [ -72.09132, -16.18932 ], [ -72.05721, -16.20814 ], [ -71.99623, -16.13861 ], [ -71.96301, -16.13747 ] ] ] } },
{ "type": "Feature", "properties": { "UBIGEO_INEI": "040121", "DEPARTAMEN": "AREQUIPA", "PROVINCIA": "AREQUIPA", "DISTRITO": "SANTA RITA DE SIGUAS" }, "geometry": { "type": "Polygon", "coordinates": [ [ [ -72.13031, -16.3764 ], [ -72.03378, -16.41929 ], [ -72.06262, -16.52543 ], [ -72.07508, -16.54067 ], [ -72.07605, -16.60936 ], [ -72.08358, -16.6175 ], [ -72.12971, -16.62927 ], [ -72.20876, -16.62637 ], [ -72.24568, -16.63899 ], [ -72.26554, -16.62611 ], [ -72.28337, -16.63458 ], [ -72.27409, -16.6008 ], [ -72.19988, -16.495 ], [ -72.18599, -16.45537 ], [ -72.15162, -16.41658 ], [ -72.13031, -16.3764 ] ] ] } },
{ "type": "Feature", "properties": { "UBIGEO_INEI": "040122", "DEPARTAMEN": "AREQUIPA", "PROVINCIA": "AREQUIPA", "DISTRITO": "SOCABAYA" }, "geometry": { "type": "Polygon", "coordinates": [ [ [ -71.53122, -16.43535 ], [ -71.51328, -16.45531 ], [ -71.52141, -16.47885 ], [ -71.50266, -16.48852 ], [ -71.52985, -16.48532 ], [ -71.51705, -16.50178 ], [ -71.52451, -16.50815 ], [ -71.53938, -16.50535 ], [ -71.54581, -16.49405 ], [ -71.56155, -16.49309 ], [ -71.55468, -16.48235 ], [ -71.55795, -16.46492 ], [ -71.53122, -16.43535 ] ] ] } },
{ "type": "Feature", "properties": { "UBIGEO_INEI": "040123", "DEPARTAMEN": "AREQUIPA", "PROVINCIA": "AREQUIPA", "DISTRITO": "TIABAYA" }, "geometry": { "type": "Polygon", "coordinates": [ [ [ -71.61738, -16.41968 ], [ -71.59858, -16.40894 ], [ -71.57548, -16.44818 ], [ -71.58533, -16.45751 ], [ -71.57413, -16.49108 ], [ -71.59472, -16.51972 ], [ -71.62519, -16.46134 ], [ -71.62119, -16.45362 ], [ -71.60912, -16.45501 ], [ -71.61743, -16.44176 ], [ -71.61738, -16.41968 ] ] ] } },
{ "type": "Feature", "properties": { "UBIGEO_INEI": "040124", "DEPARTAMEN": "AREQUIPA", "PROVINCIA": "AREQUIPA", "DISTRITO": "UCHUMAYO" }, "geometry": { "type": "Polygon", "coordinates": [ [ [ -71.7538, -16.36621 ], [ -71.73146, -16.38072 ], [ -71.73318, -16.39356 ], [ -71.71261, -16.39407 ], [ -71.70109, -16.3841 ], [ -71.6853, -16.39557 ], [ -71.6531, -16.38919 ], [ -71.6472, -16.40035 ], [ -71.60722, -16.39375 ], [ -71.61546, -16.405 ], [ -71.6057, -16.40788 ], [ -71.61738, -16.41968 ], [ -71.61743, -16.44176 ], [ -71.60815, -16.4517 ], [ -71.62519, -16.46134 ], [ -71.59722, -16.52198 ], [ -71.62057, -16.52263 ], [ -71.62376, -16.54154 ], [ -71.64899, -16.55814 ], [ -71.65924, -16.55686 ], [ -71.70537, -16.54149 ], [ -71.72018, -16.5236 ], [ -71.7691, -16.49466 ], [ -71.77612, -16.48493 ], [ -71.76605, -16.47903 ], [ -71.76302, -16.46186 ], [ -71.75037, -16.45807 ], [ -71.73643, -16.43996 ], [ -71.73948, -16.43161 ], [ -71.76723, -16.43034 ], [ -71.76897, -16.4027 ], [ -71.79741, -16.39306 ], [ -71.81451, -16.39767 ], [ -71.82155, -16.37913 ], [ -71.78828, -16.37602 ], [ -71.78552, -16.3838 ], [ -71.7538, -16.36621 ] ] ] } },
{ "type": "Feature", "properties": { "UBIGEO_INEI": "040125", "DEPARTAMEN": "AREQUIPA", "PROVINCIA": "AREQUIPA", "DISTRITO": "VITOR" }, "geometry": { "type": "Polygon", "coordinates": [ [ [ -71.9452, -16.14268 ], [ -71.89913, -16.16758 ], [ -71.89767, -16.18344 ], [ -71.889, -16.18835 ], [ -71.87178, -16.2279 ], [ -71.80215, -16.30026 ], [ -71.79051, -16.32873 ], [ -71.79102, -16.35197 ], [ -71.80628, -16.3589 ], [ -71.80391, -16.37587 ], [ -71.82155, -16.37913 ], [ -71.81451, -16.39767 ], [ -71.85866, -16.40709 ], [ -71.85912, -16.44521 ], [ -71.87731, -16.48223 ], [ -71.88926, -16.48485 ], [ -71.89605, -16.56772 ], [ -71.91767, -16.60275 ], [ -71.87318, -16.62558 ], [ -71.9967, -16.79955 ], [ -72.03834, -16.79224 ], [ -72.04836, -16.77954 ], [ -72.06763, -16.78456 ], [ -72.09382, -16.7678 ], [ -72.12126, -16.77944 ], [ -72.13239, -16.76554 ], [ -72.13216, -16.74409 ], [ -72.14582, -16.74364 ], [ -72.17305, -16.71165 ], [ -72.19589, -16.7026 ], [ -72.19565, -16.68682 ], [ -72.229, -16.66658 ], [ -72.25192, -16.66756 ], [ -72.27382, -16.65661 ], [ -72.28337, -16.63458 ], [ -72.26554, -16.62611 ], [ -72.24568, -16.63899 ], [ -72.20876, -16.62637 ], [ -72.12971, -16.62927 ], [ -72.07618, -16.60955 ], [ -72.07508, -16.54067 ], [ -72.06262, -16.52543 ], [ -72.03378, -16.41929 ], [ -72.08462, -16.39665 ], [ -72.06298, -16.31342 ], [ -72.04502, -16.27558 ], [ -72.02192, -16.25106 ], [ -72.02149, -16.23597 ], [ -71.99596, -16.21225 ], [ -71.99107, -16.18679 ], [ -71.95848, -16.1447 ], [ -71.9452, -16.14268 ] ] ] } },
{ "type": "Feature", "properties": { "UBIGEO_INEI": "040127", "DEPARTAMEN": "AREQUIPA", "PROVINCIA": "AREQUIPA", "DISTRITO": "YARABAMBA" }, "geometry": { "type": "Polygon", "coordinates": [ [ [ -71.57413, -16.49108 ], [ -71.54581, -16.49405 ], [ -71.53938, -16.50535 ], [ -71.52469, -16.50813 ], [ -71.51705, -16.50178 ], [ -71.49289, -16.51967 ], [ -71.48978, -16.53632 ], [ -71.45223, -16.56432 ], [ -71.40168, -16.56881 ], [ -71.40651, -16.59966 ], [ -71.42406, -16.60676 ], [ -71.42525, -16.61745 ], [ -71.44678, -16.63339 ], [ -71.44525, -16.64487 ], [ -71.46219, -16.65515 ], [ -71.48199, -16.68379 ], [ -71.47471, -16.70492 ], [ -71.48314, -16.72788 ], [ -71.47789, -16.75265 ], [ -71.48001, -16.763 ], [ -71.49268, -16.76786 ], [ -71.51029, -16.75866 ], [ -71.51539, -16.74063 ], [ -71.52932, -16.73401 ], [ -71.53548, -16.70076 ], [ -71.5538, -16.68438 ], [ -71.57256, -16.69989 ], [ -71.59369, -16.68658 ], [ -71.62037, -16.68191 ], [ -71.62947, -16.68453 ], [ -71.64056, -16.70587 ], [ -71.64909, -16.695 ], [ -71.67039, -16.69817 ], [ -71.67549, -16.65983 ], [ -71.6687, -16.65732 ], [ -71.66964, -16.63579 ], [ -71.63914, -16.62419 ], [ -71.62424, -16.59018 ], [ -71.6529, -16.58444 ], [ -71.67911, -16.59927 ], [ -71.69377, -16.59282 ], [ -71.69984, -16.58623 ], [ -71.68682, -16.56808 ], [ -71.69985, -16.55887 ], [ -71.70537, -16.54149 ], [ -71.64899, -16.55814 ], [ -71.62376, -16.54154 ], [ -71.62057, -16.52263 ], [ -71.59249, -16.51863 ], [ -71.57413, -16.49108 ] ] ] } },
{ "type": "Feature", "properties": { "UBIGEO_INEI": "040128", "DEPARTAMEN": "AREQUIPA", "PROVINCIA": "AREQUIPA", "DISTRITO": "YURA" }, "geometry": { "type": "Polygon", "coordinates": [ [ [ -71.39577, -15.92576 ], [ -71.32198, -15.9416 ], [ -71.3086, -15.9549 ], [ -71.3151, -15.9681 ], [ -71.28713, -16.00226 ], [ -71.31849, -16.02856 ], [ -71.34076, -16.02759 ], [ -71.36084, -16.03851 ], [ -71.36238, -16.07866 ], [ -71.34554, -16.08537 ], [ -71.33782, -16.1076 ], [ -71.31208, -16.13266 ], [ -71.32296, -16.15919 ], [ -71.31661, -16.17375 ], [ -71.33669, -16.22481 ], [ -71.3786, -16.2088 ], [ -71.41247, -16.20859 ], [ -71.42737, -16.17045 ], [ -71.4608, -16.16441 ], [ -71.47646, -16.1847 ], [ -71.50493, -16.20016 ], [ -71.5164, -16.18909 ], [ -71.57115, -16.19813 ], [ -71.58835, -16.21496 ], [ -71.59094, -16.24335 ], [ -71.60063, -16.25159 ], [ -71.59568, -16.29217 ], [ -71.63056, -16.34124 ], [ -71.65072, -16.39256 ], [ -71.6853, -16.39557 ], [ -71.70109, -16.3841 ], [ -71.71261, -16.39407 ], [ -71.73318, -16.39356 ], [ -71.73146, -16.38072 ], [ -71.7538, -16.36619 ], [ -71.78552, -16.3838 ], [ -71.78795, -16.37615 ], [ -71.80391, -16.37587 ], [ -71.80628, -16.3589 ], [ -71.79218, -16.35372 ], [ -71.78939, -16.34181 ], [ -71.80215, -16.30026 ], [ -71.87178, -16.2279 ], [ -71.90692, -16.1582 ], [ -71.86987, -16.13018 ], [ -71.8641, -16.10322 ], [ -71.84077, -16.08637 ], [ -71.82697, -16.05875 ], [ -71.81829, -16.06235 ], [ -71.81516, -16.05082 ], [ -71.75542, -16.03043 ], [ -71.73796, -16.0162 ], [ -71.72555, -15.99002 ], [ -71.70695, -15.98375 ], [ -71.71163, -15.94722 ], [ -71.70434, -15.93371 ], [ -71.692, -15.9334 ], [ -71.66466, -15.95957 ], [ -71.65061, -15.98841 ], [ -71.62734, -15.97908 ], [ -71.57761, -15.99088 ], [ -71.53158, -15.94415 ], [ -71.52917, -15.92996 ], [ -71.46829, -15.92652 ], [ -71.45137, -15.93512 ], [ -71.44261, -15.92604 ], [ -71.42506, -15.93149 ], [ -71.39577, -15.92576 ] ] ] } },
{ "type": "Feature", "properties": { "UBIGEO_INEI": "040201", "DEPARTAMEN": "AREQUIPA", "PROVINCIA": "CAMANA", "DISTRITO": "CAMANA" }, "geometry": { "type": "Polygon", "coordinates": [ [ [ -72.72452, -16.60958 ], [ -72.70051, -16.61316 ], [ -72.70341, -16.65333 ], [ -72.72518, -16.6481 ], [ -72.72452, -16.60958 ] ] ] } },
{ "type": "Feature", "properties": { "UBIGEO_INEI": "040202", "DEPARTAMEN": "AREQUIPA", "PROVINCIA": "CAMANA", "DISTRITO": "JOSE MARIA QUIMPER" }, "geometry": { "type": "Polygon", "coordinates": [ [ [ -72.74603, -16.57589 ], [ -72.71401, -16.58599 ], [ -72.71513, -16.61155 ], [ -72.7583, -16.60986 ], [ -72.75443, -16.58056 ], [ -72.74603, -16.57589 ] ] ] } },
{ "type": "Feature", "properties": { "UBIGEO_INEI": "040203", "DEPARTAMEN": "AREQUIPA", "PROVINCIA": "CAMANA", "DISTRITO": "MARIANO NICOLAS VALCARCEL" }, "geometry": { "type": "Polygon", "coordinates": [ [ [ -73.23325, -15.87405 ], [ -73.19924, -15.88367 ], [ -73.18871, -15.9045 ], [ -73.17149, -15.91547 ], [ -73.15117, -15.97967 ], [ -73.17635, -16.00054 ], [ -73.16454, -16.02006 ], [ -73.13951, -16.00559 ], [ -73.12373, -16.01314 ], [ -73.10802, -15.98846 ], [ -73.06639, -16.0182 ], [ -72.98544, -16.02264 ], [ -73.02864, -16.11422 ], [ -73.04322, -16.17586 ], [ -73.08766, -16.18869 ], [ -73.13099, -16.23272 ], [ -73.17041, -16.237 ], [ -73.19985, -16.21954 ], [ -73.20323, -16.15299 ], [ -73.22204, -16.11923 ], [ -73.22352, -16.06498 ], [ -73.23109, -16.05664 ], [ -73.24056, -16.00002 ], [ -73.22094, -15.9912 ], [ -73.22988, -15.95311 ], [ -73.22516, -15.92673 ], [ -73.23543, -15.90793 ], [ -73.23325, -15.87405 ] ] ] } },
{ "type": "Feature", "properties": { "UBIGEO_INEI": "040204", "DEPARTAMEN": "AREQUIPA", "PROVINCIA": "CAMANA", "DISTRITO": "MARISCAL CACERES" }, "geometry": { "type": "Polygon", "coordinates": [ [ [ -72.79912, -16.30444 ], [ -72.75203, -16.32676 ], [ -72.74599, -16.33962 ], [ -72.71322, -16.3631 ], [ -72.69874, -16.39067 ], [ -72.73275, -16.42427 ], [ -72.72904, -16.44737 ], [ -72.76424, -16.49332 ], [ -72.77231, -16.53539 ], [ -72.77183, -16.54591 ], [ -72.76246, -16.55006 ], [ -72.75346, -16.53785 ], [ -72.75086, -16.57445 ], [ -72.76012, -16.60372 ], [ -72.75568, -16.61178 ], [ -72.72363, -16.61579 ], [ -72.72518, -16.6481 ], [ -72.77421, -16.62733 ], [ -72.8487, -16.5646 ], [ -72.92009, -16.51849 ], [ -72.98685, -16.51744 ], [ -73.00413, -16.50703 ], [ -73.015, -16.50915 ], [ -72.98074, -16.48091 ], [ -72.92122, -16.40406 ], [ -72.91685, -16.37835 ], [ -72.88295, -16.34741 ], [ -72.79912, -16.30444 ] ] ] } },
{ "type": "Feature", "properties": { "UBIGEO_INEI": "040205", "DEPARTAMEN": "AREQUIPA", "PROVINCIA": "CAMANA", "DISTRITO": "NICOLAS DE PIEROLA" }, "geometry": { "type": "Polygon", "coordinates": [ [ [ -72.4819, -16.35717 ], [ -72.46635, -16.38316 ], [ -72.48471, -16.45109 ], [ -72.51196, -16.49142 ], [ -72.53345, -16.49316 ], [ -72.54623, -16.51282 ], [ -72.57157, -16.51208 ], [ -72.60469, -16.53719 ], [ -72.6196, -16.53253 ], [ -72.67122, -16.55495 ], [ -72.68118, -16.57903 ], [ -72.70673, -16.59062 ], [ -72.75117, -16.57592 ], [ -72.75346, -16.53785 ], [ -72.76246, -16.55006 ], [ -72.77183, -16.54591 ], [ -72.76657, -16.5012 ], [ -72.72951, -16.44848 ], [ -72.73044, -16.4198 ], [ -72.69882, -16.39193 ], [ -72.70622, -16.37902 ], [ -72.67025, -16.42415 ], [ -72.62504, -16.45661 ], [ -72.60333, -16.46181 ], [ -72.59363, -16.43048 ], [ -72.57345, -16.42103 ], [ -72.55969, -16.39745 ], [ -72.52296, -16.41009 ], [ -72.4819, -16.35717 ] ] ] } },
{ "type": "Feature", "properties": { "UBIGEO_INEI": "040206", "DEPARTAMEN": "AREQUIPA", "PROVINCIA": "CAMANA", "DISTRITO": "OCOÑA" }, "geometry": { "type": "Polygon", "coordinates": [ [ [ -72.98473, -16.02319 ], [ -72.95685, -16.03557 ], [ -72.91215, -16.0302 ], [ -72.88039, -16.04976 ], [ -72.84401, -16.12275 ], [ -72.84122, -16.17446 ], [ -72.81013, -16.22145 ], [ -72.80923, -16.27128 ], [ -72.79922, -16.30415 ], [ -72.88295, -16.34741 ], [ -72.91685, -16.37835 ], [ -72.92122, -16.40406 ], [ -72.98074, -16.48091 ], [ -73.015, -16.50915 ], [ -73.05296, -16.49783 ], [ -73.05549, -16.48712 ], [ -73.10339, -16.45482 ], [ -73.1318, -16.4501 ], [ -73.15916, -16.41993 ], [ -73.18935, -16.4154 ], [ -73.2062, -16.40116 ], [ -73.21734, -16.40069 ], [ -73.22389, -16.4133 ], [ -73.23501, -16.41528 ], [ -73.24358, -16.40679 ], [ -73.26039, -16.40928 ], [ -73.26036, -16.40199 ], [ -73.27221, -16.3982 ], [ -73.29151, -16.40578 ], [ -73.27466, -16.37112 ], [ -73.23973, -16.35413 ], [ -73.22941, -16.30542 ], [ -73.2181, -16.28716 ], [ -73.19561, -16.27974 ], [ -73.19985, -16.21954 ], [ -73.17041, -16.237 ], [ -73.13099, -16.23272 ], [ -73.08766, -16.18869 ], [ -73.04322, -16.17586 ], [ -73.02864, -16.11422 ], [ -72.98473, -16.02319 ] ] ] } },
{ "type": "Feature", "properties": { "UBIGEO_INEI": "040207", "DEPARTAMEN": "AREQUIPA", "PROVINCIA": "CAMANA", "DISTRITO": "QUILCA" }, "geometry": { "type": "Polygon", "coordinates": [ [ [ -72.19951, -16.45872 ], [ -72.19769, -16.49145 ], [ -72.27409, -16.6008 ], [ -72.28353, -16.63566 ], [ -72.27382, -16.65661 ], [ -72.25192, -16.66756 ], [ -72.229, -16.66658 ], [ -72.19565, -16.68682 ], [ -72.19589, -16.7026 ], [ -72.17431, -16.71065 ], [ -72.14582, -16.74364 ], [ -72.13258, -16.74368 ], [ -72.12759, -16.75659 ], [ -72.15332, -16.79495 ], [ -72.18472, -16.79388 ], [ -72.21548, -16.80859 ], [ -72.21048, -16.81758 ], [ -72.22324, -16.83548 ], [ -72.17199, -16.84989 ], [ -72.14651, -16.87549 ], [ -72.1672, -16.89233 ], [ -72.18783, -16.92702 ], [ -72.19569, -16.9268 ], [ -72.21152, -16.90245 ], [ -72.2276, -16.89433 ], [ -72.23252, -16.90055 ], [ -72.27647, -16.8731 ], [ -72.28848, -16.87513 ], [ -72.28729, -16.86059 ], [ -72.29684, -16.84903 ], [ -72.28896, -16.84149 ], [ -72.29224, -16.82822 ], [ -72.31146, -16.81454 ], [ -72.31503, -16.80288 ], [ -72.32706, -16.80232 ], [ -72.32908, -16.78923 ], [ -72.35411, -16.76596 ], [ -72.37447, -16.76058 ], [ -72.3728, -16.7527 ], [ -72.40069, -16.75111 ], [ -72.40531, -16.73894 ], [ -72.41661, -16.73616 ], [ -72.44815, -16.70226 ], [ -72.61237, -16.66408 ], [ -72.62194, -16.63047 ], [ -72.62163, -16.59793 ], [ -72.5868, -16.54091 ], [ -72.58299, -16.55948 ], [ -72.56832, -16.56314 ], [ -72.56497, -16.5734 ], [ -72.54959, -16.56382 ], [ -72.52735, -16.56379 ], [ -72.52286, -16.57538 ], [ -72.49844, -16.57159 ], [ -72.49272, -16.55757 ], [ -72.48044, -16.56511 ], [ -72.45506, -16.55655 ], [ -72.45427, -16.59404 ], [ -72.43364, -16.60607 ], [ -72.40755, -16.6034 ], [ -72.40343, -16.61089 ], [ -72.38744, -16.61087 ], [ -72.35573, -16.58915 ], [ -72.33025, -16.59321 ], [ -72.32646, -16.60748 ], [ -72.32033, -16.60706 ], [ -72.30849, -16.58315 ], [ -72.2887, -16.58621 ], [ -72.25423, -16.53341 ], [ -72.23952, -16.53425 ], [ -72.21859, -16.51267 ], [ -72.19934, -16.48381 ], [ -72.19951, -16.45872 ] ] ] } },
{ "type": "Feature", "properties": { "UBIGEO_INEI": "040208", "DEPARTAMEN": "AREQUIPA", "PROVINCIA": "CAMANA", "DISTRITO": "SAMUEL PASTOR" }, "geometry": { "type": "Polygon", "coordinates": [ [ [ -72.61299, -16.53203 ], [ -72.5868, -16.54091 ], [ -72.62163, -16.59793 ], [ -72.62156, -16.63776 ], [ -72.61237, -16.66408 ], [ -72.70341, -16.65333 ], [ -72.70051, -16.61316 ], [ -72.71513, -16.61155 ], [ -72.71178, -16.59193 ], [ -72.68192, -16.57974 ], [ -72.67122, -16.55495 ], [ -72.61299, -16.53203 ] ] ] } },
{ "type": "Feature", "properties": { "UBIGEO_INEI": "040114", "DEPARTAMEN": "AREQUIPA", "PROVINCIA": "AREQUIPA", "DISTRITO": "POLOBAYA" }, "geometry": { "type": "Polygon", "coordinates": [ [ [ -71.24892, -16.48296 ], [ -71.2375, -16.51459 ], [ -71.2491, -16.5641 ], [ -71.26284, -16.58491 ], [ -71.26041, -16.6052 ], [ -71.27915, -16.61582 ], [ -71.2839, -16.68224 ], [ -71.29552, -16.70103 ], [ -71.28581, -16.71635 ], [ -71.2901, -16.7277 ], [ -71.32717, -16.75245 ], [ -71.34698, -16.74224 ], [ -71.35069, -16.7274 ], [ -71.36445, -16.72034 ], [ -71.42594, -16.74142 ], [ -71.44675, -16.73122 ], [ -71.45552, -16.74118 ], [ -71.45577, -16.75791 ], [ -71.48035, -16.76461 ], [ -71.48308, -16.72703 ], [ -71.47462, -16.70636 ], [ -71.48199, -16.68379 ], [ -71.46219, -16.65515 ], [ -71.44525, -16.64487 ], [ -71.44678, -16.63339 ], [ -71.42525, -16.61745 ], [ -71.42406, -16.60676 ], [ -71.40651, -16.59966 ], [ -71.39215, -16.55138 ], [ -71.30664, -16.54845 ], [ -71.26314, -16.50939 ], [ -71.24892, -16.48296 ] ] ] } },
{ "type": "Feature", "properties": { "UBIGEO_INEI": "040103", "DEPARTAMEN": "AREQUIPA", "PROVINCIA": "AREQUIPA", "DISTRITO": "CAYMA" }, "geometry": { "type": "Polygon", "coordinates": [ [ [ -71.45888, -16.16471 ], [ -71.42737, -16.17045 ], [ -71.41247, -16.20859 ], [ -71.35999, -16.21317 ], [ -71.33857, -16.22566 ], [ -71.3394, -16.23911 ], [ -71.38716, -16.29184 ], [ -71.41061, -16.29621 ], [ -71.46007, -16.28453 ], [ -71.52819, -16.32552 ], [ -71.53604, -16.3396 ], [ -71.53582, -16.3761 ], [ -71.54996, -16.39321 ], [ -71.55669, -16.34543 ], [ -71.54562, -16.31972 ], [ -71.54756, -16.2845 ], [ -71.53006, -16.25985 ], [ -71.52148, -16.224 ], [ -71.4995, -16.21904 ], [ -71.50563, -16.20025 ], [ -71.47646, -16.1847 ], [ -71.45888, -16.16471 ] ] ] } },
{ "type": "Feature", "properties": { "UBIGEO_INEI": "040104", "DEPARTAMEN": "AREQUIPA", "PROVINCIA": "AREQUIPA", "DISTRITO": "CERRO COLORADO" }, "geometry": { "type": "Polygon", "coordinates": [ [ [ -71.51323, -16.18971 ], [ -71.49935, -16.21873 ], [ -71.52148, -16.224 ], [ -71.53006, -16.25985 ], [ -71.54898, -16.28905 ], [ -71.54562, -16.31972 ], [ -71.55669, -16.34543 ], [ -71.55173, -16.39097 ], [ -71.56661, -16.40468 ], [ -71.61546, -16.405 ], [ -71.60722, -16.39375 ], [ -71.64741, -16.40028 ], [ -71.65023, -16.38837 ], [ -71.63104, -16.34215 ], [ -71.5954, -16.29138 ], [ -71.59481, -16.26092 ], [ -71.60115, -16.25404 ], [ -71.59094, -16.24335 ], [ -71.58835, -16.21496 ], [ -71.57403, -16.19907 ], [ -71.51323, -16.18971 ] ] ] } },
{ "type": "Feature", "properties": { "UBIGEO_INEI": "040111", "DEPARTAMEN": "AREQUIPA", "PROVINCIA": "AREQUIPA", "DISTRITO": "MOLLEBAYA" }, "geometry": { "type": "Polygon", "coordinates": [ [ [ -71.46377, -16.48115 ], [ -71.43408, -16.50577 ], [ -71.42494, -16.53108 ], [ -71.45674, -16.51794 ], [ -71.47799, -16.52289 ], [ -71.50269, -16.5163 ], [ -71.52985, -16.48532 ], [ -71.50714, -16.49262 ], [ -71.46377, -16.48115 ] ] ] } },
{ "type": "Feature", "properties": { "UBIGEO_INEI": "040113", "DEPARTAMEN": "AREQUIPA", "PROVINCIA": "AREQUIPA", "DISTRITO": "POCSI" }, "geometry": { "type": "Polygon", "coordinates": [ [ [ -71.23926, -16.43198 ], [ -71.24358, -16.4756 ], [ -71.26314, -16.50939 ], [ -71.28804, -16.53684 ], [ -71.31926, -16.55333 ], [ -71.41926, -16.5462 ], [ -71.4334, -16.50667 ], [ -71.44829, -16.49479 ], [ -71.40665, -16.49001 ], [ -71.38531, -16.47416 ], [ -71.36616, -16.48053 ], [ -71.28621, -16.43927 ], [ -71.23926, -16.43198 ] ] ] } },
{ "type": "Feature", "properties": { "UBIGEO_INEI": "040116", "DEPARTAMEN": "AREQUIPA", "PROVINCIA": "AREQUIPA", "DISTRITO": "SABANDIA" }, "geometry": { "type": "Polygon", "coordinates": [ [ [ -71.432, -16.42009 ], [ -71.42196, -16.42948 ], [ -71.40682, -16.42857 ], [ -71.4136, -16.46117 ], [ -71.44289, -16.45477 ], [ -71.47316, -16.46824 ], [ -71.49187, -16.46153 ], [ -71.51616, -16.48475 ], [ -71.52141, -16.47885 ], [ -71.52077, -16.46301 ], [ -71.49613, -16.44081 ], [ -71.46371, -16.43797 ], [ -71.432, -16.42009 ] ] ] } },
{ "type": "Feature", "properties": { "UBIGEO_INEI": "040118", "DEPARTAMEN": "AREQUIPA", "PROVINCIA": "AREQUIPA", "DISTRITO": "SAN JUAN DE SIGUAS" }, "geometry": { "type": "Polygon", "coordinates": [ [ [ -72.12861, -16.34147 ], [ -72.13828, -16.37246 ], [ -72.13073, -16.37622 ], [ -72.15162, -16.41658 ], [ -72.18599, -16.45537 ], [ -72.19511, -16.48334 ], [ -72.19923, -16.45241 ], [ -72.18178, -16.41124 ], [ -72.15671, -16.3642 ], [ -72.12861, -16.34147 ] ] ] } },
{ "type": "Feature", "properties": { "UBIGEO_INEI": "040101", "DEPARTAMEN": "AREQUIPA", "PROVINCIA": "AREQUIPA", "DISTRITO": "AREQUIPA" }, "geometry": { "type": "Polygon", "coordinates": [ [ [ -71.53231, -16.37429 ], [ -71.53338, -16.3865 ], [ -71.51333, -16.41039 ], [ -71.56666, -16.43414 ], [ -71.53231, -16.37429 ] ] ] } },
{ "type": "Feature", "properties": { "UBIGEO_INEI": "040102", "DEPARTAMEN": "AREQUIPA", "PROVINCIA": "AREQUIPA", "DISTRITO": "ALTO SELVA ALEGRE" }, "geometry": { "type": "Polygon", "coordinates": [ [ [ -71.46007, -16.28453 ], [ -71.41061, -16.29621 ], [ -71.52859, -16.39054 ], [ -71.53708, -16.36309 ], [ -71.53395, -16.33225 ], [ -71.46007, -16.28453 ] ] ] } },
{ "type": "Feature", "properties": { "UBIGEO_INEI": "040129", "DEPARTAMEN": "AREQUIPA", "PROVINCIA": "AREQUIPA", "DISTRITO": "JOSE LUIS BUSTAMANTE Y RIVERO" }, "geometry": { "type": "Polygon", "coordinates": [ [ [ -71.51501, -16.41002 ], [ -71.51643, -16.42236 ], [ -71.50128, -16.44907 ], [ -71.51328, -16.45531 ], [ -71.51818, -16.44364 ], [ -71.53148, -16.43463 ], [ -71.54425, -16.43673 ], [ -71.54756, -16.42779 ], [ -71.51501, -16.41002 ] ] ] } },
{ "type": "Feature", "properties": { "UBIGEO_INEI": "040110", "DEPARTAMEN": "AREQUIPA", "PROVINCIA": "AREQUIPA", "DISTRITO": "MIRAFLORES" }, "geometry": { "type": "Polygon", "coordinates": [ [ [ -71.41081, -16.29694 ], [ -71.43107, -16.33346 ], [ -71.4812, -16.37996 ], [ -71.51651, -16.40293 ], [ -71.52737, -16.39538 ], [ -71.41081, -16.29694 ] ] ] } },
{ "type": "Feature", "properties": { "UBIGEO_INEI": "040112", "DEPARTAMEN": "AREQUIPA", "PROVINCIA": "AREQUIPA", "DISTRITO": "PAUCARPATA" }, "geometry": { "type": "Polygon", "coordinates": [ [ [ -71.45108, -16.39303 ], [ -71.44701, -16.41508 ], [ -71.42779, -16.41955 ], [ -71.46371, -16.43797 ], [ -71.49361, -16.43956 ], [ -71.50128, -16.44907 ], [ -71.51643, -16.42236 ], [ -71.51501, -16.41002 ], [ -71.45108, -16.39303 ] ] ] } },
{ "type": "Feature", "properties": { "UBIGEO_INEI": "040117", "DEPARTAMEN": "AREQUIPA", "PROVINCIA": "AREQUIPA", "DISTRITO": "SACHACA" }, "geometry": { "type": "Polygon", "coordinates": [ [ [ -71.60216, -16.40748 ], [ -71.55227, -16.40752 ], [ -71.55155, -16.41585 ], [ -71.57548, -16.44818 ], [ -71.60216, -16.40748 ] ] ] } },
{ "type": "Feature", "properties": { "UBIGEO_INEI": "040107", "DEPARTAMEN": "AREQUIPA", "PROVINCIA": "AREQUIPA", "DISTRITO": "JACOBO HUNTER" }, "geometry": { "type": "Polygon", "coordinates": [ [ [ -71.54437, -16.42239 ], [ -71.54051, -16.45076 ], [ -71.55795, -16.46492 ], [ -71.55537, -16.48619 ], [ -71.56658, -16.49651 ], [ -71.57612, -16.4886 ], [ -71.58533, -16.45751 ], [ -71.56461, -16.43219 ], [ -71.54437, -16.42239 ] ] ] } },
{ "type": "Feature", "properties": { "UBIGEO_INEI": "040109", "DEPARTAMEN": "AREQUIPA", "PROVINCIA": "AREQUIPA", "DISTRITO": "MARIANO MELGAR" }, "geometry": { "type": "Polygon", "coordinates": [ [ [ -71.42059, -16.32057 ], [ -71.42637, -16.35111 ], [ -71.4487, -16.39156 ], [ -71.51333, -16.41039 ], [ -71.51651, -16.40293 ], [ -71.4812, -16.37996 ], [ -71.42059, -16.32057 ] ] ] } },
{ "type": "Feature", "properties": { "UBIGEO_INEI": "040126", "DEPARTAMEN": "AREQUIPA", "PROVINCIA": "AREQUIPA", "DISTRITO": "YANAHUARA" }, "geometry": { "type": "Polygon", "coordinates": [ [ [ -71.53474, -16.36756 ], [ -71.53484, -16.38194 ], [ -71.55227, -16.40752 ], [ -71.56661, -16.40468 ], [ -71.55952, -16.39407 ], [ -71.54629, -16.39212 ], [ -71.53474, -16.36756 ] ] ] } },
{ "type": "Feature", "properties": { "UBIGEO_INEI": "230111", "DEPARTAMEN": "TACNA", "PROVINCIA": "TACNA", "DISTRITO": "LA YARADA LOS PALOS" }, "geometry": { "type": "Polygon", "coordinates": [ [ [ -70.46859, -18.0754 ], [ -70.38343, -18.10456 ], [ -70.37385, -18.11894 ], [ -70.35916, -18.10939 ], [ -70.33649, -18.13029 ], [ -70.34393, -18.1395 ], [ -70.34853, -18.18908 ], [ -70.33685, -18.18695 ], [ -70.3345, -18.20368 ], [ -70.32681, -18.19993 ], [ -70.3156, -18.29355 ], [ -70.32693, -18.29816 ], [ -70.32639, -18.31278 ], [ -70.35388, -18.32619 ], [ -70.37671, -18.35093 ], [ -70.48129, -18.27341 ], [ -70.57725, -18.21671 ], [ -70.5745, -18.20542 ], [ -70.58516, -18.19936 ], [ -70.58577, -18.17843 ], [ -70.57651, -18.17235 ], [ -70.56906, -18.12959 ], [ -70.54628, -18.12008 ], [ -70.51251, -18.08992 ], [ -70.46859, -18.0754 ] ] ] } },
{ "type": "Feature", "properties": { "UBIGEO_INEI": "080911", "DEPARTAMEN": "CUSCO", "PROVINCIA": "LA CONVENCION", "DISTRITO": "INKAWASI" }, "geometry": { "type": "Polygon", "coordinates": [ [ [ -73.45459, -13.12189 ], [ -73.3849, -13.12551 ], [ -73.36434, -13.13624 ], [ -73.35249, -13.16611 ], [ -73.33701, -13.1637 ], [ -73.29928, -13.1768 ], [ -73.28151, -13.20749 ], [ -73.24174, -13.20681 ], [ -73.23359, -13.20056 ], [ -73.20056, -13.23221 ], [ -73.18313, -13.23116 ], [ -73.17105, -13.22025 ], [ -73.14646, -13.23583 ], [ -73.13185, -13.21864 ], [ -73.09576, -13.22348 ], [ -73.08844, -13.2362 ], [ -73.09153, -13.24841 ], [ -73.06882, -13.2676 ], [ -73.07076, -13.30398 ], [ -73.05944, -13.31381 ], [ -73.05873, -13.32657 ], [ -73.02864, -13.34219 ], [ -73.027, -13.36338 ], [ -73.01506, -13.37942 ], [ -73.01599, -13.41658 ], [ -73.02802, -13.41982 ], [ -73.04405, -13.41196 ], [ -73.06044, -13.43802 ], [ -73.09929, -13.44896 ], [ -73.11066, -13.43454 ], [ -73.12609, -13.44005 ], [ -73.14411, -13.41912 ], [ -73.14865, -13.43521 ], [ -73.16978, -13.45244 ], [ -73.18612, -13.44113 ], [ -73.18711, -13.41635 ], [ -73.20482, -13.41172 ], [ -73.21556, -13.41849 ], [ -73.24904, -13.40364 ], [ -73.2601, -13.38423 ], [ -73.28691, -13.37256 ], [ -73.28958, -13.35499 ], [ -73.30417, -13.35017 ], [ -73.31267, -13.32457 ], [ -73.34818, -13.30232 ], [ -73.341, -13.29193 ], [ -73.35254, -13.29115 ], [ -73.34839, -13.27447 ], [ -73.36435, -13.26943 ], [ -73.38453, -13.2226 ], [ -73.40014, -13.21004 ], [ -73.40962, -13.21192 ], [ -73.41497, -13.19551 ], [ -73.40223, -13.18171 ], [ -73.41781, -13.13906 ], [ -73.42595, -13.13027 ], [ -73.4348, -13.13997 ], [ -73.43853, -13.12875 ], [ -73.45459, -13.12189 ] ] ] } },
{ "type": "Feature", "properties": { "UBIGEO_INEI": "080912", "DEPARTAMEN": "CUSCO", "PROVINCIA": "LA CONVENCION", "DISTRITO": "VILLA VIRGEN" }, "geometry": { "type": "Polygon", "coordinates": [ [ [ -73.37081, -12.95754 ], [ -73.35543, -12.98898 ], [ -73.33965, -12.99502 ], [ -73.3272, -12.98923 ], [ -73.3098, -12.99529 ], [ -73.29408, -12.98669 ], [ -73.26956, -12.99751 ], [ -73.26149, -13.01476 ], [ -73.24955, -13.0007 ], [ -73.22723, -13.00363 ], [ -73.21345, -13.03127 ], [ -73.21795, -13.05803 ], [ -73.1729, -13.08945 ], [ -73.19657, -13.11621 ], [ -73.19791, -13.13662 ], [ -73.32344, -13.13286 ], [ -73.39728, -13.09759 ], [ -73.41069, -13.09916 ], [ -73.42747, -13.11669 ], [ -73.44934, -13.11553 ], [ -73.44348, -13.10424 ], [ -73.45588, -13.08974 ], [ -73.44926, -13.07959 ], [ -73.46193, -13.07998 ], [ -73.47818, -13.05592 ], [ -73.49031, -13.06648 ], [ -73.49253, -13.04702 ], [ -73.47846, -13.03427 ], [ -73.47657, -13.0011 ], [ -73.48761, -12.99891 ], [ -73.50388, -13.01132 ], [ -73.52181, -12.99825 ], [ -73.51464, -13.00082 ], [ -73.50899, -12.9833 ], [ -73.49442, -12.97604 ], [ -73.42613, -12.99243 ], [ -73.41482, -12.98794 ], [ -73.41464, -12.97905 ], [ -73.37081, -12.95754 ] ] ] } },
{ "type": "Feature", "properties": { "UBIGEO_INEI": "080901", "DEPARTAMEN": "CUSCO", "PROVINCIA": "LA CONVENCION", "DISTRITO": "SANTA ANA" }, "geometry": { "type": "Polygon", "coordinates": [ [ [ -72.66376, -12.73343 ], [ -72.65307, -12.74161 ], [ -72.65151, -12.778 ], [ -72.62587, -12.79324 ], [ -72.62221, -12.80712 ], [ -72.6339, -12.82719 ], [ -72.6364, -12.85837 ], [ -72.65067, -12.86239 ], [ -72.66671, -12.85592 ], [ -72.68531, -12.87364 ], [ -72.66504, -12.91536 ], [ -72.66696, -12.94697 ], [ -72.68041, -12.92836 ], [ -72.70602, -12.91904 ], [ -72.71024, -12.96256 ], [ -72.72145, -12.9779 ], [ -72.7686, -12.98837 ], [ -72.80681, -12.98169 ], [ -72.82123, -12.96811 ], [ -72.84152, -12.9774 ], [ -72.84946, -12.97351 ], [ -72.85855, -12.95943 ], [ -72.85489, -12.93608 ], [ -72.86422, -12.9248 ], [ -72.84634, -12.90121 ], [ -72.83968, -12.87397 ], [ -72.81756, -12.86238 ], [ -72.82744, -12.84361 ], [ -72.82118, -12.82809 ], [ -72.79479, -12.81191 ], [ -72.7818, -12.81462 ], [ -72.76334, -12.80463 ], [ -72.73523, -12.81027 ], [ -72.70792, -12.77003 ], [ -72.69076, -12.7633 ], [ -72.66376, -12.73343 ] ] ] } },
{ "type": "Feature", "properties": { "UBIGEO_INEI": "080914", "DEPARTAMEN": "CUSCO", "PROVINCIA": "LA CONVENCION", "DISTRITO": "MEGANTONI" }, "geometry": { "type": "Polygon", "coordinates": [ [ [ -72.97961, -11.21299 ], [ -72.96618, -11.21732 ], [ -72.97548, -11.22435 ], [ -72.96794, -11.26623 ], [ -72.95588, -11.26338 ], [ -72.95627, -11.27287 ], [ -72.94519, -11.27544 ], [ -72.93563, -11.29082 ], [ -72.95282, -11.29328 ], [ -72.95556, -11.30462 ], [ -72.93246, -11.30735 ], [ -72.94045, -11.32269 ], [ -72.94443, -11.30987 ], [ -72.95951, -11.3142 ], [ -72.95093, -11.32463 ], [ -72.9649, -11.3295 ], [ -72.96167, -11.33485 ], [ -72.94952, -11.3305 ], [ -72.94474, -11.33991 ], [ -72.92435, -11.32741 ], [ -72.92079, -11.33384 ], [ -72.93284, -11.35038 ], [ -72.92092, -11.35544 ], [ -72.92637, -11.34825 ], [ -72.91989, -11.34364 ], [ -72.89468, -11.35826 ], [ -72.89037, -11.34318 ], [ -72.88723, -11.3565 ], [ -72.87618, -11.35529 ], [ -72.87706, -11.36431 ], [ -72.85917, -11.35543 ], [ -72.85286, -11.36528 ], [ -72.84444, -11.36328 ], [ -72.84441, -11.37335 ], [ -72.83397, -11.3743 ], [ -72.84246, -11.38684 ], [ -72.82268, -11.38961 ], [ -72.8162, -11.37508 ], [ -72.79973, -11.38557 ], [ -72.79704, -11.36443 ], [ -72.78946, -11.3686 ], [ -72.79498, -11.38456 ], [ -72.76335, -11.37161 ], [ -72.73824, -11.34743 ], [ -72.72326, -11.35075 ], [ -72.71768, -11.36211 ], [ -72.71238, -11.34735 ], [ -72.70974, -11.37881 ], [ -72.69862, -11.38041 ], [ -72.6923, -11.3957 ], [ -72.66569, -11.38591 ], [ -72.64557, -11.41277 ], [ -72.63422, -11.40505 ], [ -72.63189, -11.41567 ], [ -72.61717, -11.41778 ], [ -72.62433, -11.42561 ], [ -72.60751, -11.42925 ], [ -72.60869, -11.44014 ], [ -72.60115, -11.41843 ], [ -72.59104, -11.43209 ], [ -72.59412, -11.44084 ], [ -72.58082, -11.4308 ], [ -72.58182, -11.43912 ], [ -72.55367, -11.43208 ], [ -72.54713, -11.44831 ], [ -72.54885, -11.43689 ], [ -72.53632, -11.4348 ], [ -72.53369, -11.42484 ], [ -72.5342, -11.43851 ], [ -72.52531, -11.43924 ], [ -72.52403, -11.43104 ], [ -72.51598, -11.43072 ], [ -72.51776, -11.41768 ], [ -72.51184, -11.42503 ], [ -72.50719, -11.42071 ], [ -72.50982, -11.41151 ], [ -72.50121, -11.40902 ], [ -72.49895, -11.39502 ], [ -72.49306, -11.40401 ], [ -72.48221, -11.39812 ], [ -72.48752, -11.39334 ], [ -72.48112, -11.38756 ], [ -72.47434, -11.39235 ], [ -72.46936, -11.38526 ], [ -72.46486, -11.39061 ], [ -72.44903, -11.38577 ], [ -72.44985, -11.37148 ], [ -72.42513, -11.36849 ], [ -72.42359, -11.35517 ], [ -72.40338, -11.35711 ], [ -72.39933, -11.34315 ], [ -72.3965, -11.34976 ], [ -72.39344, -11.3421 ], [ -72.3871, -11.34766 ], [ -72.38116, -11.33402 ], [ -72.36102, -11.33386 ], [ -72.33829, -11.31708 ], [ -72.315, -11.32178 ], [ -72.30771, -11.307 ], [ -72.28375, -11.31689 ], [ -72.28006, -11.33961 ], [ -72.25319, -11.33008 ], [ -72.24783, -11.34484 ], [ -72.23926, -11.34506 ], [ -72.24789, -11.38501 ], [ -72.27082, -11.40019 ], [ -72.29255, -11.43327 ], [ -72.28746, -11.46665 ], [ -72.28963, -11.48285 ], [ -72.30417, -11.49711 ], [ -72.29803, -11.50412 ], [ -72.31302, -11.56152 ], [ -72.30789, -11.58754 ], [ -72.34804, -11.61786 ], [ -72.35562, -11.63503 ], [ -72.37564, -11.63317 ], [ -72.37532, -11.64417 ], [ -72.3903, -11.65068 ], [ -72.38771, -11.66046 ], [ -72.42874, -11.70897 ], [ -72.42333, -11.73782 ], [ -72.38501, -11.76172 ], [ -72.37077, -11.78497 ], [ -72.391, -11.80661 ], [ -72.39076, -11.82756 ], [ -72.33184, -11.85609 ], [ -72.34751, -11.89127 ], [ -72.33682, -11.93734 ], [ -72.34049, -11.96577 ], [ -72.28622, -11.97532 ], [ -72.28154, -11.9958 ], [ -72.25903, -12.00593 ], [ -72.2696, -12.02284 ], [ -72.26893, -12.05437 ], [ -72.28113, -12.05798 ], [ -72.29057, -12.09882 ], [ -72.31523, -12.09373 ], [ -72.34589, -12.10567 ], [ -72.39828, -12.14093 ], [ -72.40439, -12.15663 ], [ -72.44428, -12.16432 ], [ -72.44742, -12.18231 ], [ -72.47601, -12.19871 ], [ -72.53409, -12.18587 ], [ -72.54605, -12.21398 ], [ -72.60035, -12.2123 ], [ -72.62808, -12.20184 ], [ -72.64749, -12.21946 ], [ -72.66029, -12.21515 ], [ -72.6955, -12.2329 ], [ -72.74156, -12.23388 ], [ -72.75499, -12.24068 ], [ -72.78914, -12.24132 ], [ -72.82646, -12.2305 ], [ -72.83719, -12.23716 ], [ -72.8456, -12.22602 ], [ -72.86861, -12.22276 ], [ -72.88705, -12.2347 ], [ -72.89761, -12.22462 ], [ -72.91616, -12.22267 ], [ -72.95758, -12.25095 ], [ -72.98826, -12.22882 ], [ -73.01127, -12.23986 ], [ -73.03118, -12.18477 ], [ -73.04827, -12.17458 ], [ -73.0372, -12.14857 ], [ -73.05192, -12.15495 ], [ -73.05752, -12.14609 ], [ -73.0816, -12.15458 ], [ -73.09114, -12.20379 ], [ -73.1459, -12.2123 ], [ -73.20562, -12.21092 ], [ -73.21827, -12.16949 ], [ -73.20985, -12.13834 ], [ -73.24992, -12.10655 ], [ -73.2506, -12.07545 ], [ -73.25935, -12.05878 ], [ -73.27383, -12.0554 ], [ -73.26605, -12.03634 ], [ -73.27668, -12.02683 ], [ -73.27648, -12.01407 ], [ -73.2894, -12.00921 ], [ -73.28785, -11.96622 ], [ -73.30076, -11.96494 ], [ -73.30553, -11.956 ], [ -73.33389, -11.95739 ], [ -73.33639, -11.94183 ], [ -73.3221, -11.92029 ], [ -73.32886, -11.89874 ], [ -73.31974, -11.87663 ], [ -73.35462, -11.84613 ], [ -73.34485, -11.80819 ], [ -73.35605, -11.78538 ], [ -73.35814, -11.74828 ], [ -73.39457, -11.72409 ], [ -73.38097, -11.66564 ], [ -73.42913, -11.62107 ], [ -73.44218, -11.56541 ], [ -73.47779, -11.53908 ], [ -73.44973, -11.53194 ], [ -73.45381, -11.50533 ], [ -73.47983, -11.46991 ], [ -73.46905, -11.44522 ], [ -73.45676, -11.44212 ], [ -73.4433, -11.40968 ], [ -73.41975, -11.38394 ], [ -73.40856, -11.38598 ], [ -73.38626, -11.37127 ], [ -73.37866, -11.35074 ], [ -73.35296, -11.33418 ], [ -73.3417, -11.311 ], [ -73.256, -11.31254 ], [ -73.23713, -11.29951 ], [ -73.21319, -11.29908 ], [ -73.206, -11.2902 ], [ -73.19373, -11.29316 ], [ -73.18497, -11.2859 ], [ -73.13166, -11.29393 ], [ -73.08214, -11.27328 ], [ -73.06504, -11.28435 ], [ -73.02555, -11.26416 ], [ -73.01857, -11.23417 ], [ -72.97961, -11.21299 ] ] ] } },
{ "type": "Feature", "properties": { "UBIGEO_INEI": "080903", "DEPARTAMEN": "CUSCO", "PROVINCIA": "LA CONVENCION", "DISTRITO": "HUAYOPATA" }, "geometry": { "type": "Polygon", "coordinates": [ [ [ -72.55692, -12.93179 ], [ -72.50286, -12.94875 ], [ -72.4737, -12.94521 ], [ -72.44749, -12.97623 ], [ -72.41555, -12.98165 ], [ -72.38751, -13.01115 ], [ -72.36729, -13.0143 ], [ -72.37503, -13.02876 ], [ -72.36637, -13.03678 ], [ -72.37056, -13.04623 ], [ -72.34859, -13.0563 ], [ -72.32931, -13.10354 ], [ -72.30556, -13.11715 ], [ -72.30347, -13.14239 ], [ -72.32664, -13.16445 ], [ -72.34856, -13.1577 ], [ -72.39731, -13.17366 ], [ -72.43672, -13.1515 ], [ -72.44878, -13.12791 ], [ -72.46978, -13.12345 ], [ -72.48581, -13.10181 ], [ -72.53975, -13.08302 ], [ -72.55279, -13.09507 ], [ -72.57016, -13.09291 ], [ -72.60072, -13.10674 ], [ -72.62401, -13.0706 ], [ -72.62791, -13.03852 ], [ -72.61699, -13.01811 ], [ -72.62601, -13.00358 ], [ -72.6124, -13.00653 ], [ -72.60715, -12.97315 ], [ -72.58925, -12.94789 ], [ -72.55692, -12.93179 ] ] ] } },
{ "type": "Feature", "properties": { "UBIGEO_INEI": "080904", "DEPARTAMEN": "CUSCO", "PROVINCIA": "LA CONVENCION", "DISTRITO": "MARANURA" }, "geometry": { "type": "Polygon", "coordinates": [ [ [ -72.65764, -12.85476 ], [ -72.65425, -12.86157 ], [ -72.6364, -12.85837 ], [ -72.6278, -12.86677 ], [ -72.62434, -12.89859 ], [ -72.58926, -12.89167 ], [ -72.55859, -12.93108 ], [ -72.5973, -12.95847 ], [ -72.61302, -13.00732 ], [ -72.62568, -13.00317 ], [ -72.64019, -13.01474 ], [ -72.66927, -12.9918 ], [ -72.70066, -12.99494 ], [ -72.72145, -12.9779 ], [ -72.71024, -12.96256 ], [ -72.70732, -12.91946 ], [ -72.68041, -12.92836 ], [ -72.66696, -12.94697 ], [ -72.66504, -12.91536 ], [ -72.68619, -12.87723 ], [ -72.68011, -12.86597 ], [ -72.65764, -12.85476 ] ] ] } },
{ "type": "Feature", "properties": { "UBIGEO_INEI": "080905", "DEPARTAMEN": "CUSCO", "PROVINCIA": "LA CONVENCION", "DISTRITO": "OCOBAMBA" }, "geometry": { "type": "Polygon", "coordinates": [ [ [ -72.36993, -12.63926 ], [ -72.32168, -12.66942 ], [ -72.35296, -12.68664 ], [ -72.36625, -12.76754 ], [ -72.35523, -12.78878 ], [ -72.36214, -12.82538 ], [ -72.3544, -12.84658 ], [ -72.33392, -12.86473 ], [ -72.334, -12.88884 ], [ -72.32017, -12.91479 ], [ -72.29487, -12.93432 ], [ -72.28727, -12.92964 ], [ -72.27962, -12.93889 ], [ -72.22147, -12.9566 ], [ -72.21371, -12.99563 ], [ -72.18229, -13.00672 ], [ -72.16932, -13.02424 ], [ -72.19063, -13.09615 ], [ -72.19753, -13.10561 ], [ -72.22276, -13.09987 ], [ -72.23064, -13.14333 ], [ -72.24619, -13.13876 ], [ -72.25267, -13.12345 ], [ -72.27681, -13.12257 ], [ -72.2813, -13.1077 ], [ -72.30556, -13.11715 ], [ -72.32931, -13.10354 ], [ -72.34261, -13.06417 ], [ -72.37056, -13.04623 ], [ -72.36637, -13.03678 ], [ -72.37503, -13.02876 ], [ -72.36679, -13.01488 ], [ -72.38751, -13.01115 ], [ -72.41431, -12.98225 ], [ -72.44749, -12.97623 ], [ -72.4737, -12.94521 ], [ -72.52754, -12.94321 ], [ -72.56739, -12.92232 ], [ -72.53598, -12.90451 ], [ -72.53524, -12.8923 ], [ -72.51029, -12.8687 ], [ -72.49568, -12.83139 ], [ -72.50549, -12.81741 ], [ -72.45739, -12.79322 ], [ -72.45341, -12.76083 ], [ -72.43108, -12.7169 ], [ -72.44192, -12.68618 ], [ -72.41864, -12.65878 ], [ -72.36993, -12.63926 ] ] ] } },
{ "type": "Feature", "properties": { "UBIGEO_INEI": "080906", "DEPARTAMEN": "CUSCO", "PROVINCIA": "LA CONVENCION", "DISTRITO": "QUELLOUNO" }, "geometry": { "type": "Polygon", "coordinates": [ [ [ -72.62797, -12.32546 ], [ -72.61396, -12.32686 ], [ -72.60083, -12.34437 ], [ -72.56631, -12.35697 ], [ -72.53393, -12.3605 ], [ -72.51125, -12.34973 ], [ -72.48637, -12.35192 ], [ -72.43977, -12.36288 ], [ -72.4286, -12.37534 ], [ -72.40335, -12.38175 ], [ -72.35891, -12.37894 ], [ -72.33834, -12.39537 ], [ -72.31517, -12.39306 ], [ -72.29286, -12.40315 ], [ -72.28202, -12.39711 ], [ -72.26273, -12.41821 ], [ -72.2427, -12.41916 ], [ -72.22574, -12.43096 ], [ -72.2067, -12.41962 ], [ -72.1784, -12.44408 ], [ -72.14094, -12.45848 ], [ -72.12432, -12.47578 ], [ -72.1144, -12.47417 ], [ -72.10443, -12.4974 ], [ -72.08531, -12.49158 ], [ -72.07067, -12.51227 ], [ -72.09072, -12.51625 ], [ -72.12451, -12.5485 ], [ -72.12135, -12.57876 ], [ -72.13732, -12.621 ], [ -72.18577, -12.65714 ], [ -72.22658, -12.66484 ], [ -72.30808, -12.65144 ], [ -72.33586, -12.6329 ], [ -72.36577, -12.63104 ], [ -72.38921, -12.64995 ], [ -72.42122, -12.66068 ], [ -72.44398, -12.68984 ], [ -72.47371, -12.68031 ], [ -72.52528, -12.62814 ], [ -72.57843, -12.65573 ], [ -72.58988, -12.64801 ], [ -72.63524, -12.65393 ], [ -72.65725, -12.62473 ], [ -72.67673, -12.61823 ], [ -72.69466, -12.62195 ], [ -72.70317, -12.60035 ], [ -72.73346, -12.59382 ], [ -72.73251, -12.58032 ], [ -72.7232, -12.57617 ], [ -72.71615, -12.5814 ], [ -72.70258, -12.57498 ], [ -72.69413, -12.58539 ], [ -72.68297, -12.58551 ], [ -72.68231, -12.55411 ], [ -72.70706, -12.52047 ], [ -72.70418, -12.47779 ], [ -72.71114, -12.46358 ], [ -72.75739, -12.43505 ], [ -72.76992, -12.385 ], [ -72.75962, -12.33597 ], [ -72.69279, -12.32754 ], [ -72.65486, -12.341 ], [ -72.62797, -12.32546 ] ] ] } },
{ "type": "Feature", "properties": { "UBIGEO_INEI": "080907", "DEPARTAMEN": "CUSCO", "PROVINCIA": "LA CONVENCION", "DISTRITO": "KIMBIRI" }, "geometry": { "type": "Polygon", "coordinates": [ [ [ -73.64402, -12.37271 ], [ -73.63506, -12.37926 ], [ -73.61441, -12.37671 ], [ -73.58193, -12.40078 ], [ -73.58159, -12.42567 ], [ -73.56103, -12.44567 ], [ -73.57394, -12.47128 ], [ -73.5909, -12.46985 ], [ -73.61201, -12.50579 ], [ -73.64648, -12.5007 ], [ -73.65126, -12.51456 ], [ -73.62229, -12.53886 ], [ -73.6087, -12.53498 ], [ -73.58676, -12.54274 ], [ -73.59815, -12.59615 ], [ -73.58448, -12.63252 ], [ -73.54387, -12.64955 ], [ -73.59556, -12.6637 ], [ -73.63032, -12.69954 ], [ -73.66587, -12.71043 ], [ -73.68246, -12.68781 ], [ -73.69675, -12.68443 ], [ -73.6994, -12.67097 ], [ -73.7121, -12.66596 ], [ -73.72504, -12.63673 ], [ -73.74342, -12.65153 ], [ -73.75659, -12.65146 ], [ -73.80006, -12.61545 ], [ -73.80507, -12.57252 ], [ -73.79595, -12.55883 ], [ -73.75429, -12.54983 ], [ -73.73602, -12.51425 ], [ -73.70838, -12.51039 ], [ -73.72543, -12.46891 ], [ -73.71092, -12.44074 ], [ -73.67433, -12.41198 ], [ -73.66844, -12.3887 ], [ -73.64402, -12.37271 ] ] ] } },
{ "type": "Feature", "properties": { "UBIGEO_INEI": "080908", "DEPARTAMEN": "CUSCO", "PROVINCIA": "LA CONVENCION", "DISTRITO": "SANTA TERESA" }, "geometry": { "type": "Polygon", "coordinates": [ [ [ -72.62521, -13.0045 ], [ -72.61699, -13.01811 ], [ -72.62859, -13.04512 ], [ -72.62014, -13.08289 ], [ -72.59983, -13.10204 ], [ -72.58, -13.1453 ], [ -72.57942, -13.17256 ], [ -72.56656, -13.17527 ], [ -72.57168, -13.19029 ], [ -72.56437, -13.21228 ], [ -72.55172, -13.21887 ], [ -72.55562, -13.2735 ], [ -72.54434, -13.30465 ], [ -72.54668, -13.33261 ], [ -72.55852, -13.33659 ], [ -72.57866, -13.36158 ], [ -72.59402, -13.36077 ], [ -72.61438, -13.38362 ], [ -72.62972, -13.37465 ], [ -72.65253, -13.39659 ], [ -72.68534, -13.40667 ], [ -72.6938, -13.42095 ], [ -72.72123, -13.40479 ], [ -72.74593, -13.4156 ], [ -72.78525, -13.45802 ], [ -72.79702, -13.45124 ], [ -72.79279, -13.42837 ], [ -72.79831, -13.42177 ], [ -72.83827, -13.42707 ], [ -72.88631, -13.41587 ], [ -72.90348, -13.37287 ], [ -72.92933, -13.36033 ], [ -72.95104, -13.33174 ], [ -72.96356, -13.26284 ], [ -72.93219, -13.2495 ], [ -72.92861, -13.24129 ], [ -72.91515, -13.24564 ], [ -72.90397, -13.22569 ], [ -72.87931, -13.22265 ], [ -72.86332, -13.24338 ], [ -72.84526, -13.21248 ], [ -72.81727, -13.24225 ], [ -72.79768, -13.1984 ], [ -72.77633, -13.18726 ], [ -72.77406, -13.17723 ], [ -72.78978, -13.14997 ], [ -72.8324, -13.11045 ], [ -72.82431, -13.07206 ], [ -72.82918, -13.04589 ], [ -72.82271, -13.03781 ], [ -72.78638, -13.04392 ], [ -72.72128, -13.02347 ], [ -72.70094, -13.04134 ], [ -72.66664, -13.01319 ], [ -72.64645, -13.00725 ], [ -72.63976, -13.01467 ], [ -72.62521, -13.0045 ] ] ] } },
{ "type": "Feature", "properties": { "UBIGEO_INEI": "080909", "DEPARTAMEN": "CUSCO", "PROVINCIA": "LA CONVENCION", "DISTRITO": "VILCABAMBA" }, "geometry": { "type": "Polygon", "coordinates": [ [ [ -73.08028, -12.65907 ], [ -73.06377, -12.66919 ], [ -73.06117, -12.68087 ], [ -73.07007, -12.72909 ], [ -73.05911, -12.824 ], [ -72.99471, -12.86279 ], [ -72.99197, -12.88236 ], [ -72.96657, -12.89616 ], [ -72.97182, -12.92381 ], [ -72.98418, -12.93267 ], [ -72.97501, -12.9469 ], [ -72.97935, -12.96455 ], [ -73.00037, -12.99049 ], [ -72.99032, -13.01352 ], [ -72.96751, -13.01505 ], [ -72.94744, -13.00164 ], [ -72.93013, -13.00203 ], [ -72.904, -12.98341 ], [ -72.89489, -12.99003 ], [ -72.86183, -12.97718 ], [ -72.85711, -12.96398 ], [ -72.84205, -12.97743 ], [ -72.82123, -12.96811 ], [ -72.80855, -12.98098 ], [ -72.7799, -12.98177 ], [ -72.77544, -12.98805 ], [ -72.72145, -12.9779 ], [ -72.70066, -12.99494 ], [ -72.67122, -12.99118 ], [ -72.64645, -13.00725 ], [ -72.67026, -13.01496 ], [ -72.70094, -13.04134 ], [ -72.72128, -13.02347 ], [ -72.78638, -13.04392 ], [ -72.82387, -13.03844 ], [ -72.83105, -13.04922 ], [ -72.82426, -13.07099 ], [ -72.8324, -13.11045 ], [ -72.78978, -13.14997 ], [ -72.77406, -13.17723 ], [ -72.77633, -13.18726 ], [ -72.79768, -13.1984 ], [ -72.81727, -13.24225 ], [ -72.84526, -13.21248 ], [ -72.86332, -13.24338 ], [ -72.87931, -13.22265 ], [ -72.90397, -13.22569 ], [ -72.91515, -13.24564 ], [ -72.92861, -13.24129 ], [ -72.93219, -13.2495 ], [ -72.96283, -13.26086 ], [ -72.95104, -13.33174 ], [ -72.92933, -13.36033 ], [ -72.90511, -13.37102 ], [ -72.89813, -13.38792 ], [ -72.97706, -13.38817 ], [ -73.01594, -13.42685 ], [ -73.02802, -13.41982 ], [ -73.01477, -13.41326 ], [ -73.01506, -13.37942 ], [ -73.027, -13.36338 ], [ -73.02864, -13.34219 ], [ -73.05873, -13.32657 ], [ -73.05944, -13.31381 ], [ -73.07076, -13.30398 ], [ -73.06882, -13.2676 ], [ -73.09153, -13.24841 ], [ -73.08844, -13.2362 ], [ -73.09576, -13.22348 ], [ -73.13185, -13.21864 ], [ -73.14646, -13.23583 ], [ -73.17105, -13.22025 ], [ -73.18313, -13.23116 ], [ -73.20056, -13.23221 ], [ -73.23359, -13.20056 ], [ -73.24174, -13.20681 ], [ -73.28151, -13.20749 ], [ -73.29928, -13.1768 ], [ -73.33701, -13.1637 ], [ -73.35249, -13.16611 ], [ -73.36434, -13.13624 ], [ -73.3849, -13.12551 ], [ -73.45515, -13.12074 ], [ -73.42747, -13.11669 ], [ -73.41069, -13.09916 ], [ -73.39728, -13.09759 ], [ -73.32344, -13.13286 ], [ -73.19791, -13.13662 ], [ -73.19657, -13.11621 ], [ -73.17421, -13.08611 ], [ -73.21795, -13.05803 ], [ -73.21345, -13.03127 ], [ -73.22779, -13.00307 ], [ -73.24955, -13.0007 ], [ -73.26149, -13.01476 ], [ -73.26956, -12.99751 ], [ -73.29408, -12.98669 ], [ -73.2888, -12.98058 ], [ -73.29482, -12.95673 ], [ -73.30952, -12.94859 ], [ -73.30691, -12.9255 ], [ -73.29478, -12.90773 ], [ -73.25884, -12.90548 ], [ -73.24498, -12.88327 ], [ -73.23415, -12.88086 ], [ -73.23986, -12.85625 ], [ -73.2251, -12.83531 ], [ -73.22936, -12.8085 ], [ -73.19353, -12.77247 ], [ -73.20252, -12.74529 ], [ -73.19417, -12.72419 ], [ -73.13773, -12.69893 ], [ -73.11461, -12.66741 ], [ -73.09945, -12.6748 ], [ -73.08028, -12.65907 ] ] ] } },
{ "type": "Feature", "properties": { "UBIGEO_INEI": "090311", "DEPARTAMEN": "HUANCAVELICA", "PROVINCIA": "ANGARAES", "DISTRITO": "SANTO TOMAS DE PATA" }, "geometry": { "type": "Polygon", "coordinates": [ [ [ -74.4698, -13.07654 ], [ -74.45487, -13.09169 ], [ -74.44277, -13.08779 ], [ -74.42475, -13.09771 ], [ -74.40992, -13.08842 ], [ -74.41087, -13.1197 ], [ -74.38872, -13.12966 ], [ -74.39601, -13.16883 ], [ -74.42043, -13.15954 ], [ -74.45844, -13.19004 ], [ -74.49417, -13.1866 ], [ -74.51706, -13.19669 ], [ -74.52561, -13.18959 ], [ -74.54352, -13.20024 ], [ -74.55865, -13.167 ], [ -74.55222, -13.15331 ], [ -74.50455, -13.12738 ], [ -74.48842, -13.0897 ], [ -74.4698, -13.07654 ] ] ] } },
{ "type": "Feature", "properties": { "UBIGEO_INEI": "090310", "DEPARTAMEN": "HUANCAVELICA", "PROVINCIA": "ANGARAES", "DISTRITO": "SAN ANTONIO DE ANTAPARCO" }, "geometry": { "type": "Polygon", "coordinates": [ [ [ -74.44094, -13.03982 ], [ -74.38947, -13.04187 ], [ -74.408, -13.06855 ], [ -74.40992, -13.08842 ], [ -74.42409, -13.09767 ], [ -74.44277, -13.08779 ], [ -74.45487, -13.09169 ], [ -74.46366, -13.072 ], [ -74.459, -13.05187 ], [ -74.44094, -13.03982 ] ] ] } },
{ "type": "Feature", "properties": { "UBIGEO_INEI": "090312", "DEPARTAMEN": "HUANCAVELICA", "PROVINCIA": "ANGARAES", "DISTRITO": "SECCLLA" }, "geometry": { "type": "Polygon", "coordinates": [ [ [ -74.51427, -13.01196 ], [ -74.48472, -13.03504 ], [ -74.4703, -13.03264 ], [ -74.45424, -13.05001 ], [ -74.46326, -13.06086 ], [ -74.46254, -13.08016 ], [ -74.47061, -13.07641 ], [ -74.48842, -13.0897 ], [ -74.50349, -13.1263 ], [ -74.55175, -13.15345 ], [ -74.63213, -13.08137 ], [ -74.63484, -13.06217 ], [ -74.62111, -13.06269 ], [ -74.6057, -13.04823 ], [ -74.59404, -13.06101 ], [ -74.57455, -13.05808 ], [ -74.57111, -13.04302 ], [ -74.51427, -13.01196 ] ] ] } },
{ "type": "Feature", "properties": { "UBIGEO_INEI": "090301", "DEPARTAMEN": "HUANCAVELICA", "PROVINCIA": "ANGARAES", "DISTRITO": "LIRCAY" }, "geometry": { "type": "Polygon", "coordinates": [ [ [ -74.7066, -12.93697 ], [ -74.70158, -12.94659 ], [ -74.66697, -12.96101 ], [ -74.66503, -12.99861 ], [ -74.65556, -13.01099 ], [ -74.6625, -13.05525 ], [ -74.63538, -13.06123 ], [ -74.63213, -13.08137 ], [ -74.61789, -13.08859 ], [ -74.58046, -13.13425 ], [ -74.55923, -13.14243 ], [ -74.55222, -13.15331 ], [ -74.55865, -13.167 ], [ -74.55081, -13.17425 ], [ -74.55317, -13.18898 ], [ -74.57204, -13.18466 ], [ -74.5801, -13.19301 ], [ -74.58595, -13.21076 ], [ -74.59563, -13.21285 ], [ -74.60069, -13.22739 ], [ -74.64465, -13.27414 ], [ -74.6635, -13.27148 ], [ -74.68606, -13.28637 ], [ -74.71362, -13.29205 ], [ -74.72306, -13.28817 ], [ -74.72683, -13.2709 ], [ -74.72048, -13.25819 ], [ -74.73078, -13.2311 ], [ -74.7157, -13.19602 ], [ -74.72164, -13.17919 ], [ -74.74695, -13.17677 ], [ -74.76052, -13.16096 ], [ -74.78001, -13.1572 ], [ -74.80255, -13.16787 ], [ -74.84005, -13.14375 ], [ -74.87507, -13.16227 ], [ -74.89445, -13.15928 ], [ -74.91326, -13.16747 ], [ -74.91042, -13.13429 ], [ -74.92018, -13.09959 ], [ -74.90877, -13.09346 ], [ -74.90766, -13.03455 ], [ -74.90143, -13.02306 ], [ -74.88223, -13.01468 ], [ -74.87704, -12.99926 ], [ -74.83829, -12.97488 ], [ -74.81168, -12.98609 ], [ -74.79388, -12.94512 ], [ -74.78746, -12.95328 ], [ -74.76426, -12.94866 ], [ -74.74896, -12.96522 ], [ -74.72418, -12.95783 ], [ -74.7066, -12.93697 ] ] ] } },
{ "type": "Feature", "properties": { "UBIGEO_INEI": "090309", "DEPARTAMEN": "HUANCAVELICA", "PROVINCIA": "ANGARAES", "DISTRITO": "JULCAMARCA" }, "geometry": { "type": "Polygon", "coordinates": [ [ [ -74.43895, -12.95801 ], [ -74.4217, -12.99349 ], [ -74.40693, -12.99381 ], [ -74.37991, -13.02449 ], [ -74.38947, -13.04187 ], [ -74.43433, -13.03858 ], [ -74.45424, -13.05001 ], [ -74.47044, -13.03363 ], [ -74.46093, -13.01755 ], [ -74.46328, -12.99411 ], [ -74.43895, -12.95801 ] ] ] } },
{ "type": "Feature", "properties": { "UBIGEO_INEI": "090306", "DEPARTAMEN": "HUANCAVELICA", "PROVINCIA": "ANGARAES", "DISTRITO": "CONGALLA" }, "geometry": { "type": "Polygon", "coordinates": [ [ [ -74.55678, -12.89355 ], [ -74.5255, -12.90422 ], [ -74.50287, -12.92389 ], [ -74.47575, -12.92972 ], [ -74.46509, -12.95536 ], [ -74.44647, -12.96513 ], [ -74.45321, -12.98723 ], [ -74.46328, -12.99411 ], [ -74.46128, -13.01897 ], [ -74.47983, -13.03648 ], [ -74.51477, -13.01196 ], [ -74.57111, -13.04302 ], [ -74.57455, -13.05808 ], [ -74.59404, -13.06101 ], [ -74.6057, -13.04823 ], [ -74.62111, -13.06269 ], [ -74.63439, -13.06252 ], [ -74.62824, -13.04781 ], [ -74.63352, -13.02469 ], [ -74.61699, -13.01281 ], [ -74.61258, -12.98055 ], [ -74.59649, -12.97227 ], [ -74.57417, -12.93977 ], [ -74.57476, -12.91408 ], [ -74.55678, -12.89355 ] ] ] } },
{ "type": "Feature", "properties": { "UBIGEO_INEI": "090304", "DEPARTAMEN": "HUANCAVELICA", "PROVINCIA": "ANGARAES", "DISTRITO": "CCOCHACCASA" }, "geometry": { "type": "Polygon", "coordinates": [ [ [ -74.76533, -12.86802 ], [ -74.75643, -12.86907 ], [ -74.75853, -12.87931 ], [ -74.73549, -12.88803 ], [ -74.7694, -12.91226 ], [ -74.73621, -12.9177 ], [ -74.74133, -12.93876 ], [ -74.71852, -12.94585 ], [ -74.72418, -12.95783 ], [ -74.74896, -12.96522 ], [ -74.76426, -12.94866 ], [ -74.78746, -12.95328 ], [ -74.79388, -12.94512 ], [ -74.81168, -12.98609 ], [ -74.84784, -12.97244 ], [ -74.89042, -12.96844 ], [ -74.88952, -12.94885 ], [ -74.89606, -12.94539 ], [ -74.87829, -12.91935 ], [ -74.85135, -12.92066 ], [ -74.82957, -12.94229 ], [ -74.81887, -12.93995 ], [ -74.8171, -12.92215 ], [ -74.80311, -12.9125 ], [ -74.80764, -12.90791 ], [ -74.76533, -12.86802 ] ] ] } },
{ "type": "Feature", "properties": { "UBIGEO_INEI": "090302", "DEPARTAMEN": "HUANCAVELICA", "PROVINCIA": "ANGARAES", "DISTRITO": "ANCHONGA" }, "geometry": { "type": "Polygon", "coordinates": [ [ [ -74.67833, -12.82337 ], [ -74.65358, -12.85567 ], [ -74.65959, -12.86763 ], [ -74.7038, -12.93534 ], [ -74.71852, -12.94585 ], [ -74.73976, -12.94076 ], [ -74.73621, -12.9177 ], [ -74.7694, -12.91226 ], [ -74.73549, -12.88803 ], [ -74.75853, -12.87931 ], [ -74.75643, -12.86907 ], [ -74.73367, -12.87967 ], [ -74.72174, -12.85989 ], [ -74.67833, -12.82337 ] ] ] } },
{ "type": "Feature", "properties": { "UBIGEO_INEI": "090307", "DEPARTAMEN": "HUANCAVELICA", "PROVINCIA": "ANGARAES", "DISTRITO": "HUANCA-HUANCA" }, "geometry": { "type": "Polygon", "coordinates": [ [ [ -74.59677, -12.88836 ], [ -74.57972, -12.89781 ], [ -74.57417, -12.93977 ], [ -74.59649, -12.97227 ], [ -74.61258, -12.98055 ], [ -74.61699, -13.01281 ], [ -74.63352, -13.02469 ], [ -74.62824, -13.04781 ], [ -74.63434, -13.06165 ], [ -74.6625, -13.05525 ], [ -74.65556, -13.01099 ], [ -74.67063, -12.9671 ], [ -74.63494, -12.90165 ], [ -74.61058, -12.90636 ], [ -74.59677, -12.88836 ] ] ] } },
{ "type": "Feature", "properties": { "UBIGEO_INEI": "090305", "DEPARTAMEN": "HUANCAVELICA", "PROVINCIA": "ANGARAES", "DISTRITO": "CHINCHO" }, "geometry": { "type": "Polygon", "coordinates": [ [ [ -74.31945, -12.88728 ], [ -74.32767, -12.92839 ], [ -74.29655, -12.93501 ], [ -74.29207, -12.98722 ], [ -74.27147, -13.02274 ], [ -74.27157, -13.06863 ], [ -74.27811, -13.0742 ], [ -74.31145, -13.05887 ], [ -74.34588, -13.02584 ], [ -74.39033, -13.01921 ], [ -74.40604, -12.99451 ], [ -74.4217, -12.99349 ], [ -74.43895, -12.95801 ], [ -74.37487, -12.93605 ], [ -74.31945, -12.88728 ] ] ] } },
{ "type": "Feature", "properties": { "UBIGEO_INEI": "090308", "DEPARTAMEN": "HUANCAVELICA", "PROVINCIA": "ANGARAES", "DISTRITO": "HUAYLLAY GRANDE" }, "geometry": { "type": "Polygon", "coordinates": [ [ [ -74.6497, -12.88238 ], [ -74.6425, -12.90254 ], [ -74.6663, -12.96069 ], [ -74.70158, -12.94659 ], [ -74.7066, -12.93697 ], [ -74.68237, -12.90197 ], [ -74.6497, -12.88238 ] ] ] } },
{ "type": "Feature", "properties": { "UBIGEO_INEI": "090303", "DEPARTAMEN": "HUANCAVELICA", "PROVINCIA": "ANGARAES", "DISTRITO": "CALLANMARCA" }, "geometry": { "type": "Polygon", "coordinates": [ [ [ -74.62375, -12.84237 ], [ -74.59677, -12.88836 ], [ -74.61058, -12.90636 ], [ -74.63401, -12.90103 ], [ -74.64908, -12.92128 ], [ -74.64096, -12.89317 ], [ -74.6491, -12.87978 ], [ -74.63417, -12.84782 ], [ -74.62375, -12.84237 ] ] ] } },
{ "type": "Feature", "properties": { "UBIGEO_INEI": "120809", "DEPARTAMEN": "JUNIN", "PROVINCIA": "YAULI", "DISTRITO": "SUITUCANCHA" }, "geometry": { "type": "Polygon", "coordinates": [ [ [ -75.93024, -11.75542 ], [ -75.89314, -11.78363 ], [ -75.90211, -11.86918 ], [ -75.9211, -11.87647 ], [ -75.95575, -11.87049 ], [ -75.99348, -11.89963 ], [ -76.01527, -11.90407 ], [ -76.02433, -11.89763 ], [ -76.03523, -11.9315 ], [ -76.05422, -11.93884 ], [ -76.05822, -11.91281 ], [ -76.05034, -11.9096 ], [ -76.04023, -11.87948 ], [ -76.05551, -11.85025 ], [ -76.05116, -11.80944 ], [ -76.04409, -11.80418 ], [ -76.05152, -11.79496 ], [ -76.04872, -11.77711 ], [ -76.03926, -11.77472 ], [ -76.01179, -11.79496 ], [ -75.9848, -11.78146 ], [ -75.97787, -11.76658 ], [ -75.93024, -11.75542 ] ] ] } },
{ "type": "Feature", "properties": { "UBIGEO_INEI": "120802", "DEPARTAMEN": "JUNIN", "PROVINCIA": "YAULI", "DISTRITO": "CHACAPALPA" }, "geometry": { "type": "Polygon", "coordinates": [ [ [ -75.82719, -11.6434 ], [ -75.79584, -11.65101 ], [ -75.76833, -11.69737 ], [ -75.75227, -11.70281 ], [ -75.75212, -11.72817 ], [ -75.7345, -11.74678 ], [ -75.75618, -11.77603 ], [ -75.77936, -11.77644 ], [ -75.79782, -11.79024 ], [ -75.81496, -11.78964 ], [ -75.84117, -11.76819 ], [ -75.87367, -11.77023 ], [ -75.89314, -11.78363 ], [ -75.90838, -11.77392 ], [ -75.90625, -11.72811 ], [ -75.87318, -11.70925 ], [ -75.84439, -11.65016 ], [ -75.82719, -11.6434 ] ] ] } },
{ "type": "Feature", "properties": { "UBIGEO_INEI": "120803", "DEPARTAMEN": "JUNIN", "PROVINCIA": "YAULI", "DISTRITO": "HUAY-HUAY" }, "geometry": { "type": "Polygon", "coordinates": [ [ [ -75.98157, -11.63988 ], [ -75.9804, -11.64618 ], [ -75.97464, -11.63996 ], [ -75.96447, -11.64452 ], [ -75.92708, -11.67826 ], [ -75.88848, -11.66383 ], [ -75.88187, -11.67789 ], [ -75.85612, -11.68177 ], [ -75.87448, -11.71051 ], [ -75.90586, -11.72738 ], [ -75.90838, -11.77392 ], [ -75.93024, -11.75542 ], [ -75.95207, -11.75802 ], [ -75.97787, -11.76658 ], [ -75.9848, -11.78146 ], [ -76.01271, -11.79509 ], [ -76.05101, -11.76118 ], [ -76.03901, -11.73817 ], [ -76.0469, -11.71039 ], [ -76.03862, -11.70236 ], [ -76.01252, -11.70171 ], [ -76.00119, -11.67601 ], [ -76.00689, -11.66049 ], [ -75.98157, -11.63988 ] ] ] } },
{ "type": "Feature", "properties": { "UBIGEO_INEI": "120810", "DEPARTAMEN": "JUNIN", "PROVINCIA": "YAULI", "DISTRITO": "YAULI" }, "geometry": { "type": "Polygon", "coordinates": [ [ [ -76.03331, -11.58093 ], [ -76.02388, -11.60038 ], [ -76.01485, -11.59929 ], [ -75.98629, -11.62333 ], [ -75.98157, -11.63988 ], [ -76.00689, -11.66049 ], [ -76.00119, -11.67601 ], [ -76.01252, -11.70171 ], [ -76.03862, -11.70236 ], [ -76.04672, -11.70958 ], [ -76.03939, -11.74176 ], [ -76.05205, -11.75661 ], [ -76.04037, -11.77428 ], [ -76.04893, -11.77768 ], [ -76.05152, -11.79496 ], [ -76.04409, -11.80418 ], [ -76.05637, -11.83438 ], [ -76.04023, -11.87948 ], [ -76.05185, -11.89957 ], [ -76.05818, -11.87996 ], [ -76.09444, -11.84847 ], [ -76.13733, -11.78051 ], [ -76.15354, -11.78198 ], [ -76.18506, -11.73991 ], [ -76.1982, -11.73781 ], [ -76.2075, -11.69979 ], [ -76.19434, -11.6877 ], [ -76.19363, -11.6726 ], [ -76.20488, -11.65953 ], [ -76.18837, -11.64306 ], [ -76.19878, -11.62755 ], [ -76.19474, -11.61966 ], [ -76.17256, -11.61399 ], [ -76.1414, -11.63233 ], [ -76.12469, -11.63097 ], [ -76.11696, -11.6216 ], [ -76.10352, -11.62677 ], [ -76.07221, -11.59761 ], [ -76.06249, -11.60942 ], [ -76.03821, -11.60419 ], [ -76.03331, -11.58093 ] ] ] } },
{ "type": "Feature", "properties": { "UBIGEO_INEI": "120808", "DEPARTAMEN": "JUNIN", "PROVINCIA": "YAULI", "DISTRITO": "SANTA ROSA DE SACCO" }, "geometry": { "type": "Polygon", "coordinates": [ [ [ -75.93145, -11.50399 ], [ -75.9283, -11.51579 ], [ -75.90882, -11.52144 ], [ -75.95747, -11.56934 ], [ -75.958, -11.59176 ], [ -75.98629, -11.62333 ], [ -76.01485, -11.59929 ], [ -76.02563, -11.59877 ], [ -76.03266, -11.56571 ], [ -76.06042, -11.55031 ], [ -76.03549, -11.53249 ], [ -75.99888, -11.52805 ], [ -75.93145, -11.50399 ] ] ] } },
{ "type": "Feature", "properties": { "UBIGEO_INEI": "120801", "DEPARTAMEN": "JUNIN", "PROVINCIA": "YAULI", "DISTRITO": "LA OROYA" }, "geometry": { "type": "Polygon", "coordinates": [ [ [ -75.89412, -11.45803 ], [ -75.86928, -11.50876 ], [ -75.85722, -11.50652 ], [ -75.82683, -11.5371 ], [ -75.80176, -11.54477 ], [ -75.78743, -11.55924 ], [ -75.75618, -11.64025 ], [ -75.74302, -11.64578 ], [ -75.72021, -11.67601 ], [ -75.71538, -11.70075 ], [ -75.70028, -11.713 ], [ -75.7345, -11.74678 ], [ -75.75212, -11.72817 ], [ -75.75227, -11.70281 ], [ -75.76833, -11.69737 ], [ -75.78194, -11.66721 ], [ -75.80489, -11.64652 ], [ -75.84108, -11.64708 ], [ -75.85893, -11.68194 ], [ -75.88187, -11.67789 ], [ -75.88848, -11.66383 ], [ -75.92708, -11.67826 ], [ -75.96447, -11.64452 ], [ -75.97464, -11.63996 ], [ -75.9804, -11.64618 ], [ -75.98354, -11.61326 ], [ -75.958, -11.59176 ], [ -75.95747, -11.56934 ], [ -75.90882, -11.52144 ], [ -75.9283, -11.51579 ], [ -75.93145, -11.50399 ], [ -75.92168, -11.48644 ], [ -75.90807, -11.48445 ], [ -75.89412, -11.45803 ] ] ] } },
{ "type": "Feature", "properties": { "UBIGEO_INEI": "120806", "DEPARTAMEN": "JUNIN", "PROVINCIA": "YAULI", "DISTRITO": "PACCHA" }, "geometry": { "type": "Polygon", "coordinates": [ [ [ -75.95848, -11.33362 ], [ -75.90895, -11.37582 ], [ -75.91267, -11.38449 ], [ -75.88269, -11.40318 ], [ -75.91703, -11.41733 ], [ -75.89468, -11.45584 ], [ -75.9007, -11.47299 ], [ -75.94785, -11.51337 ], [ -75.96856, -11.51299 ], [ -76.05745, -11.5437 ], [ -76.0675, -11.53749 ], [ -76.06648, -11.47168 ], [ -76.09509, -11.44802 ], [ -76.0839, -11.42491 ], [ -76.0824, -11.38796 ], [ -76.06221, -11.38463 ], [ -76.04652, -11.37171 ], [ -76.02759, -11.37986 ], [ -76.01331, -11.37567 ], [ -76.00537, -11.36471 ], [ -75.96982, -11.35264 ], [ -75.95848, -11.33362 ] ] ] } },
{ "type": "Feature", "properties": { "UBIGEO_INEI": "120804", "DEPARTAMEN": "JUNIN", "PROVINCIA": "YAULI", "DISTRITO": "MARCAPOMACOCHA" }, "geometry": { "type": "Polygon", "coordinates": [ [ [ -76.18816, -11.23885 ], [ -76.17737, -11.24237 ], [ -76.16496, -11.27079 ], [ -76.14112, -11.29433 ], [ -76.13698, -11.31465 ], [ -76.10812, -11.33549 ], [ -76.10544, -11.35295 ], [ -76.0824, -11.38796 ], [ -76.10856, -11.44408 ], [ -76.15329, -11.48223 ], [ -76.15901, -11.49648 ], [ -76.19485, -11.51399 ], [ -76.23741, -11.56901 ], [ -76.26473, -11.56719 ], [ -76.27309, -11.58201 ], [ -76.29765, -11.59617 ], [ -76.30437, -11.56753 ], [ -76.31751, -11.5627 ], [ -76.32786, -11.54432 ], [ -76.35, -11.5423 ], [ -76.35065, -11.52041 ], [ -76.3594, -11.52287 ], [ -76.37684, -11.50149 ], [ -76.38099, -11.48605 ], [ -76.37148, -11.47648 ], [ -76.37741, -11.44422 ], [ -76.39434, -11.44501 ], [ -76.41165, -11.41588 ], [ -76.40142, -11.40285 ], [ -76.42006, -11.37509 ], [ -76.42268, -11.35486 ], [ -76.43035, -11.34586 ], [ -76.44834, -11.34592 ], [ -76.45727, -11.33259 ], [ -76.42561, -11.32488 ], [ -76.42793, -11.30961 ], [ -76.41395, -11.30064 ], [ -76.39181, -11.31759 ], [ -76.33498, -11.30737 ], [ -76.31552, -11.29326 ], [ -76.28858, -11.30346 ], [ -76.2522, -11.27547 ], [ -76.24853, -11.25451 ], [ -76.18816, -11.23885 ] ] ] } },
{ "type": "Feature", "properties": { "UBIGEO_INEI": "120807", "DEPARTAMEN": "JUNIN", "PROVINCIA": "YAULI", "DISTRITO": "SANTA BARBARA DE CARHUACAYAN" }, "geometry": { "type": "Polygon", "coordinates": [ [ [ -76.39184, -11.07052 ], [ -76.35096, -11.09419 ], [ -76.33674, -11.08248 ], [ -76.31907, -11.09056 ], [ -76.3079, -11.13266 ], [ -76.25777, -11.15175 ], [ -76.24459, -11.14294 ], [ -76.22745, -11.15576 ], [ -76.20302, -11.14923 ], [ -76.20866, -11.16957 ], [ -76.19808, -11.17161 ], [ -76.19483, -11.18167 ], [ -76.1814, -11.1812 ], [ -76.19308, -11.20156 ], [ -76.18264, -11.21783 ], [ -76.16757, -11.22133 ], [ -76.17737, -11.24237 ], [ -76.20889, -11.24215 ], [ -76.24853, -11.25451 ], [ -76.2522, -11.27547 ], [ -76.28858, -11.30346 ], [ -76.31552, -11.29326 ], [ -76.33498, -11.30737 ], [ -76.39181, -11.31759 ], [ -76.41395, -11.30064 ], [ -76.42793, -11.30961 ], [ -76.42561, -11.32488 ], [ -76.45727, -11.33259 ], [ -76.47859, -11.29128 ], [ -76.46342, -11.27066 ], [ -76.45693, -11.27252 ], [ -76.47709, -11.26391 ], [ -76.49071, -11.2466 ], [ -76.4832, -11.23694 ], [ -76.49421, -11.20974 ], [ -76.49208, -11.18931 ], [ -76.50556, -11.17367 ], [ -76.50517, -11.14379 ], [ -76.519, -11.11675 ], [ -76.49566, -11.10955 ], [ -76.49096, -11.0891 ], [ -76.4612, -11.08413 ], [ -76.44681, -11.07125 ], [ -76.43366, -11.08009 ], [ -76.39184, -11.07052 ] ] ] } },
{ "type": "Feature", "properties": { "UBIGEO_INEI": "150138", "DEPARTAMEN": "LIMA", "PROVINCIA": "LIMA", "DISTRITO": "SANTA MARIA DEL MAR" }, "geometry": { "type": "MultiPolygon", "coordinates": [ [ [ [ -76.78145, -12.40897 ], [ -76.78144, -12.40925 ], [ -76.78182, -12.40919 ], [ -76.78145, -12.40897 ] ] ], [ [ [ -76.77073, -12.38714 ], [ -76.75669, -12.40202 ], [ -76.75343, -12.42883 ], [ -76.76267, -12.41923 ], [ -76.77446, -12.42526 ], [ -76.78158, -12.41497 ], [ -76.77073, -12.38714 ] ] ] ] } },
{ "type": "Feature", "properties": { "UBIGEO_INEI": "151011", "DEPARTAMEN": "LIMA", "PROVINCIA": "YAUYOS", "DISTRITO": "COLONIA" }, "geometry": { "type": "Polygon", "coordinates": [ [ [ -75.8966, -12.47091 ], [ -75.88359, -12.48887 ], [ -75.87025, -12.49149 ], [ -75.83278, -12.47887 ], [ -75.80846, -12.4817 ], [ -75.80993, -12.49323 ], [ -75.78334, -12.53723 ], [ -75.78728, -12.55283 ], [ -75.76948, -12.5631 ], [ -75.78954, -12.58554 ], [ -75.7653, -12.59578 ], [ -75.76318, -12.60684 ], [ -75.72811, -12.60177 ], [ -75.69447, -12.64555 ], [ -75.74824, -12.65624 ], [ -75.74721, -12.6449 ], [ -75.75673, -12.63714 ], [ -75.77405, -12.63638 ], [ -75.78561, -12.64363 ], [ -75.7961, -12.67171 ], [ -75.82732, -12.68017 ], [ -75.83867, -12.6702 ], [ -75.84955, -12.67687 ], [ -75.85801, -12.66517 ], [ -75.95293, -12.62223 ], [ -75.97126, -12.62039 ], [ -75.97352, -12.60641 ], [ -75.96559, -12.60472 ], [ -75.95989, -12.5891 ], [ -75.93636, -12.58803 ], [ -75.93437, -12.57176 ], [ -75.9144, -12.54669 ], [ -75.91613, -12.50881 ], [ -75.8966, -12.47091 ] ] ] } },
{ "type": "Feature", "properties": { "UBIGEO_INEI": "150601", "DEPARTAMEN": "LIMA", "PROVINCIA": "HUARAL", "DISTRITO": "HUARAL" }, "geometry": { "type": "Polygon", "coordinates": [ [ [ -77.06574, -11.24546 ], [ -77.04523, -11.26149 ], [ -77.03265, -11.26165 ], [ -77.02156, -11.2868 ], [ -76.96749, -11.30484 ], [ -76.95181, -11.34861 ], [ -76.97204, -11.33437 ], [ -77.04268, -11.37665 ], [ -77.08921, -11.43988 ], [ -77.17666, -11.50554 ], [ -77.20403, -11.56355 ], [ -77.21462, -11.55787 ], [ -77.21971, -11.53643 ], [ -77.24998, -11.50981 ], [ -77.26971, -11.49871 ], [ -77.27929, -11.50152 ], [ -77.28568, -11.49033 ], [ -77.28719, -11.4657 ], [ -77.30349, -11.4496 ], [ -77.3027, -11.42925 ], [ -77.32398, -11.38548 ], [ -77.32004, -11.3653 ], [ -77.33294, -11.34607 ], [ -77.31831, -11.30272 ], [ -77.30349, -11.2741 ], [ -77.28612, -11.27429 ], [ -77.26954, -11.2938 ], [ -77.23154, -11.31427 ], [ -77.22544, -11.34154 ], [ -77.205, -11.34296 ], [ -77.18927, -11.36282 ], [ -77.1645, -11.36623 ], [ -77.15929, -11.34451 ], [ -77.14511, -11.3418 ], [ -77.13127, -11.29821 ], [ -77.11095, -11.28238 ], [ -77.07816, -11.27709 ], [ -77.06574, -11.24546 ] ] ] } },
{ "type": "Feature", "properties": { "UBIGEO_INEI": "150605", "DEPARTAMEN": "LIMA", "PROVINCIA": "HUARAL", "DISTRITO": "CHANCAY" }, "geometry": { "type": "Polygon", "coordinates": [ [ [ -77.32398, -11.38548 ], [ -77.3027, -11.42925 ], [ -77.30349, -11.4496 ], [ -77.28719, -11.4657 ], [ -77.27929, -11.50152 ], [ -77.26971, -11.49871 ], [ -77.24998, -11.50981 ], [ -77.21971, -11.53643 ], [ -77.21462, -11.55787 ], [ -77.20404, -11.56229 ], [ -77.21961, -11.59424 ], [ -77.24824, -11.61431 ], [ -77.28279, -11.58682 ], [ -77.27177, -11.58441 ], [ -77.2714, -11.57201 ], [ -77.30475, -11.51223 ], [ -77.38269, -11.44718 ], [ -77.37005, -11.41467 ], [ -77.33432, -11.39852 ], [ -77.32398, -11.38548 ] ] ] } },
{ "type": "Feature", "properties": { "UBIGEO_INEI": "150611", "DEPARTAMEN": "LIMA", "PROVINCIA": "HUARAL", "DISTRITO": "SUMBILCA" }, "geometry": { "type": "Polygon", "coordinates": [ [ [ -76.8757, -11.31962 ], [ -76.85279, -11.3427 ], [ -76.80988, -11.35971 ], [ -76.7915, -11.37912 ], [ -76.73895, -11.39893 ], [ -76.71101, -11.39978 ], [ -76.68836, -11.41782 ], [ -76.69457, -11.42933 ], [ -76.70602, -11.42374 ], [ -76.72345, -11.43484 ], [ -76.77158, -11.42032 ], [ -76.8057, -11.43336 ], [ -76.85611, -11.46782 ], [ -76.89372, -11.4615 ], [ -76.91554, -11.4004 ], [ -76.93954, -11.40027 ], [ -76.9721, -11.38424 ], [ -76.97634, -11.36088 ], [ -76.98937, -11.34985 ], [ -76.97204, -11.33437 ], [ -76.95369, -11.35006 ], [ -76.8757, -11.31962 ] ] ] } },
{ "type": "Feature", "properties": { "UBIGEO_INEI": "150701", "DEPARTAMEN": "LIMA", "PROVINCIA": "HUAROCHIRI", "DISTRITO": "MATUCANA" }, "geometry": { "type": "Polygon", "coordinates": [ [ [ -76.33958, -11.69854 ], [ -76.32852, -11.71664 ], [ -76.35651, -11.74169 ], [ -76.35737, -11.80697 ], [ -76.30908, -11.84879 ], [ -76.32281, -11.875 ], [ -76.34955, -11.90055 ], [ -76.36652, -11.90388 ], [ -76.37905, -11.92014 ], [ -76.39671, -11.92152 ], [ -76.39556, -11.89146 ], [ -76.42163, -11.86627 ], [ -76.43404, -11.83302 ], [ -76.42671, -11.81237 ], [ -76.43043, -11.79431 ], [ -76.44779, -11.7797 ], [ -76.43366, -11.7706 ], [ -76.41251, -11.77018 ], [ -76.40837, -11.73828 ], [ -76.38509, -11.72307 ], [ -76.38346, -11.71283 ], [ -76.34756, -11.71285 ], [ -76.33958, -11.69854 ] ] ] } },
{ "type": "Feature", "properties": { "UBIGEO_INEI": "150702", "DEPARTAMEN": "LIMA", "PROVINCIA": "HUAROCHIRI", "DISTRITO": "ANTIOQUIA" }, "geometry": { "type": "Polygon", "coordinates": [ [ [ -76.64833, -11.96737 ], [ -76.58175, -11.94959 ], [ -76.56846, -11.98093 ], [ -76.54974, -11.99357 ], [ -76.55864, -12.01802 ], [ -76.55213, -12.03055 ], [ -76.51463, -12.01704 ], [ -76.50155, -12.03834 ], [ -76.48345, -12.04804 ], [ -76.472, -12.03807 ], [ -76.44394, -12.03775 ], [ -76.44382, -12.06561 ], [ -76.46443, -12.07641 ], [ -76.46651, -12.10822 ], [ -76.4784, -12.11279 ], [ -76.47042, -12.14419 ], [ -76.47552, -12.15913 ], [ -76.4832, -12.14383 ], [ -76.49775, -12.13627 ], [ -76.51643, -12.15506 ], [ -76.517, -12.16607 ], [ -76.55308, -12.12792 ], [ -76.58562, -12.13087 ], [ -76.59108, -12.13922 ], [ -76.61253, -12.14407 ], [ -76.64962, -12.13191 ], [ -76.66394, -12.13831 ], [ -76.71437, -12.10801 ], [ -76.71662, -12.09934 ], [ -76.70519, -12.08626 ], [ -76.68409, -12.08588 ], [ -76.67339, -12.07283 ], [ -76.67808, -12.05298 ], [ -76.70657, -12.03236 ], [ -76.72234, -11.99959 ], [ -76.71766, -11.9931 ], [ -76.70001, -11.98587 ], [ -76.68428, -11.9894 ], [ -76.64833, -11.96737 ] ] ] } },
{ "type": "Feature", "properties": { "UBIGEO_INEI": "150703", "DEPARTAMEN": "LIMA", "PROVINCIA": "HUAROCHIRI", "DISTRITO": "CALLAHUANCA" }, "geometry": { "type": "Polygon", "coordinates": [ [ [ -76.56776, -11.78311 ], [ -76.51421, -11.77989 ], [ -76.54017, -11.82012 ], [ -76.56374, -11.83852 ], [ -76.58198, -11.83296 ], [ -76.59782, -11.84703 ], [ -76.63334, -11.85162 ], [ -76.62252, -11.83609 ], [ -76.6285, -11.81882 ], [ -76.62219, -11.81106 ], [ -76.5742, -11.79871 ], [ -76.56776, -11.78311 ] ] ] } },
{ "type": "Feature", "properties": { "UBIGEO_INEI": "150704", "DEPARTAMEN": "LIMA", "PROVINCIA": "HUAROCHIRI", "DISTRITO": "CARAMPOMA" }, "geometry": { "type": "Polygon", "coordinates": [ [ [ -76.34966, -11.54237 ], [ -76.32786, -11.54432 ], [ -76.29982, -11.57592 ], [ -76.29677, -11.5994 ], [ -76.30832, -11.60663 ], [ -76.30557, -11.63065 ], [ -76.32511, -11.65418 ], [ -76.30544, -11.68312 ], [ -76.31958, -11.7092 ], [ -76.32845, -11.71259 ], [ -76.34122, -11.69805 ], [ -76.34756, -11.71285 ], [ -76.38346, -11.71283 ], [ -76.45931, -11.67731 ], [ -76.51694, -11.67258 ], [ -76.52486, -11.66576 ], [ -76.5311, -11.65131 ], [ -76.51388, -11.62967 ], [ -76.52711, -11.59491 ], [ -76.51906, -11.5946 ], [ -76.51792, -11.58102 ], [ -76.50385, -11.55787 ], [ -76.5152, -11.59266 ], [ -76.50566, -11.62909 ], [ -76.50714, -11.66381 ], [ -76.47184, -11.65576 ], [ -76.45813, -11.6471 ], [ -76.45378, -11.63256 ], [ -76.40021, -11.60811 ], [ -76.34966, -11.54237 ] ] ] } },
{ "type": "Feature", "properties": { "UBIGEO_INEI": "150705", "DEPARTAMEN": "LIMA", "PROVINCIA": "HUAROCHIRI", "DISTRITO": "CHICLA" }, "geometry": { "type": "Polygon", "coordinates": [ [ [ -76.22734, -11.55389 ], [ -76.21729, -11.57148 ], [ -76.18942, -11.5904 ], [ -76.17954, -11.61181 ], [ -76.19726, -11.62231 ], [ -76.18837, -11.64306 ], [ -76.20488, -11.65953 ], [ -76.1933, -11.67349 ], [ -76.19669, -11.69257 ], [ -76.2075, -11.69979 ], [ -76.2025, -11.72744 ], [ -76.1982, -11.73781 ], [ -76.18609, -11.73922 ], [ -76.20355, -11.79298 ], [ -76.23758, -11.77951 ], [ -76.25575, -11.73674 ], [ -76.27219, -11.73322 ], [ -76.28543, -11.71748 ], [ -76.29265, -11.67641 ], [ -76.30843, -11.6795 ], [ -76.32504, -11.65529 ], [ -76.30576, -11.63113 ], [ -76.30832, -11.60663 ], [ -76.29723, -11.60128 ], [ -76.29519, -11.59071 ], [ -76.27309, -11.58201 ], [ -76.26473, -11.56719 ], [ -76.23741, -11.56901 ], [ -76.22734, -11.55389 ] ] ] } },
{ "type": "Feature", "properties": { "UBIGEO_INEI": "150706", "DEPARTAMEN": "LIMA", "PROVINCIA": "HUAROCHIRI", "DISTRITO": "CUENCA" }, "geometry": { "type": "Polygon", "coordinates": [ [ [ -76.47856, -12.1134 ], [ -76.45959, -12.10367 ], [ -76.44335, -12.12569 ], [ -76.43008, -12.127 ], [ -76.42357, -12.15434 ], [ -76.3929, -12.16019 ], [ -76.39004, -12.17252 ], [ -76.40905, -12.17709 ], [ -76.40928, -12.18488 ], [ -76.43158, -12.18769 ], [ -76.51015, -12.17794 ], [ -76.51832, -12.15908 ], [ -76.49826, -12.13648 ], [ -76.4832, -12.14383 ], [ -76.47907, -12.15806 ], [ -76.47238, -12.15523 ], [ -76.47856, -12.1134 ] ] ] } },
{ "type": "Feature", "properties": { "UBIGEO_INEI": "150707", "DEPARTAMEN": "LIMA", "PROVINCIA": "HUAROCHIRI", "DISTRITO": "HUACHUPAMPA" }, "geometry": { "type": "Polygon", "coordinates": [ [ [ -76.57454, -11.63244 ], [ -76.57668, -11.6732 ], [ -76.58839, -11.70065 ], [ -76.5555, -11.69228 ], [ -76.54295, -11.73156 ], [ -76.55936, -11.74347 ], [ -76.59303, -11.74443 ], [ -76.60876, -11.73941 ], [ -76.60211, -11.72939 ], [ -76.63809, -11.72311 ], [ -76.64578, -11.69669 ], [ -76.60541, -11.64082 ], [ -76.57454, -11.63244 ] ] ] } },
{ "type": "Feature", "properties": { "UBIGEO_INEI": "150708", "DEPARTAMEN": "LIMA", "PROVINCIA": "HUAROCHIRI", "DISTRITO": "HUANZA" }, "geometry": { "type": "Polygon", "coordinates": [ [ [ -76.47034, -11.46107 ], [ -76.45351, -11.46355 ], [ -76.4369, -11.4873 ], [ -76.4141, -11.49238 ], [ -76.40058, -11.50717 ], [ -76.39164, -11.49916 ], [ -76.37336, -11.50229 ], [ -76.3594, -11.52287 ], [ -76.35065, -11.52041 ], [ -76.34955, -11.54107 ], [ -76.40021, -11.60811 ], [ -76.45378, -11.63256 ], [ -76.45813, -11.6471 ], [ -76.47184, -11.65576 ], [ -76.50972, -11.66365 ], [ -76.50566, -11.62909 ], [ -76.5152, -11.59266 ], [ -76.503, -11.55116 ], [ -76.50809, -11.53179 ], [ -76.49077, -11.50467 ], [ -76.47081, -11.50905 ], [ -76.46609, -11.50317 ], [ -76.47852, -11.47439 ], [ -76.47034, -11.46107 ] ] ] } },
{ "type": "Feature", "properties": { "UBIGEO_INEI": "150709", "DEPARTAMEN": "LIMA", "PROVINCIA": "HUAROCHIRI", "DISTRITO": "HUAROCHIRI" }, "geometry": { "type": "Polygon", "coordinates": [ [ [ -76.18054, -11.87911 ], [ -76.16218, -11.88691 ], [ -76.19525, -11.93019 ], [ -76.20124, -11.95717 ], [ -76.22498, -11.99612 ], [ -76.24495, -12.01439 ], [ -76.25602, -12.0464 ], [ -76.24814, -12.0813 ], [ -76.22802, -12.10964 ], [ -76.21322, -12.14975 ], [ -76.21885, -12.15727 ], [ -76.23618, -12.14815 ], [ -76.24795, -12.16494 ], [ -76.27699, -12.13399 ], [ -76.28434, -12.16415 ], [ -76.2704, -12.19453 ], [ -76.30514, -12.2151 ], [ -76.32121, -12.20247 ], [ -76.32128, -12.18789 ], [ -76.31084, -12.18233 ], [ -76.31474, -12.16669 ], [ -76.34142, -12.16033 ], [ -76.33969, -12.14879 ], [ -76.34811, -12.14466 ], [ -76.34774, -12.12744 ], [ -76.3248, -12.07879 ], [ -76.33412, -12.06113 ], [ -76.32379, -12.02649 ], [ -76.30695, -12.00885 ], [ -76.26204, -11.99436 ], [ -76.24824, -11.9777 ], [ -76.25443, -11.96415 ], [ -76.22299, -11.9473 ], [ -76.21855, -11.91273 ], [ -76.20208, -11.89056 ], [ -76.18054, -11.87911 ] ] ] } },
{ "type": "Feature", "properties": { "UBIGEO_INEI": "150106", "DEPARTAMEN": "LIMA", "PROVINCIA": "LIMA", "DISTRITO": "CARABAYLLO" }, "geometry": { "type": "Polygon", "coordinates": [ [ [ -76.91447, -11.73217 ], [ -76.88081, -11.73217 ], [ -76.86775, -11.74747 ], [ -76.83382, -11.74376 ], [ -76.80487, -11.75587 ], [ -76.85124, -11.79815 ], [ -76.90576, -11.79536 ], [ -76.90382, -11.82372 ], [ -76.93564, -11.83368 ], [ -76.94228, -11.86087 ], [ -76.99052, -11.90013 ], [ -77.03075, -11.91015 ], [ -77.05406, -11.88984 ], [ -77.0627, -11.85179 ], [ -77.0853, -11.8409 ], [ -77.09221, -11.80357 ], [ -77.05701, -11.78582 ], [ -77.05307, -11.76511 ], [ -77.03245, -11.74079 ], [ -76.99678, -11.75236 ], [ -76.97367, -11.74798 ], [ -76.97361, -11.73609 ], [ -76.96069, -11.73414 ], [ -76.93329, -11.75639 ], [ -76.91565, -11.74516 ], [ -76.91447, -11.73217 ] ] ] } },
{ "type": "Feature", "properties": { "UBIGEO_INEI": "150109", "DEPARTAMEN": "LIMA", "PROVINCIA": "LIMA", "DISTRITO": "CIENEGUILLA" }, "geometry": { "type": "Polygon", "coordinates": [ [ [ -76.73381, -11.99997 ], [ -76.72234, -11.99959 ], [ -76.70657, -12.03236 ], [ -76.67808, -12.05298 ], [ -76.67351, -12.07351 ], [ -76.68543, -12.08643 ], [ -76.70519, -12.08626 ], [ -76.71662, -12.09934 ], [ -76.70864, -12.11426 ], [ -76.7346, -12.12929 ], [ -76.83228, -12.14591 ], [ -76.88913, -12.05936 ], [ -76.85191, -12.03768 ], [ -76.81735, -12.04495 ], [ -76.78286, -12.02325 ], [ -76.7529, -12.01636 ], [ -76.73381, -11.99997 ] ] ] } },
{ "type": "Feature", "properties": { "UBIGEO_INEI": "150119", "DEPARTAMEN": "LIMA", "PROVINCIA": "LIMA", "DISTRITO": "LURIN" }, "geometry": { "type": "Polygon", "coordinates": [ [ [ -76.73251, -12.1645 ], [ -76.69025, -12.18179 ], [ -76.66203, -12.17796 ], [ -76.69788, -12.21733 ], [ -76.71452, -12.22479 ], [ -76.72316, -12.24393 ], [ -76.79199, -12.26519 ], [ -76.81924, -12.28285 ], [ -76.8431, -12.3117 ], [ -76.94024, -12.24828 ], [ -76.91554, -12.24951 ], [ -76.89095, -12.20776 ], [ -76.87081, -12.22064 ], [ -76.867, -12.23872 ], [ -76.85515, -12.23309 ], [ -76.84924, -12.2395 ], [ -76.84297, -12.23591 ], [ -76.845, -12.21983 ], [ -76.82816, -12.21454 ], [ -76.81511, -12.19905 ], [ -76.7892, -12.20291 ], [ -76.73251, -12.1645 ] ] ] } },
{ "type": "Feature", "properties": { "UBIGEO_INEI": "150123", "DEPARTAMEN": "LIMA", "PROVINCIA": "LIMA", "DISTRITO": "PACHACAMAC" }, "geometry": { "type": "Polygon", "coordinates": [ [ [ -76.88913, -12.05936 ], [ -76.83228, -12.14591 ], [ -76.75228, -12.13601 ], [ -76.70508, -12.11333 ], [ -76.6793, -12.13097 ], [ -76.69156, -12.14136 ], [ -76.68792, -12.15183 ], [ -76.66108, -12.17652 ], [ -76.69025, -12.18179 ], [ -76.73398, -12.16441 ], [ -76.7892, -12.20291 ], [ -76.81511, -12.19905 ], [ -76.82816, -12.21454 ], [ -76.845, -12.21983 ], [ -76.84328, -12.23632 ], [ -76.867, -12.23872 ], [ -76.87081, -12.22064 ], [ -76.89113, -12.2073 ], [ -76.88343, -12.15516 ], [ -76.91258, -12.12672 ], [ -76.88368, -12.08955 ], [ -76.88913, -12.05936 ] ] ] } },
{ "type": "Feature", "properties": { "UBIGEO_INEI": "150124", "DEPARTAMEN": "LIMA", "PROVINCIA": "LIMA", "DISTRITO": "PUCUSANA" }, "geometry": { "type": "MultiPolygon", "coordinates": [ [ [ [ -76.79756, -12.47697 ], [ -76.79724, -12.47706 ], [ -76.79759, -12.47717 ], [ -76.79756, -12.47697 ] ] ], [ [ [ -76.80284, -12.47559 ], [ -76.79734, -12.47603 ], [ -76.79993, -12.47929 ], [ -76.80284, -12.47559 ] ] ], [ [ [ -76.77367, -12.42553 ], [ -76.76267, -12.41923 ], [ -76.75343, -12.42883 ], [ -76.75192, -12.4634 ], [ -76.77289, -12.49502 ], [ -76.7908, -12.50312 ], [ -76.78416, -12.51993 ], [ -76.80385, -12.50909 ], [ -76.7985, -12.4998 ], [ -76.80536, -12.49427 ], [ -76.7978, -12.48946 ], [ -76.80278, -12.47988 ], [ -76.79818, -12.48084 ], [ -76.79074, -12.47716 ], [ -76.78505, -12.44344 ], [ -76.77539, -12.43927 ], [ -76.78051, -12.41717 ], [ -76.77367, -12.42553 ] ] ] ] } },
{ "type": "Feature", "properties": { "UBIGEO_INEI": "150126", "DEPARTAMEN": "LIMA", "PROVINCIA": "LIMA", "DISTRITO": "PUNTA HERMOSA" }, "geometry": { "type": "Polygon", "coordinates": [ [ [ -76.66203, -12.17796 ], [ -76.64564, -12.21182 ], [ -76.67517, -12.25454 ], [ -76.72658, -12.295 ], [ -76.74317, -12.29609 ], [ -76.7546, -12.30943 ], [ -76.76252, -12.30658 ], [ -76.8162, -12.34538 ], [ -76.82208, -12.33838 ], [ -76.82685, -12.34279 ], [ -76.84357, -12.31311 ], [ -76.81924, -12.28285 ], [ -76.79067, -12.26453 ], [ -76.76806, -12.26065 ], [ -76.75934, -12.25016 ], [ -76.74074, -12.2537 ], [ -76.72316, -12.24393 ], [ -76.71452, -12.22479 ], [ -76.69788, -12.21733 ], [ -76.66203, -12.17796 ] ] ] } },
{ "type": "Feature", "properties": { "UBIGEO_INEI": "150127", "DEPARTAMEN": "LIMA", "PROVINCIA": "LIMA", "DISTRITO": "PUNTA NEGRA" }, "geometry": { "type": "Polygon", "coordinates": [ [ [ -76.64305, -12.21215 ], [ -76.62211, -12.22532 ], [ -76.62096, -12.23817 ], [ -76.63679, -12.27936 ], [ -76.65138, -12.28625 ], [ -76.65417, -12.30506 ], [ -76.67399, -12.31952 ], [ -76.67842, -12.33349 ], [ -76.73214, -12.34351 ], [ -76.7892, -12.38393 ], [ -76.81712, -12.34597 ], [ -76.69354, -12.26984 ], [ -76.66562, -12.24377 ], [ -76.65368, -12.2159 ], [ -76.64305, -12.21215 ] ] ] } },
{ "type": "Feature", "properties": { "UBIGEO_INEI": "150129", "DEPARTAMEN": "LIMA", "PROVINCIA": "LIMA", "DISTRITO": "SAN BARTOLO" }, "geometry": { "type": "Polygon", "coordinates": [ [ [ -76.67878, -12.33359 ], [ -76.6817, -12.35431 ], [ -76.66799, -12.36023 ], [ -76.67967, -12.38012 ], [ -76.72185, -12.39624 ], [ -76.75691, -12.40147 ], [ -76.77065, -12.38712 ], [ -76.7761, -12.39807 ], [ -76.78337, -12.39808 ], [ -76.77739, -12.39352 ], [ -76.78935, -12.38399 ], [ -76.73974, -12.34727 ], [ -76.67878, -12.33359 ] ] ] } },
{ "type": "Feature", "properties": { "UBIGEO_INEI": "150710", "DEPARTAMEN": "LIMA", "PROVINCIA": "HUAROCHIRI", "DISTRITO": "LAHUAYTAMBO" }, "geometry": { "type": "Polygon", "coordinates": [ [ [ -76.39633, -12.06297 ], [ -76.37095, -12.0657 ], [ -76.33412, -12.06113 ], [ -76.32529, -12.07703 ], [ -76.34753, -12.12688 ], [ -76.39151, -12.13614 ], [ -76.40685, -12.1119 ], [ -76.43932, -12.11018 ], [ -76.45076, -12.11689 ], [ -76.46775, -12.10293 ], [ -76.46443, -12.07641 ], [ -76.45295, -12.06784 ], [ -76.41182, -12.07928 ], [ -76.39633, -12.06297 ] ] ] } },
{ "type": "Feature", "properties": { "UBIGEO_INEI": "150711", "DEPARTAMEN": "LIMA", "PROVINCIA": "HUAROCHIRI", "DISTRITO": "LANGA" }, "geometry": { "type": "Polygon", "coordinates": [ [ [ -76.45076, -12.11689 ], [ -76.40685, -12.1119 ], [ -76.39151, -12.13614 ], [ -76.34753, -12.12688 ], [ -76.34142, -12.16033 ], [ -76.31332, -12.16934 ], [ -76.31084, -12.18233 ], [ -76.32128, -12.18789 ], [ -76.32121, -12.20247 ], [ -76.40499, -12.19469 ], [ -76.41065, -12.17861 ], [ -76.39004, -12.17252 ], [ -76.39191, -12.16151 ], [ -76.42357, -12.15434 ], [ -76.43008, -12.127 ], [ -76.45076, -12.11689 ] ] ] } },
{ "type": "Feature", "properties": { "UBIGEO_INEI": "150712", "DEPARTAMEN": "LIMA", "PROVINCIA": "HUAROCHIRI", "DISTRITO": "SAN PEDRO DE LARAOS" }, "geometry": { "type": "Polygon", "coordinates": [ [ [ -76.48617, -11.45797 ], [ -76.47533, -11.46708 ], [ -76.46609, -11.50317 ], [ -76.47081, -11.50905 ], [ -76.49077, -11.50467 ], [ -76.50487, -11.52025 ], [ -76.50385, -11.55787 ], [ -76.51906, -11.5946 ], [ -76.52711, -11.59491 ], [ -76.51388, -11.62967 ], [ -76.53127, -11.65366 ], [ -76.51694, -11.67258 ], [ -76.58839, -11.70065 ], [ -76.57668, -11.6732 ], [ -76.57528, -11.6211 ], [ -76.55813, -11.61157 ], [ -76.55418, -11.58141 ], [ -76.53644, -11.56114 ], [ -76.5446, -11.51913 ], [ -76.52935, -11.51165 ], [ -76.52582, -11.49577 ], [ -76.51183, -11.48788 ], [ -76.49885, -11.46087 ], [ -76.48617, -11.45797 ] ] ] } },
{ "type": "Feature", "properties": { "UBIGEO_INEI": "150713", "DEPARTAMEN": "LIMA", "PROVINCIA": "HUAROCHIRI", "DISTRITO": "MARIATANA" }, "geometry": { "type": "Polygon", "coordinates": [ [ [ -76.3518, -12.19579 ], [ -76.31701, -12.2048 ], [ -76.29295, -12.23574 ], [ -76.30322, -12.27306 ], [ -76.32275, -12.29007 ], [ -76.32856, -12.3129 ], [ -76.34933, -12.33905 ], [ -76.37261, -12.33491 ], [ -76.37766, -12.32099 ], [ -76.42056, -12.31038 ], [ -76.44056, -12.29354 ], [ -76.435, -12.26327 ], [ -76.3974, -12.19821 ], [ -76.36021, -12.2014 ], [ -76.3518, -12.19579 ] ] ] } },
{ "type": "Feature", "properties": { "UBIGEO_INEI": "150714", "DEPARTAMEN": "LIMA", "PROVINCIA": "HUAROCHIRI", "DISTRITO": "RICARDO PALMA" }, "geometry": { "type": "Polygon", "coordinates": [ [ [ -76.59387, -11.90802 ], [ -76.58175, -11.94959 ], [ -76.6133, -11.96109 ], [ -76.62664, -11.95872 ], [ -76.6471, -11.96833 ], [ -76.64727, -11.95226 ], [ -76.67172, -11.92894 ], [ -76.59387, -11.90802 ] ] ] } },
{ "type": "Feature", "properties": { "UBIGEO_INEI": "150715", "DEPARTAMEN": "LIMA", "PROVINCIA": "HUAROCHIRI", "DISTRITO": "SAN ANDRES DE TUPICOCHA" }, "geometry": { "type": "Polygon", "coordinates": [ [ [ -76.45274, -11.92621 ], [ -76.42744, -11.94462 ], [ -76.41563, -11.9446 ], [ -76.39817, -11.97939 ], [ -76.41882, -11.98361 ], [ -76.4241, -12.02408 ], [ -76.44394, -12.03775 ], [ -76.472, -12.03807 ], [ -76.48345, -12.04804 ], [ -76.50155, -12.03834 ], [ -76.51463, -12.01704 ], [ -76.4862, -11.97555 ], [ -76.49215, -11.9585 ], [ -76.48331, -11.95141 ], [ -76.49053, -11.93592 ], [ -76.46547, -11.93879 ], [ -76.45274, -11.92621 ] ] ] } },
{ "type": "Feature", "properties": { "UBIGEO_INEI": "150716", "DEPARTAMEN": "LIMA", "PROVINCIA": "HUAROCHIRI", "DISTRITO": "SAN ANTONIO" }, "geometry": { "type": "Polygon", "coordinates": [ [ [ -76.61586, -11.65275 ], [ -76.64674, -11.70316 ], [ -76.63651, -11.72428 ], [ -76.60142, -11.72985 ], [ -76.617, -11.74648 ], [ -76.61491, -11.77733 ], [ -76.67655, -11.76527 ], [ -76.66328, -11.79135 ], [ -76.66656, -11.81931 ], [ -76.67985, -11.85458 ], [ -76.70294, -11.87545 ], [ -76.70402, -11.89138 ], [ -76.7178, -11.88759 ], [ -76.72668, -11.87454 ], [ -76.73887, -11.89332 ], [ -76.79168, -11.92761 ], [ -76.81816, -11.92774 ], [ -76.82931, -11.94499 ], [ -76.85032, -11.93516 ], [ -76.87838, -11.95094 ], [ -76.91953, -11.95908 ], [ -76.93137, -11.94217 ], [ -76.91502, -11.92712 ], [ -76.918, -11.90645 ], [ -76.91211, -11.88927 ], [ -76.89741, -11.88066 ], [ -76.89493, -11.86575 ], [ -76.93066, -11.87061 ], [ -76.94228, -11.86087 ], [ -76.93564, -11.83368 ], [ -76.90382, -11.82372 ], [ -76.90661, -11.79612 ], [ -76.85124, -11.79815 ], [ -76.80487, -11.75587 ], [ -76.75202, -11.73061 ], [ -76.73894, -11.69726 ], [ -76.70737, -11.69131 ], [ -76.66407, -11.65807 ], [ -76.61586, -11.65275 ] ] ] } },
{ "type": "Feature", "properties": { "UBIGEO_INEI": "150717", "DEPARTAMEN": "LIMA", "PROVINCIA": "HUAROCHIRI", "DISTRITO": "SAN BARTOLOME" }, "geometry": { "type": "Polygon", "coordinates": [ [ [ -76.49847, -11.86349 ], [ -76.49709, -11.88906 ], [ -76.48918, -11.88623 ], [ -76.47329, -11.91118 ], [ -76.45274, -11.92621 ], [ -76.46547, -11.93879 ], [ -76.50197, -11.93405 ], [ -76.50921, -11.96866 ], [ -76.53063, -11.9269 ], [ -76.53726, -11.89348 ], [ -76.49847, -11.86349 ] ] ] } },
{ "type": "Feature", "properties": { "UBIGEO_INEI": "150718", "DEPARTAMEN": "LIMA", "PROVINCIA": "HUAROCHIRI", "DISTRITO": "SAN DAMIAN" }, "geometry": { "type": "Polygon", "coordinates": [ [ [ -76.28534, -11.84096 ], [ -76.26616, -11.86496 ], [ -76.26249, -11.88779 ], [ -76.24189, -11.89487 ], [ -76.23918, -11.90838 ], [ -76.21855, -11.91273 ], [ -76.22359, -11.94829 ], [ -76.25443, -11.96415 ], [ -76.24824, -11.9777 ], [ -76.26204, -11.99436 ], [ -76.30695, -12.00885 ], [ -76.32063, -12.02206 ], [ -76.33412, -12.06113 ], [ -76.37095, -12.0657 ], [ -76.38662, -12.06018 ], [ -76.41294, -12.07934 ], [ -76.44382, -12.06561 ], [ -76.44394, -12.03775 ], [ -76.42308, -12.02235 ], [ -76.41882, -11.98361 ], [ -76.39817, -11.97939 ], [ -76.41499, -11.9432 ], [ -76.39671, -11.92152 ], [ -76.37905, -11.92014 ], [ -76.32383, -11.87603 ], [ -76.31059, -11.84191 ], [ -76.30032, -11.84746 ], [ -76.28534, -11.84096 ] ] ] } },
{ "type": "Feature", "properties": { "UBIGEO_INEI": "150719", "DEPARTAMEN": "LIMA", "PROVINCIA": "HUAROCHIRI", "DISTRITO": "SAN JUAN DE IRIS" }, "geometry": { "type": "Polygon", "coordinates": [ [ [ -76.5008, -11.67155 ], [ -76.45931, -11.67731 ], [ -76.38433, -11.71148 ], [ -76.38389, -11.72172 ], [ -76.40972, -11.74102 ], [ -76.41251, -11.77018 ], [ -76.45798, -11.77909 ], [ -76.47302, -11.76506 ], [ -76.47621, -11.7484 ], [ -76.49428, -11.73472 ], [ -76.54295, -11.73156 ], [ -76.55637, -11.69202 ], [ -76.54177, -11.68013 ], [ -76.5008, -11.67155 ] ] ] } },
{ "type": "Feature", "properties": { "UBIGEO_INEI": "150729", "DEPARTAMEN": "LIMA", "PROVINCIA": "HUAROCHIRI", "DISTRITO": "SANTIAGO DE ANCHUCAYA" }, "geometry": { "type": "Polygon", "coordinates": [ [ [ -76.15664, -11.97417 ], [ -76.13568, -11.97451 ], [ -76.13118, -11.99221 ], [ -76.14387, -12.00916 ], [ -76.14315, -12.03348 ], [ -76.17172, -12.05107 ], [ -76.19088, -12.04492 ], [ -76.20304, -12.05245 ], [ -76.22851, -12.1089 ], [ -76.25555, -12.06274 ], [ -76.24495, -12.01439 ], [ -76.22521, -11.99642 ], [ -76.1828, -11.99603 ], [ -76.15664, -11.97417 ] ] ] } },
{ "type": "Feature", "properties": { "UBIGEO_INEI": "150721", "DEPARTAMEN": "LIMA", "PROVINCIA": "HUAROCHIRI", "DISTRITO": "SAN LORENZO DE QUINTI" }, "geometry": { "type": "Polygon", "coordinates": [ [ [ -76.07958, -11.91661 ], [ -76.06748, -11.93075 ], [ -76.0547, -11.92681 ], [ -76.05259, -11.94824 ], [ -75.99318, -11.99468 ], [ -76.00095, -11.99824 ], [ -75.99756, -12.01789 ], [ -76.0097, -12.0237 ], [ -76.02034, -12.06396 ], [ -76.04422, -12.08448 ], [ -76.06135, -12.08852 ], [ -76.07255, -12.10894 ], [ -76.05679, -12.13273 ], [ -76.08622, -12.1604 ], [ -76.06835, -12.18596 ], [ -76.06947, -12.20741 ], [ -76.09928, -12.20741 ], [ -76.1127, -12.22575 ], [ -76.15322, -12.24012 ], [ -76.17123, -12.25927 ], [ -76.21548, -12.26278 ], [ -76.22052, -12.27548 ], [ -76.25164, -12.29768 ], [ -76.26076, -12.28269 ], [ -76.23959, -12.25555 ], [ -76.23709, -12.22197 ], [ -76.21388, -12.14374 ], [ -76.13815, -12.09045 ], [ -76.12315, -12.07036 ], [ -76.11341, -12.04892 ], [ -76.1193, -12.01893 ], [ -76.10974, -11.9207 ], [ -76.07958, -11.91661 ] ] ] } },
{ "type": "Feature", "properties": { "UBIGEO_INEI": "150722", "DEPARTAMEN": "LIMA", "PROVINCIA": "HUAROCHIRI", "DISTRITO": "SAN MATEO" }, "geometry": { "type": "Polygon", "coordinates": [ [ [ -76.30393, -11.67457 ], [ -76.29265, -11.67641 ], [ -76.28543, -11.71748 ], [ -76.27219, -11.73322 ], [ -76.25575, -11.73674 ], [ -76.23758, -11.77951 ], [ -76.2025, -11.79274 ], [ -76.18609, -11.73922 ], [ -76.15438, -11.78139 ], [ -76.13733, -11.78051 ], [ -76.09444, -11.84847 ], [ -76.05175, -11.89086 ], [ -76.05711, -11.92476 ], [ -76.06708, -11.9309 ], [ -76.08129, -11.91607 ], [ -76.1252, -11.92062 ], [ -76.17849, -11.87904 ], [ -76.20208, -11.89056 ], [ -76.21704, -11.91254 ], [ -76.23918, -11.90838 ], [ -76.24189, -11.89487 ], [ -76.26311, -11.88706 ], [ -76.26616, -11.86496 ], [ -76.28161, -11.8426 ], [ -76.30148, -11.84724 ], [ -76.35523, -11.81111 ], [ -76.35651, -11.74169 ], [ -76.31872, -11.70842 ], [ -76.30393, -11.67457 ] ] ] } },
{ "type": "Feature", "properties": { "UBIGEO_INEI": "150723", "DEPARTAMEN": "LIMA", "PROVINCIA": "HUAROCHIRI", "DISTRITO": "SAN MATEO DE OTAO" }, "geometry": { "type": "Polygon", "coordinates": [ [ [ -76.47302, -11.76506 ], [ -76.45798, -11.77909 ], [ -76.44699, -11.77769 ], [ -76.4411, -11.7905 ], [ -76.45234, -11.81068 ], [ -76.48215, -11.83263 ], [ -76.49601, -11.86158 ], [ -76.5546, -11.90432 ], [ -76.5967, -11.90566 ], [ -76.59892, -11.86966 ], [ -76.61476, -11.86866 ], [ -76.63275, -11.84975 ], [ -76.59782, -11.84703 ], [ -76.58198, -11.83296 ], [ -76.56141, -11.83763 ], [ -76.51828, -11.79391 ], [ -76.51421, -11.77989 ], [ -76.49129, -11.76994 ], [ -76.48405, -11.77453 ], [ -76.47302, -11.76506 ] ] ] } },
{ "type": "Feature", "properties": { "UBIGEO_INEI": "150724", "DEPARTAMEN": "LIMA", "PROVINCIA": "HUAROCHIRI", "DISTRITO": "SAN PEDRO DE CASTA" }, "geometry": { "type": "Polygon", "coordinates": [ [ [ -76.54295, -11.73156 ], [ -76.49428, -11.73472 ], [ -76.47466, -11.75057 ], [ -76.47302, -11.76506 ], [ -76.50212, -11.77998 ], [ -76.56776, -11.78311 ], [ -76.57317, -11.79824 ], [ -76.58589, -11.79708 ], [ -76.62756, -11.81644 ], [ -76.61435, -11.77511 ], [ -76.61447, -11.74264 ], [ -76.55936, -11.74347 ], [ -76.54295, -11.73156 ] ] ] } },
{ "type": "Feature", "properties": { "UBIGEO_INEI": "150725", "DEPARTAMEN": "LIMA", "PROVINCIA": "HUAROCHIRI", "DISTRITO": "SAN PEDRO DE HUANCAYRE" }, "geometry": { "type": "Polygon", "coordinates": [ [ [ -76.14885, -12.04227 ], [ -76.16569, -12.07383 ], [ -76.20311, -12.11235 ], [ -76.19525, -12.13273 ], [ -76.2141, -12.14489 ], [ -76.22922, -12.11936 ], [ -76.21575, -12.09173 ], [ -76.21675, -12.07134 ], [ -76.19088, -12.04492 ], [ -76.17295, -12.0512 ], [ -76.14885, -12.04227 ] ] ] } },
{ "type": "Feature", "properties": { "UBIGEO_INEI": "150720", "DEPARTAMEN": "LIMA", "PROVINCIA": "HUAROCHIRI", "DISTRITO": "SAN JUAN DE TANTARANCHE" }, "geometry": { "type": "Polygon", "coordinates": [ [ [ -76.16218, -11.88691 ], [ -76.12596, -11.92024 ], [ -76.10736, -11.92539 ], [ -76.1193, -12.01893 ], [ -76.11341, -12.04892 ], [ -76.13815, -12.09045 ], [ -76.19525, -12.13273 ], [ -76.20386, -12.11392 ], [ -76.16003, -12.0652 ], [ -76.1393, -12.02508 ], [ -76.14128, -12.00181 ], [ -76.13118, -11.99221 ], [ -76.13568, -11.97451 ], [ -76.15532, -11.97317 ], [ -76.18487, -11.99681 ], [ -76.22521, -11.99642 ], [ -76.20124, -11.95717 ], [ -76.19525, -11.93019 ], [ -76.16218, -11.88691 ] ] ] } },
{ "type": "Feature", "properties": { "UBIGEO_INEI": "150726", "DEPARTAMEN": "LIMA", "PROVINCIA": "HUAROCHIRI", "DISTRITO": "SANGALLAYA" }, "geometry": { "type": "Polygon", "coordinates": [ [ [ -76.27559, -12.13404 ], [ -76.24795, -12.16494 ], [ -76.23594, -12.14807 ], [ -76.21886, -12.15635 ], [ -76.23959, -12.25555 ], [ -76.26076, -12.28269 ], [ -76.24845, -12.29893 ], [ -76.26902, -12.3037 ], [ -76.29103, -12.2803 ], [ -76.30046, -12.25735 ], [ -76.29301, -12.23436 ], [ -76.30514, -12.2151 ], [ -76.27084, -12.19579 ], [ -76.28434, -12.16415 ], [ -76.27559, -12.13404 ] ] ] } },
{ "type": "Feature", "properties": { "UBIGEO_INEI": "150727", "DEPARTAMEN": "LIMA", "PROVINCIA": "HUAROCHIRI", "DISTRITO": "SANTA CRUZ DE COCACHACRA" }, "geometry": { "type": "Polygon", "coordinates": [ [ [ -76.53726, -11.89348 ], [ -76.53018, -11.90421 ], [ -76.5327, -11.93938 ], [ -76.55673, -11.94331 ], [ -76.555, -11.9608 ], [ -76.57526, -11.95969 ], [ -76.59384, -11.90803 ], [ -76.55698, -11.90506 ], [ -76.53726, -11.89348 ] ] ] } },
{ "type": "Feature", "properties": { "UBIGEO_INEI": "150728", "DEPARTAMEN": "LIMA", "PROVINCIA": "HUAROCHIRI", "DISTRITO": "SANTA EULALIA" }, "geometry": { "type": "Polygon", "coordinates": [ [ [ -76.66449, -11.76364 ], [ -76.61733, -11.78046 ], [ -76.62846, -11.81826 ], [ -76.62252, -11.83609 ], [ -76.63358, -11.85064 ], [ -76.61476, -11.86866 ], [ -76.59858, -11.87049 ], [ -76.60136, -11.89879 ], [ -76.59384, -11.90803 ], [ -76.64029, -11.92478 ], [ -76.66886, -11.92367 ], [ -76.70402, -11.89138 ], [ -76.70294, -11.87545 ], [ -76.67985, -11.85458 ], [ -76.67533, -11.82852 ], [ -76.66679, -11.82037 ], [ -76.66328, -11.79135 ], [ -76.67666, -11.76619 ], [ -76.66449, -11.76364 ] ] ] } },
{ "type": "Feature", "properties": { "UBIGEO_INEI": "150730", "DEPARTAMEN": "LIMA", "PROVINCIA": "HUAROCHIRI", "DISTRITO": "SANTIAGO DE TUNA" }, "geometry": { "type": "Polygon", "coordinates": [ [ [ -76.53063, -11.9269 ], [ -76.50921, -11.96866 ], [ -76.50197, -11.93405 ], [ -76.49053, -11.93592 ], [ -76.48331, -11.95141 ], [ -76.49215, -11.9585 ], [ -76.4862, -11.97555 ], [ -76.51463, -12.01704 ], [ -76.55128, -12.03107 ], [ -76.55864, -12.01802 ], [ -76.54974, -11.99357 ], [ -76.56466, -11.98561 ], [ -76.57522, -11.96367 ], [ -76.555, -11.9608 ], [ -76.55673, -11.94331 ], [ -76.5327, -11.93938 ], [ -76.53063, -11.9269 ] ] ] } },
{ "type": "Feature", "properties": { "UBIGEO_INEI": "150731", "DEPARTAMEN": "LIMA", "PROVINCIA": "HUAROCHIRI", "DISTRITO": "SANTO DOMINGO DE LOS OLLEROS" }, "geometry": { "type": "Polygon", "coordinates": [ [ [ -76.55307, -12.12792 ], [ -76.50816, -12.17945 ], [ -76.45948, -12.18861 ], [ -76.40928, -12.18488 ], [ -76.3974, -12.19821 ], [ -76.435, -12.26327 ], [ -76.44056, -12.29354 ], [ -76.42056, -12.31038 ], [ -76.38579, -12.31747 ], [ -76.42244, -12.3736 ], [ -76.45277, -12.40426 ], [ -76.46713, -12.4015 ], [ -76.48328, -12.4098 ], [ -76.5161, -12.38595 ], [ -76.5274, -12.36443 ], [ -76.52608, -12.35011 ], [ -76.53766, -12.33937 ], [ -76.53179, -12.31625 ], [ -76.55566, -12.27594 ], [ -76.58948, -12.29973 ], [ -76.59339, -12.33641 ], [ -76.60743, -12.35289 ], [ -76.60707, -12.36908 ], [ -76.61668, -12.37283 ], [ -76.63613, -12.35995 ], [ -76.6817, -12.35431 ], [ -76.67399, -12.31952 ], [ -76.65417, -12.30506 ], [ -76.65041, -12.28478 ], [ -76.63545, -12.27711 ], [ -76.6211, -12.22688 ], [ -76.64771, -12.20971 ], [ -76.66034, -12.17346 ], [ -76.67192, -12.1722 ], [ -76.69156, -12.14136 ], [ -76.6793, -12.13097 ], [ -76.66199, -12.13862 ], [ -76.64962, -12.13191 ], [ -76.61253, -12.14407 ], [ -76.59108, -12.13922 ], [ -76.58562, -12.13087 ], [ -76.55307, -12.12792 ] ] ] } },
{ "type": "Feature", "properties": { "UBIGEO_INEI": "150732", "DEPARTAMEN": "LIMA", "PROVINCIA": "HUAROCHIRI", "DISTRITO": "SURCO" }, "geometry": { "type": "Polygon", "coordinates": [ [ [ -76.4411, -11.7905 ], [ -76.42989, -11.79674 ], [ -76.43404, -11.83302 ], [ -76.42558, -11.85917 ], [ -76.39556, -11.89146 ], [ -76.39819, -11.92898 ], [ -76.41563, -11.9446 ], [ -76.42744, -11.94462 ], [ -76.45908, -11.92398 ], [ -76.50018, -11.88005 ], [ -76.48215, -11.83263 ], [ -76.45234, -11.81068 ], [ -76.4411, -11.7905 ] ] ] } },
{ "type": "Feature", "properties": { "UBIGEO_INEI": "151008", "DEPARTAMEN": "LIMA", "PROVINCIA": "YAUYOS", "DISTRITO": "CATAHUASI" }, "geometry": { "type": "Polygon", "coordinates": [ [ [ -75.83736, -12.671 ], [ -75.81709, -12.69585 ], [ -75.82088, -12.70366 ], [ -75.85949, -12.70995 ], [ -75.9017, -12.75011 ], [ -75.88797, -12.75247 ], [ -75.87424, -12.79437 ], [ -75.85171, -12.78126 ], [ -75.73811, -12.75169 ], [ -75.8236, -12.80041 ], [ -75.8615, -12.80601 ], [ -75.87083, -12.79967 ], [ -75.90054, -12.80987 ], [ -75.8923, -12.79352 ], [ -75.94197, -12.77137 ], [ -75.95221, -12.71947 ], [ -75.96835, -12.70609 ], [ -75.93293, -12.69527 ], [ -75.87925, -12.69396 ], [ -75.83736, -12.671 ] ] ] } },
{ "type": "Feature", "properties": { "UBIGEO_INEI": "151006", "DEPARTAMEN": "LIMA", "PROVINCIA": "YAUYOS", "DISTRITO": "CACRA" }, "geometry": { "type": "Polygon", "coordinates": [ [ [ -75.69246, -12.66255 ], [ -75.66367, -12.664 ], [ -75.64544, -12.67679 ], [ -75.61352, -12.67722 ], [ -75.60229, -12.66603 ], [ -75.57501, -12.68665 ], [ -75.55725, -12.67756 ], [ -75.55365, -12.70424 ], [ -75.57712, -12.7157 ], [ -75.60242, -12.68881 ], [ -75.63421, -12.71093 ], [ -75.63903, -12.72768 ], [ -75.65652, -12.7402 ], [ -75.70364, -12.74094 ], [ -75.72847, -12.77995 ], [ -75.77525, -12.80687 ], [ -75.78631, -12.8227 ], [ -75.78084, -12.86044 ], [ -75.82915, -12.86335 ], [ -75.87079, -12.85486 ], [ -75.88367, -12.84238 ], [ -75.93007, -12.85285 ], [ -75.94556, -12.84199 ], [ -75.93697, -12.84492 ], [ -75.89244, -12.80552 ], [ -75.8236, -12.80041 ], [ -75.73811, -12.75169 ], [ -75.72428, -12.75083 ], [ -75.72853, -12.73291 ], [ -75.71912, -12.72665 ], [ -75.72906, -12.70452 ], [ -75.71926, -12.69538 ], [ -75.6918, -12.69597 ], [ -75.69246, -12.66255 ] ] ] } },
{ "type": "Feature", "properties": { "UBIGEO_INEI": "151031", "DEPARTAMEN": "LIMA", "PROVINCIA": "YAUYOS", "DISTRITO": "TUPE" }, "geometry": { "type": "Polygon", "coordinates": [ [ [ -75.58731, -12.56874 ], [ -75.57209, -12.58357 ], [ -75.58284, -12.62176 ], [ -75.5755, -12.65874 ], [ -75.55826, -12.6684 ], [ -75.56726, -12.68336 ], [ -75.57543, -12.68646 ], [ -75.60253, -12.66599 ], [ -75.61352, -12.67722 ], [ -75.64544, -12.67679 ], [ -75.66367, -12.664 ], [ -75.69246, -12.66255 ], [ -75.69097, -12.69503 ], [ -75.71926, -12.69538 ], [ -75.72954, -12.70583 ], [ -75.71912, -12.72665 ], [ -75.72853, -12.73291 ], [ -75.72428, -12.75083 ], [ -75.76164, -12.75402 ], [ -75.76865, -12.764 ], [ -75.84375, -12.77881 ], [ -75.87424, -12.79437 ], [ -75.88797, -12.75247 ], [ -75.9017, -12.75011 ], [ -75.89603, -12.73995 ], [ -75.85347, -12.70652 ], [ -75.82088, -12.70366 ], [ -75.81709, -12.69585 ], [ -75.82732, -12.68017 ], [ -75.7961, -12.67171 ], [ -75.78561, -12.64363 ], [ -75.76273, -12.63397 ], [ -75.74721, -12.6449 ], [ -75.74824, -12.65624 ], [ -75.69447, -12.64555 ], [ -75.6856, -12.6535 ], [ -75.66706, -12.63721 ], [ -75.65187, -12.63593 ], [ -75.62892, -12.59471 ], [ -75.61253, -12.58876 ], [ -75.61545, -12.57917 ], [ -75.58731, -12.56874 ] ] ] } },
{ "type": "Feature", "properties": { "UBIGEO_INEI": "151009", "DEPARTAMEN": "LIMA", "PROVINCIA": "YAUYOS", "DISTRITO": "CHOCOS" }, "geometry": { "type": "Polygon", "coordinates": [ [ [ -75.98042, -12.8387 ], [ -75.9586, -12.84913 ], [ -75.9449, -12.84216 ], [ -75.93484, -12.85827 ], [ -75.86184, -12.88264 ], [ -75.85046, -12.89587 ], [ -75.83868, -12.92444 ], [ -75.85715, -12.92642 ], [ -75.84612, -12.95904 ], [ -75.87723, -12.96905 ], [ -75.87303, -12.99812 ], [ -75.87878, -13.01599 ], [ -75.9393, -12.99099 ], [ -75.9614, -13.00138 ], [ -75.95743, -12.96989 ], [ -75.97345, -12.93928 ], [ -75.97267, -12.924 ], [ -76.0039, -12.92241 ], [ -75.99299, -12.89605 ], [ -76.00846, -12.85299 ], [ -76.00204, -12.84011 ], [ -75.98042, -12.8387 ] ] ] } },
{ "type": "Feature", "properties": { "UBIGEO_INEI": "151012", "DEPARTAMEN": "LIMA", "PROVINCIA": "YAUYOS", "DISTRITO": "HONGOS" }, "geometry": { "type": "Polygon", "coordinates": [ [ [ -75.60185, -12.68885 ], [ -75.57073, -12.72522 ], [ -75.60967, -12.7508 ], [ -75.63834, -12.78404 ], [ -75.67375, -12.79341 ], [ -75.70499, -12.8193 ], [ -75.75588, -12.8343 ], [ -75.78631, -12.8227 ], [ -75.77525, -12.80687 ], [ -75.72847, -12.77995 ], [ -75.70364, -12.74094 ], [ -75.65652, -12.7402 ], [ -75.63903, -12.72768 ], [ -75.62611, -12.70326 ], [ -75.60185, -12.68885 ] ] ] } },
{ "type": "Feature", "properties": { "UBIGEO_INEI": "151015", "DEPARTAMEN": "LIMA", "PROVINCIA": "YAUYOS", "DISTRITO": "HUANGASCAR" }, "geometry": { "type": "Polygon", "coordinates": [ [ [ -75.86031, -12.882 ], [ -75.83361, -12.88881 ], [ -75.81744, -12.9172 ], [ -75.7869, -12.93442 ], [ -75.79636, -12.95797 ], [ -75.78503, -12.97423 ], [ -75.79196, -12.98909 ], [ -75.84722, -12.96293 ], [ -75.85715, -12.92642 ], [ -75.83882, -12.92346 ], [ -75.86031, -12.882 ] ] ] } },
{ "type": "Feature", "properties": { "UBIGEO_INEI": "151019", "DEPARTAMEN": "LIMA", "PROVINCIA": "YAUYOS", "DISTRITO": "LINCHA" }, "geometry": { "type": "Polygon", "coordinates": [ [ [ -75.57073, -12.72522 ], [ -75.5079, -12.77554 ], [ -75.51145, -12.78689 ], [ -75.52022, -12.78873 ], [ -75.53108, -12.82221 ], [ -75.56033, -12.8174 ], [ -75.57041, -12.84286 ], [ -75.61288, -12.85952 ], [ -75.66287, -12.84582 ], [ -75.67794, -12.84831 ], [ -75.68459, -12.85273 ], [ -75.68205, -12.86352 ], [ -75.69488, -12.86486 ], [ -75.70246, -12.87699 ], [ -75.73184, -12.86458 ], [ -75.76513, -12.86919 ], [ -75.78084, -12.86044 ], [ -75.78631, -12.8227 ], [ -75.75588, -12.8343 ], [ -75.70499, -12.8193 ], [ -75.67375, -12.79341 ], [ -75.63834, -12.78404 ], [ -75.60967, -12.7508 ], [ -75.57073, -12.72522 ] ] ] } },
{ "type": "Feature", "properties": { "UBIGEO_INEI": "151023", "DEPARTAMEN": "LIMA", "PROVINCIA": "YAUYOS", "DISTRITO": "PUTINZA" }, "geometry": { "type": "Polygon", "coordinates": [ [ [ -75.9646, -12.61931 ], [ -75.85801, -12.66517 ], [ -75.84955, -12.67687 ], [ -75.87925, -12.69396 ], [ -75.93293, -12.69527 ], [ -75.96779, -12.70497 ], [ -75.95749, -12.66421 ], [ -75.97862, -12.63277 ], [ -75.9646, -12.61931 ] ] ] } },
{ "type": "Feature", "properties": { "UBIGEO_INEI": "151032", "DEPARTAMEN": "LIMA", "PROVINCIA": "YAUYOS", "DISTRITO": "VIÑAC" }, "geometry": { "type": "Polygon", "coordinates": [ [ [ -75.9435, -12.84234 ], [ -75.93259, -12.85251 ], [ -75.88367, -12.84238 ], [ -75.87079, -12.85486 ], [ -75.82915, -12.86335 ], [ -75.77942, -12.86056 ], [ -75.75773, -12.86959 ], [ -75.73184, -12.86458 ], [ -75.70246, -12.87699 ], [ -75.69488, -12.86486 ], [ -75.68205, -12.86352 ], [ -75.68459, -12.85273 ], [ -75.67716, -12.84809 ], [ -75.66287, -12.84582 ], [ -75.61211, -12.86152 ], [ -75.67006, -12.88021 ], [ -75.70371, -12.919 ], [ -75.76152, -12.94822 ], [ -75.76926, -12.93694 ], [ -75.78388, -12.93818 ], [ -75.81744, -12.9172 ], [ -75.83361, -12.88881 ], [ -75.90657, -12.87095 ], [ -75.93536, -12.85793 ], [ -75.9435, -12.84234 ] ] ] } },
{ "type": "Feature", "properties": { "UBIGEO_INEI": "150602", "DEPARTAMEN": "LIMA", "PROVINCIA": "HUARAL", "DISTRITO": "ATAVILLOS ALTO" }, "geometry": { "type": "Polygon", "coordinates": [ [ [ -76.50378, -11.20244 ], [ -76.48412, -11.23019 ], [ -76.48931, -11.24982 ], [ -76.45693, -11.27252 ], [ -76.46342, -11.27066 ], [ -76.47859, -11.29128 ], [ -76.45702, -11.33443 ], [ -76.4825, -11.34427 ], [ -76.50876, -11.32815 ], [ -76.53276, -11.33354 ], [ -76.5446, -11.31648 ], [ -76.56815, -11.31891 ], [ -76.57983, -11.31253 ], [ -76.59818, -11.32658 ], [ -76.60299, -11.34849 ], [ -76.63105, -11.35366 ], [ -76.64053, -11.34408 ], [ -76.66795, -11.34601 ], [ -76.6771, -11.32519 ], [ -76.69746, -11.32012 ], [ -76.70606, -11.30512 ], [ -76.72134, -11.30582 ], [ -76.77754, -11.26584 ], [ -76.73239, -11.26251 ], [ -76.67796, -11.23979 ], [ -76.67523, -11.23048 ], [ -76.65577, -11.22246 ], [ -76.6343, -11.227 ], [ -76.53872, -11.20341 ], [ -76.51547, -11.20784 ], [ -76.50378, -11.20244 ] ] ] } },
{ "type": "Feature", "properties": { "UBIGEO_INEI": "150603", "DEPARTAMEN": "LIMA", "PROVINCIA": "HUARAL", "DISTRITO": "ATAVILLOS BAJO" }, "geometry": { "type": "Polygon", "coordinates": [ [ [ -76.83045, -11.2778 ], [ -76.77664, -11.2989 ], [ -76.7339, -11.32902 ], [ -76.7169, -11.32937 ], [ -76.70011, -11.31787 ], [ -76.6771, -11.32519 ], [ -76.66795, -11.34601 ], [ -76.66713, -11.38767 ], [ -76.68576, -11.41692 ], [ -76.70074, -11.41394 ], [ -76.71208, -11.39934 ], [ -76.73895, -11.39893 ], [ -76.7915, -11.37912 ], [ -76.80988, -11.35971 ], [ -76.83494, -11.35448 ], [ -76.857, -11.3395 ], [ -76.87657, -11.31971 ], [ -76.83045, -11.2778 ] ] ] } },
{ "type": "Feature", "properties": { "UBIGEO_INEI": "150604", "DEPARTAMEN": "LIMA", "PROVINCIA": "HUARAL", "DISTRITO": "AUCALLAMA" }, "geometry": { "type": "Polygon", "coordinates": [ [ [ -76.98732, -11.34984 ], [ -76.97595, -11.36172 ], [ -76.9721, -11.38424 ], [ -76.93954, -11.40027 ], [ -76.91693, -11.39961 ], [ -76.90901, -11.40859 ], [ -76.91238, -11.42116 ], [ -76.89772, -11.44605 ], [ -76.89225, -11.49219 ], [ -76.85952, -11.50405 ], [ -76.87471, -11.5378 ], [ -76.89605, -11.53513 ], [ -76.92379, -11.55865 ], [ -76.93757, -11.55023 ], [ -76.9462, -11.57857 ], [ -76.9808, -11.59723 ], [ -76.99981, -11.5981 ], [ -77.00498, -11.61341 ], [ -77.04581, -11.57873 ], [ -77.07726, -11.57678 ], [ -77.08527, -11.60424 ], [ -77.10739, -11.62684 ], [ -77.1347, -11.62664 ], [ -77.13696, -11.63753 ], [ -77.12207, -11.65736 ], [ -77.15216, -11.67063 ], [ -77.15828, -11.68174 ], [ -77.15453, -11.7017 ], [ -77.18211, -11.68591 ], [ -77.19591, -11.69794 ], [ -77.19289, -11.68062 ], [ -77.20784, -11.64809 ], [ -77.24824, -11.61431 ], [ -77.21226, -11.58469 ], [ -77.17643, -11.5053 ], [ -77.08921, -11.43988 ], [ -77.04268, -11.37665 ], [ -76.98732, -11.34984 ] ] ] } },
{ "type": "Feature", "properties": { "UBIGEO_INEI": "150606", "DEPARTAMEN": "LIMA", "PROVINCIA": "HUARAL", "DISTRITO": "IHUARI" }, "geometry": { "type": "Polygon", "coordinates": [ [ [ -76.94268, -11.07825 ], [ -76.84946, -11.09079 ], [ -76.82899, -11.10345 ], [ -76.82651, -11.12264 ], [ -76.84087, -11.14482 ], [ -76.83971, -11.15673 ], [ -76.89434, -11.21653 ], [ -76.89996, -11.26234 ], [ -76.93074, -11.32359 ], [ -76.95181, -11.34861 ], [ -76.96749, -11.30484 ], [ -77.01756, -11.28911 ], [ -77.03265, -11.26165 ], [ -77.06401, -11.24947 ], [ -77.05697, -11.23051 ], [ -77.06445, -11.20752 ], [ -77.06003, -11.1951 ], [ -77.08505, -11.18461 ], [ -77.08806, -11.15161 ], [ -77.07638, -11.09157 ], [ -77.05204, -11.09576 ], [ -77.0565, -11.11845 ], [ -77.04309, -11.13837 ], [ -77.01739, -11.13435 ], [ -76.98857, -11.10362 ], [ -76.94268, -11.07825 ] ] ] } },
{ "type": "Feature", "properties": { "UBIGEO_INEI": "150607", "DEPARTAMEN": "LIMA", "PROVINCIA": "HUARAL", "DISTRITO": "LAMPIAN" }, "geometry": { "type": "Polygon", "coordinates": [ [ [ -76.83681, -11.1417 ], [ -76.81159, -11.1591 ], [ -76.80683, -11.17237 ], [ -76.80787, -11.18982 ], [ -76.82255, -11.20523 ], [ -76.80346, -11.22296 ], [ -76.81842, -11.25749 ], [ -76.83102, -11.26007 ], [ -76.83652, -11.28575 ], [ -76.88343, -11.32771 ], [ -76.94642, -11.3425 ], [ -76.89996, -11.26234 ], [ -76.89434, -11.21653 ], [ -76.85284, -11.17391 ], [ -76.83681, -11.1417 ] ] ] } },
{ "type": "Feature", "properties": { "UBIGEO_INEI": "150608", "DEPARTAMEN": "LIMA", "PROVINCIA": "HUARAL", "DISTRITO": "PACARAOS" }, "geometry": { "type": "Polygon", "coordinates": [ [ [ -76.56925, -11.01348 ], [ -76.56401, -11.02291 ], [ -76.53299, -11.03413 ], [ -76.5267, -11.05099 ], [ -76.55843, -11.05747 ], [ -76.62377, -11.1239 ], [ -76.62454, -11.15009 ], [ -76.65785, -11.2256 ], [ -76.73239, -11.26251 ], [ -76.77754, -11.26584 ], [ -76.76972, -11.23132 ], [ -76.74692, -11.22275 ], [ -76.73715, -11.19807 ], [ -76.70344, -11.18022 ], [ -76.70465, -11.16999 ], [ -76.73364, -11.14933 ], [ -76.72182, -11.09335 ], [ -76.74075, -11.06582 ], [ -76.72013, -11.05219 ], [ -76.70486, -11.05538 ], [ -76.6837, -11.04652 ], [ -76.67137, -11.05403 ], [ -76.65658, -11.03342 ], [ -76.6336, -11.03832 ], [ -76.6293, -11.02433 ], [ -76.61859, -11.02909 ], [ -76.56925, -11.01348 ] ] ] } },
{ "type": "Feature", "properties": { "UBIGEO_INEI": "150609", "DEPARTAMEN": "LIMA", "PROVINCIA": "HUARAL", "DISTRITO": "SAN MIGUEL DE ACOS" }, "geometry": { "type": "Polygon", "coordinates": [ [ [ -76.81842, -11.25749 ], [ -76.81601, -11.27328 ], [ -76.80409, -11.26491 ], [ -76.77671, -11.26598 ], [ -76.72134, -11.30582 ], [ -76.70606, -11.30512 ], [ -76.70011, -11.31787 ], [ -76.7169, -11.32937 ], [ -76.7339, -11.32902 ], [ -76.77664, -11.2989 ], [ -76.83371, -11.28157 ], [ -76.83184, -11.26096 ], [ -76.81842, -11.25749 ] ] ] } },
{ "type": "Feature", "properties": { "UBIGEO_INEI": "150610", "DEPARTAMEN": "LIMA", "PROVINCIA": "HUARAL", "DISTRITO": "SANTA CRUZ DE ANDAMARCA" }, "geometry": { "type": "Polygon", "coordinates": [ [ [ -76.52651, -11.05154 ], [ -76.49121, -11.08944 ], [ -76.49566, -11.10955 ], [ -76.51923, -11.11809 ], [ -76.50517, -11.14379 ], [ -76.50556, -11.17367 ], [ -76.49208, -11.18931 ], [ -76.49415, -11.20788 ], [ -76.53679, -11.20322 ], [ -76.60375, -11.22235 ], [ -76.65503, -11.22357 ], [ -76.65008, -11.19747 ], [ -76.62454, -11.15009 ], [ -76.62377, -11.1239 ], [ -76.55843, -11.05747 ], [ -76.52651, -11.05154 ] ] ] } },
{ "type": "Feature", "properties": { "UBIGEO_INEI": "150612", "DEPARTAMEN": "LIMA", "PROVINCIA": "HUARAL", "DISTRITO": "VEINTISIETE DE NOVIEMBRE" }, "geometry": { "type": "Polygon", "coordinates": [ [ [ -76.76368, -11.03502 ], [ -76.73957, -11.041 ], [ -76.74075, -11.06582 ], [ -76.72182, -11.09335 ], [ -76.73364, -11.14933 ], [ -76.70465, -11.16999 ], [ -76.70344, -11.18022 ], [ -76.73715, -11.19807 ], [ -76.74692, -11.22275 ], [ -76.76972, -11.23132 ], [ -76.77754, -11.26584 ], [ -76.80409, -11.26491 ], [ -76.81601, -11.27328 ], [ -76.81817, -11.2536 ], [ -76.80346, -11.22296 ], [ -76.82255, -11.20523 ], [ -76.80787, -11.18982 ], [ -76.80636, -11.17615 ], [ -76.81159, -11.1591 ], [ -76.83681, -11.1417 ], [ -76.82657, -11.12348 ], [ -76.82899, -11.10345 ], [ -76.79327, -11.07637 ], [ -76.78245, -11.04575 ], [ -76.76368, -11.03502 ] ] ] } },
{ "type": "Feature", "properties": { "UBIGEO_INEI": "151001", "DEPARTAMEN": "LIMA", "PROVINCIA": "YAUYOS", "DISTRITO": "YAUYOS" }, "geometry": { "type": "Polygon", "coordinates": [ [ [ -75.94912, -12.33317 ], [ -75.93548, -12.33969 ], [ -75.90541, -12.3805 ], [ -75.90775, -12.39657 ], [ -75.88839, -12.40619 ], [ -75.88499, -12.42993 ], [ -75.87078, -12.45122 ], [ -75.856, -12.44846 ], [ -75.85441, -12.46194 ], [ -75.83278, -12.47887 ], [ -75.87025, -12.49149 ], [ -75.88359, -12.48887 ], [ -75.8966, -12.47091 ], [ -75.90149, -12.47408 ], [ -75.91613, -12.50881 ], [ -75.9144, -12.54669 ], [ -75.93437, -12.57176 ], [ -75.93636, -12.58803 ], [ -75.95989, -12.5891 ], [ -75.96559, -12.60472 ], [ -75.97352, -12.60641 ], [ -75.97811, -12.63187 ], [ -75.99097, -12.5995 ], [ -75.98706, -12.58061 ], [ -75.99451, -12.5522 ], [ -76.00684, -12.55679 ], [ -76.02655, -12.54361 ], [ -76.04484, -12.52253 ], [ -76.04537, -12.5071 ], [ -76.03846, -12.47399 ], [ -76.0133, -12.43821 ], [ -76.01635, -12.42245 ], [ -75.98363, -12.41025 ], [ -75.98716, -12.38746 ], [ -75.97306, -12.35309 ], [ -75.94912, -12.33317 ] ] ] } },
{ "type": "Feature", "properties": { "UBIGEO_INEI": "151002", "DEPARTAMEN": "LIMA", "PROVINCIA": "YAUYOS", "DISTRITO": "ALIS" }, "geometry": { "type": "Polygon", "coordinates": [ [ [ -75.77784, -12.23272 ], [ -75.77113, -12.24285 ], [ -75.76046, -12.23993 ], [ -75.75282, -12.24712 ], [ -75.73641, -12.29288 ], [ -75.72412, -12.27002 ], [ -75.704, -12.26296 ], [ -75.67067, -12.26809 ], [ -75.62943, -12.24605 ], [ -75.58641, -12.30078 ], [ -75.59254, -12.31556 ], [ -75.61534, -12.29248 ], [ -75.63047, -12.30773 ], [ -75.6746, -12.32779 ], [ -75.68318, -12.34268 ], [ -75.70888, -12.34118 ], [ -75.72701, -12.31896 ], [ -75.74828, -12.30725 ], [ -75.76315, -12.31476 ], [ -75.80713, -12.29281 ], [ -75.80491, -12.27613 ], [ -75.81335, -12.27361 ], [ -75.81278, -12.26392 ], [ -75.786, -12.25245 ], [ -75.77784, -12.23272 ] ] ] } },
{ "type": "Feature", "properties": { "UBIGEO_INEI": "151003", "DEPARTAMEN": "LIMA", "PROVINCIA": "YAUYOS", "DISTRITO": "ALLAUCA" }, "geometry": { "type": "Polygon", "coordinates": [ [ [ -76.02347, -12.42011 ], [ -76.01272, -12.43607 ], [ -76.03846, -12.47399 ], [ -76.04557, -12.52093 ], [ -76.00994, -12.55553 ], [ -75.99451, -12.5522 ], [ -75.98999, -12.60361 ], [ -75.97274, -12.64624 ], [ -75.95789, -12.66195 ], [ -75.96832, -12.70813 ], [ -75.95238, -12.71924 ], [ -75.94601, -12.73502 ], [ -75.94618, -12.76612 ], [ -75.89212, -12.79401 ], [ -75.93697, -12.84492 ], [ -75.95834, -12.8491 ], [ -75.94113, -12.81951 ], [ -75.94253, -12.80214 ], [ -75.98393, -12.7823 ], [ -75.99628, -12.75656 ], [ -76.02163, -12.78935 ], [ -76.04517, -12.78196 ], [ -76.06082, -12.79279 ], [ -76.07694, -12.78642 ], [ -76.101, -12.80164 ], [ -76.12542, -12.78662 ], [ -76.11827, -12.76069 ], [ -76.08843, -12.7524 ], [ -76.07311, -12.70281 ], [ -76.08435, -12.67486 ], [ -76.09516, -12.66736 ], [ -76.0962, -12.63759 ], [ -76.08771, -12.61937 ], [ -76.11587, -12.59696 ], [ -76.10878, -12.56772 ], [ -76.12337, -12.55219 ], [ -76.14285, -12.50524 ], [ -76.12731, -12.46951 ], [ -76.11434, -12.46622 ], [ -76.10738, -12.45278 ], [ -76.09278, -12.46707 ], [ -76.06821, -12.44179 ], [ -76.02347, -12.42011 ] ] ] } },
{ "type": "Feature", "properties": { "UBIGEO_INEI": "151004", "DEPARTAMEN": "LIMA", "PROVINCIA": "YAUYOS", "DISTRITO": "AYAVIRI" }, "geometry": { "type": "Polygon", "coordinates": [ [ [ -75.97399, -12.25838 ], [ -75.9606, -12.25826 ], [ -75.94726, -12.27145 ], [ -75.94194, -12.31595 ], [ -75.97306, -12.35309 ], [ -75.98716, -12.38746 ], [ -75.98297, -12.40918 ], [ -76.01635, -12.42245 ], [ -76.03407, -12.42096 ], [ -76.03776, -12.43031 ], [ -76.06821, -12.44179 ], [ -76.09486, -12.46698 ], [ -76.12134, -12.41921 ], [ -76.14813, -12.41625 ], [ -76.15092, -12.365 ], [ -76.14099, -12.34479 ], [ -76.10536, -12.35506 ], [ -76.08915, -12.34376 ], [ -76.05057, -12.33975 ], [ -76.0536, -12.32771 ], [ -76.03847, -12.32404 ], [ -76.0249, -12.29814 ], [ -76.00307, -12.28115 ], [ -75.99242, -12.28201 ], [ -75.97399, -12.25838 ] ] ] } },
{ "type": "Feature", "properties": { "UBIGEO_INEI": "151005", "DEPARTAMEN": "LIMA", "PROVINCIA": "YAUYOS", "DISTRITO": "AZANGARO" }, "geometry": { "type": "Polygon", "coordinates": [ [ [ -75.84722, -12.96293 ], [ -75.8311, -12.97605 ], [ -75.78916, -12.9901 ], [ -75.76446, -13.01586 ], [ -75.77248, -13.03786 ], [ -75.79835, -13.05952 ], [ -75.81792, -13.05215 ], [ -75.82429, -13.03051 ], [ -75.84965, -13.03618 ], [ -75.87878, -13.01599 ], [ -75.87303, -12.99812 ], [ -75.87723, -12.96905 ], [ -75.84722, -12.96293 ] ] ] } },
{ "type": "Feature", "properties": { "UBIGEO_INEI": "151007", "DEPARTAMEN": "LIMA", "PROVINCIA": "YAUYOS", "DISTRITO": "CARANIA" }, "geometry": { "type": "Polygon", "coordinates": [ [ [ -75.88785, -12.28586 ], [ -75.86673, -12.31138 ], [ -75.83856, -12.32709 ], [ -75.82773, -12.32546 ], [ -75.82436, -12.33284 ], [ -75.82457, -12.35021 ], [ -75.84568, -12.37753 ], [ -75.85696, -12.40971 ], [ -75.85087, -12.42304 ], [ -75.85825, -12.43061 ], [ -75.85026, -12.44327 ], [ -75.87078, -12.45122 ], [ -75.88499, -12.42993 ], [ -75.88839, -12.40619 ], [ -75.90775, -12.39657 ], [ -75.90541, -12.3805 ], [ -75.93548, -12.33969 ], [ -75.94982, -12.33282 ], [ -75.92088, -12.30161 ], [ -75.88785, -12.28586 ] ] ] } },
{ "type": "Feature", "properties": { "UBIGEO_INEI": "151010", "DEPARTAMEN": "LIMA", "PROVINCIA": "YAUYOS", "DISTRITO": "COCHAS" }, "geometry": { "type": "Polygon", "coordinates": [ [ [ -76.16998, -12.26016 ], [ -76.15738, -12.2779 ], [ -76.15605, -12.30418 ], [ -76.20018, -12.30981 ], [ -76.22407, -12.29908 ], [ -76.23364, -12.30901 ], [ -76.24692, -12.30901 ], [ -76.24845, -12.29893 ], [ -76.21548, -12.26278 ], [ -76.16998, -12.26016 ] ] ] } },
{ "type": "Feature", "properties": { "UBIGEO_INEI": "151013", "DEPARTAMEN": "LIMA", "PROVINCIA": "YAUYOS", "DISTRITO": "HUAMPARA" }, "geometry": { "type": "Polygon", "coordinates": [ [ [ -76.22344, -12.29909 ], [ -76.20521, -12.30433 ], [ -76.16061, -12.36425 ], [ -76.15053, -12.36571 ], [ -76.14813, -12.41625 ], [ -76.16706, -12.40966 ], [ -76.19905, -12.38025 ], [ -76.21617, -12.33861 ], [ -76.24262, -12.32701 ], [ -76.24692, -12.30901 ], [ -76.23364, -12.30901 ], [ -76.22344, -12.29909 ] ] ] } },
{ "type": "Feature", "properties": { "UBIGEO_INEI": "151014", "DEPARTAMEN": "LIMA", "PROVINCIA": "YAUYOS", "DISTRITO": "HUANCAYA" }, "geometry": { "type": "Polygon", "coordinates": [ [ [ -75.92161, -11.98446 ], [ -75.90415, -11.9984 ], [ -75.8863, -11.99317 ], [ -75.84255, -12.00645 ], [ -75.83237, -12.02505 ], [ -75.81894, -12.01374 ], [ -75.76566, -12.05963 ], [ -75.74912, -12.11889 ], [ -75.76618, -12.15495 ], [ -75.76026, -12.19433 ], [ -75.77699, -12.21851 ], [ -75.82995, -12.20335 ], [ -75.82077, -12.18929 ], [ -75.83132, -12.15678 ], [ -75.8739, -12.12666 ], [ -75.87199, -12.11898 ], [ -75.8894, -12.09855 ], [ -75.92875, -12.07643 ], [ -75.91673, -12.01976 ], [ -75.94372, -12.00478 ], [ -75.9477, -11.99435 ], [ -75.92161, -11.98446 ] ] ] } },
{ "type": "Feature", "properties": { "UBIGEO_INEI": "151016", "DEPARTAMEN": "LIMA", "PROVINCIA": "YAUYOS", "DISTRITO": "HUANTAN" }, "geometry": { "type": "Polygon", "coordinates": [ [ [ -75.80065, -12.37396 ], [ -75.77684, -12.40972 ], [ -75.7551, -12.42092 ], [ -75.74225, -12.44911 ], [ -75.72749, -12.43674 ], [ -75.71603, -12.43798 ], [ -75.69317, -12.46451 ], [ -75.66504, -12.42115 ], [ -75.64667, -12.41659 ], [ -75.63439, -12.42878 ], [ -75.62797, -12.46654 ], [ -75.61415, -12.48681 ], [ -75.61828, -12.50603 ], [ -75.6107, -12.52048 ], [ -75.56751, -12.48014 ], [ -75.55011, -12.47394 ], [ -75.53597, -12.51855 ], [ -75.55199, -12.54493 ], [ -75.56644, -12.55269 ], [ -75.56901, -12.58029 ], [ -75.58974, -12.5681 ], [ -75.6067, -12.57235 ], [ -75.61545, -12.57917 ], [ -75.61452, -12.59082 ], [ -75.63149, -12.59782 ], [ -75.65187, -12.63593 ], [ -75.66706, -12.63721 ], [ -75.68742, -12.65357 ], [ -75.70933, -12.63384 ], [ -75.72811, -12.60177 ], [ -75.76318, -12.60684 ], [ -75.7653, -12.59578 ], [ -75.78954, -12.58554 ], [ -75.76948, -12.5631 ], [ -75.78728, -12.55283 ], [ -75.78334, -12.53723 ], [ -75.80993, -12.49323 ], [ -75.80846, -12.4817 ], [ -75.83278, -12.47887 ], [ -75.85595, -12.45982 ], [ -75.85013, -12.44253 ], [ -75.85825, -12.43061 ], [ -75.85145, -12.42591 ], [ -75.85696, -12.40971 ], [ -75.8495, -12.39375 ], [ -75.8409, -12.39816 ], [ -75.80065, -12.37396 ] ] ] } },
{ "type": "Feature", "properties": { "UBIGEO_INEI": "151017", "DEPARTAMEN": "LIMA", "PROVINCIA": "YAUYOS", "DISTRITO": "HUAÑEC" }, "geometry": { "type": "Polygon", "coordinates": [ [ [ -76.04501, -12.22854 ], [ -76.03453, -12.23345 ], [ -76.02651, -12.25434 ], [ -76.07415, -12.30244 ], [ -76.11256, -12.30833 ], [ -76.11861, -12.30792 ], [ -76.11808, -12.2949 ], [ -76.13432, -12.30171 ], [ -76.15262, -12.29803 ], [ -76.14507, -12.2886 ], [ -76.10835, -12.27705 ], [ -76.07863, -12.27826 ], [ -76.07338, -12.25417 ], [ -76.0589, -12.2342 ], [ -76.04501, -12.22854 ] ] ] } },
{ "type": "Feature", "properties": { "UBIGEO_INEI": "151026", "DEPARTAMEN": "LIMA", "PROVINCIA": "YAUYOS", "DISTRITO": "SAN JOAQUIN" }, "geometry": { "type": "Polygon", "coordinates": [ [ [ -76.0669, -12.19073 ], [ -76.04315, -12.21035 ], [ -76.04329, -12.22872 ], [ -76.0589, -12.2342 ], [ -76.07338, -12.25417 ], [ -76.07777, -12.27768 ], [ -76.10835, -12.27705 ], [ -76.14507, -12.2886 ], [ -76.15262, -12.29803 ], [ -76.16922, -12.25556 ], [ -76.1518, -12.23936 ], [ -76.1127, -12.22575 ], [ -76.09928, -12.20741 ], [ -76.07067, -12.20836 ], [ -76.0669, -12.19073 ] ] ] } },
{ "type": "Feature", "properties": { "UBIGEO_INEI": "151018", "DEPARTAMEN": "LIMA", "PROVINCIA": "YAUYOS", "DISTRITO": "LARAOS" }, "geometry": { "type": "Polygon", "coordinates": [ [ [ -75.61534, -12.29248 ], [ -75.5886, -12.325 ], [ -75.56553, -12.33459 ], [ -75.5487, -12.36424 ], [ -75.56702, -12.41107 ], [ -75.55887, -12.4121 ], [ -75.55011, -12.47394 ], [ -75.56751, -12.48014 ], [ -75.61014, -12.52037 ], [ -75.63439, -12.42878 ], [ -75.64727, -12.41617 ], [ -75.66504, -12.42115 ], [ -75.69317, -12.46451 ], [ -75.71603, -12.43798 ], [ -75.72749, -12.43674 ], [ -75.74225, -12.44911 ], [ -75.7551, -12.42092 ], [ -75.77684, -12.40972 ], [ -75.80114, -12.37373 ], [ -75.8409, -12.39816 ], [ -75.8495, -12.39375 ], [ -75.82457, -12.35021 ], [ -75.82808, -12.32585 ], [ -75.81356, -12.31104 ], [ -75.81021, -12.29356 ], [ -75.76315, -12.31476 ], [ -75.74828, -12.30725 ], [ -75.72701, -12.31896 ], [ -75.71368, -12.33883 ], [ -75.68991, -12.3455 ], [ -75.6746, -12.32779 ], [ -75.63047, -12.30773 ], [ -75.61534, -12.29248 ] ] ] } },
{ "type": "Feature", "properties": { "UBIGEO_INEI": "151020", "DEPARTAMEN": "LIMA", "PROVINCIA": "YAUYOS", "DISTRITO": "MADEAN" }, "geometry": { "type": "Polygon", "coordinates": [ [ [ -75.67582, -12.88357 ], [ -75.61309, -12.86698 ], [ -75.63634, -12.91558 ], [ -75.61789, -12.94274 ], [ -75.62266, -12.94937 ], [ -75.6138, -12.96367 ], [ -75.6375, -12.97324 ], [ -75.63651, -12.98758 ], [ -75.66705, -12.99656 ], [ -75.67036, -13.02261 ], [ -75.68607, -13.02532 ], [ -75.69055, -13.03511 ], [ -75.72323, -13.03875 ], [ -75.744, -13.02542 ], [ -75.75372, -13.02803 ], [ -75.77253, -13.01207 ], [ -75.79287, -12.98498 ], [ -75.78503, -12.97423 ], [ -75.79636, -12.95797 ], [ -75.78619, -12.93569 ], [ -75.75056, -12.94755 ], [ -75.70371, -12.919 ], [ -75.67582, -12.88357 ] ] ] } },
{ "type": "Feature", "properties": { "UBIGEO_INEI": "151021", "DEPARTAMEN": "LIMA", "PROVINCIA": "YAUYOS", "DISTRITO": "MIRAFLORES" }, "geometry": { "type": "Polygon", "coordinates": [ [ [ -75.93852, -12.10443 ], [ -75.92816, -12.11898 ], [ -75.9043, -12.12986 ], [ -75.88103, -12.16093 ], [ -75.88368, -12.17367 ], [ -75.8297, -12.23167 ], [ -75.83381, -12.24259 ], [ -75.80983, -12.26198 ], [ -75.81335, -12.27361 ], [ -75.80564, -12.27328 ], [ -75.80416, -12.28589 ], [ -75.82773, -12.32546 ], [ -75.83856, -12.32709 ], [ -75.86673, -12.31138 ], [ -75.88964, -12.28552 ], [ -75.94418, -12.32267 ], [ -75.94726, -12.27145 ], [ -75.95871, -12.25964 ], [ -75.93295, -12.23469 ], [ -75.93771, -12.21735 ], [ -75.91288, -12.18737 ], [ -75.92126, -12.1635 ], [ -75.94872, -12.15151 ], [ -75.96574, -12.12859 ], [ -75.93852, -12.10443 ] ] ] } },
{ "type": "Feature", "properties": { "UBIGEO_INEI": "151022", "DEPARTAMEN": "LIMA", "PROVINCIA": "YAUYOS", "DISTRITO": "OMAS" }, "geometry": { "type": "Polygon", "coordinates": [ [ [ -76.20012, -12.37774 ], [ -76.16706, -12.40966 ], [ -76.12134, -12.41921 ], [ -76.10603, -12.45251 ], [ -76.11434, -12.46622 ], [ -76.12731, -12.46951 ], [ -76.16578, -12.44903 ], [ -76.24162, -12.44655 ], [ -76.23179, -12.46919 ], [ -76.21428, -12.48101 ], [ -76.24405, -12.50108 ], [ -76.21815, -12.53513 ], [ -76.19833, -12.54763 ], [ -76.24156, -12.59206 ], [ -76.25253, -12.5955 ], [ -76.26811, -12.58355 ], [ -76.288, -12.58709 ], [ -76.32322, -12.5283 ], [ -76.33481, -12.5365 ], [ -76.36749, -12.5326 ], [ -76.35212, -12.52002 ], [ -76.34012, -12.49451 ], [ -76.33681, -12.45699 ], [ -76.33096, -12.44164 ], [ -76.31727, -12.43792 ], [ -76.31416, -12.41328 ], [ -76.24429, -12.38728 ], [ -76.21998, -12.39232 ], [ -76.20012, -12.37774 ] ] ] } },
{ "type": "Feature", "properties": { "UBIGEO_INEI": "151024", "DEPARTAMEN": "LIMA", "PROVINCIA": "YAUYOS", "DISTRITO": "QUINCHES" }, "geometry": { "type": "Polygon", "coordinates": [ [ [ -76.02674, -12.24867 ], [ -75.99242, -12.25404 ], [ -75.98403, -12.26452 ], [ -75.98698, -12.27509 ], [ -76.0249, -12.29814 ], [ -76.03847, -12.32404 ], [ -76.0536, -12.32771 ], [ -76.05418, -12.34114 ], [ -76.08915, -12.34376 ], [ -76.10741, -12.35515 ], [ -76.13847, -12.34304 ], [ -76.15074, -12.36547 ], [ -76.15874, -12.36536 ], [ -76.20281, -12.30897 ], [ -76.11808, -12.2949 ], [ -76.11861, -12.30792 ], [ -76.08174, -12.30527 ], [ -76.02674, -12.24867 ] ] ] } },
{ "type": "Feature", "properties": { "UBIGEO_INEI": "151025", "DEPARTAMEN": "LIMA", "PROVINCIA": "YAUYOS", "DISTRITO": "QUINOCAY" }, "geometry": { "type": "Polygon", "coordinates": [ [ [ -76.29808, -12.25788 ], [ -76.29103, -12.2803 ], [ -76.27245, -12.30207 ], [ -76.24838, -12.29899 ], [ -76.24262, -12.32701 ], [ -76.21617, -12.33861 ], [ -76.20133, -12.37677 ], [ -76.22116, -12.39265 ], [ -76.24429, -12.38728 ], [ -76.28702, -12.39894 ], [ -76.29273, -12.40898 ], [ -76.31416, -12.41328 ], [ -76.31548, -12.42281 ], [ -76.33328, -12.41609 ], [ -76.3454, -12.388 ], [ -76.346, -12.33773 ], [ -76.29808, -12.25788 ] ] ] } },
{ "type": "Feature", "properties": { "UBIGEO_INEI": "151027", "DEPARTAMEN": "LIMA", "PROVINCIA": "YAUYOS", "DISTRITO": "SAN PEDRO DE PILAS" }, "geometry": { "type": "Polygon", "coordinates": [ [ [ -76.19602, -12.44355 ], [ -76.16554, -12.44911 ], [ -76.12731, -12.46951 ], [ -76.14285, -12.50524 ], [ -76.13886, -12.52334 ], [ -76.1874, -12.55176 ], [ -76.21815, -12.53513 ], [ -76.24427, -12.5004 ], [ -76.21426, -12.48035 ], [ -76.23179, -12.46919 ], [ -76.24284, -12.44798 ], [ -76.19602, -12.44355 ] ] ] } },
{ "type": "Feature", "properties": { "UBIGEO_INEI": "151028", "DEPARTAMEN": "LIMA", "PROVINCIA": "YAUYOS", "DISTRITO": "TANTA" }, "geometry": { "type": "Polygon", "coordinates": [ [ [ -75.97389, -11.98402 ], [ -75.95068, -11.98826 ], [ -75.94372, -12.00478 ], [ -75.91673, -12.01976 ], [ -75.92984, -12.07017 ], [ -75.9393, -12.07516 ], [ -75.93872, -12.1039 ], [ -75.96574, -12.12859 ], [ -75.94872, -12.15151 ], [ -75.92126, -12.1635 ], [ -75.91288, -12.18737 ], [ -75.93771, -12.21735 ], [ -75.93295, -12.23469 ], [ -75.95871, -12.25964 ], [ -75.98403, -12.26452 ], [ -75.99725, -12.25203 ], [ -76.02674, -12.24867 ], [ -76.0438, -12.22774 ], [ -76.04315, -12.21035 ], [ -76.07655, -12.18183 ], [ -76.08622, -12.1604 ], [ -76.05679, -12.13273 ], [ -76.07251, -12.10965 ], [ -76.06193, -12.08907 ], [ -76.04422, -12.08448 ], [ -76.02034, -12.06396 ], [ -76.0097, -12.0237 ], [ -75.99756, -12.01789 ], [ -76.00018, -11.99656 ], [ -75.97389, -11.98402 ] ] ] } },
{ "type": "Feature", "properties": { "UBIGEO_INEI": "151029", "DEPARTAMEN": "LIMA", "PROVINCIA": "YAUYOS", "DISTRITO": "TAURIPAMPA" }, "geometry": { "type": "Polygon", "coordinates": [ [ [ -76.13886, -12.52334 ], [ -76.10878, -12.56772 ], [ -76.11587, -12.59696 ], [ -76.08735, -12.62046 ], [ -76.0962, -12.63759 ], [ -76.09516, -12.66736 ], [ -76.07632, -12.69158 ], [ -76.07539, -12.72419 ], [ -76.08942, -12.75339 ], [ -76.11827, -12.76069 ], [ -76.12234, -12.78356 ], [ -76.14155, -12.79342 ], [ -76.15388, -12.83784 ], [ -76.17727, -12.85437 ], [ -76.19937, -12.81345 ], [ -76.24129, -12.79084 ], [ -76.24723, -12.75552 ], [ -76.28251, -12.75249 ], [ -76.28947, -12.74533 ], [ -76.29949, -12.71367 ], [ -76.28465, -12.68329 ], [ -76.28813, -12.65446 ], [ -76.27314, -12.64936 ], [ -76.25253, -12.5955 ], [ -76.19833, -12.54763 ], [ -76.18544, -12.55158 ], [ -76.13886, -12.52334 ] ] ] } },
{ "type": "Feature", "properties": { "UBIGEO_INEI": "151030", "DEPARTAMEN": "LIMA", "PROVINCIA": "YAUYOS", "DISTRITO": "TOMAS" }, "geometry": { "type": "Polygon", "coordinates": [ [ [ -75.74146, -12.03696 ], [ -75.71673, -12.04652 ], [ -75.6943, -12.04269 ], [ -75.67389, -12.05792 ], [ -75.68822, -12.08213 ], [ -75.66358, -12.09093 ], [ -75.63456, -12.11464 ], [ -75.6387, -12.12153 ], [ -75.62701, -12.13483 ], [ -75.64192, -12.14995 ], [ -75.64847, -12.17421 ], [ -75.6687, -12.18342 ], [ -75.67126, -12.19246 ], [ -75.65273, -12.20567 ], [ -75.62943, -12.24605 ], [ -75.67067, -12.26809 ], [ -75.704, -12.26296 ], [ -75.72412, -12.27002 ], [ -75.73534, -12.29317 ], [ -75.75282, -12.24712 ], [ -75.76046, -12.23993 ], [ -75.77113, -12.24285 ], [ -75.77892, -12.22739 ], [ -75.76026, -12.19433 ], [ -75.76618, -12.15495 ], [ -75.74912, -12.11889 ], [ -75.76566, -12.05963 ], [ -75.75112, -12.05486 ], [ -75.74146, -12.03696 ] ] ] } },
{ "type": "Feature", "properties": { "UBIGEO_INEI": "151033", "DEPARTAMEN": "LIMA", "PROVINCIA": "YAUYOS", "DISTRITO": "VITIS" }, "geometry": { "type": "Polygon", "coordinates": [ [ [ -75.92893, -12.07089 ], [ -75.8894, -12.09855 ], [ -75.86849, -12.1315 ], [ -75.85709, -12.13305 ], [ -75.8543, -12.14332 ], [ -75.84256, -12.14376 ], [ -75.83132, -12.15678 ], [ -75.82077, -12.18929 ], [ -75.82995, -12.20335 ], [ -75.77775, -12.21629 ], [ -75.786, -12.25245 ], [ -75.80983, -12.26198 ], [ -75.83381, -12.24259 ], [ -75.8297, -12.23167 ], [ -75.87903, -12.18014 ], [ -75.88103, -12.16093 ], [ -75.89723, -12.13861 ], [ -75.92816, -12.11898 ], [ -75.94131, -12.10056 ], [ -75.9393, -12.07516 ], [ -75.92893, -12.07089 ] ] ] } },
{ "type": "Feature", "properties": { "UBIGEO_INEI": "150102", "DEPARTAMEN": "LIMA", "PROVINCIA": "LIMA", "DISTRITO": "ANCON" }, "geometry": { "type": "Polygon", "coordinates": [ [ [ -77.06652, -11.57251 ], [ -77.04581, -11.57873 ], [ -77.00476, -11.61427 ], [ -77.03519, -11.65182 ], [ -77.02441, -11.69174 ], [ -77.04433, -11.71471 ], [ -77.03245, -11.74079 ], [ -77.05307, -11.76511 ], [ -77.05701, -11.78582 ], [ -77.11348, -11.82034 ], [ -77.14404, -11.82096 ], [ -77.13915, -11.80011 ], [ -77.15827, -11.7811 ], [ -77.1864, -11.78919 ], [ -77.19825, -11.78324 ], [ -77.19821, -11.7681 ], [ -77.17496, -11.77192 ], [ -77.16921, -11.74607 ], [ -77.19591, -11.69794 ], [ -77.18211, -11.68591 ], [ -77.15453, -11.7017 ], [ -77.15828, -11.68174 ], [ -77.15216, -11.67063 ], [ -77.12207, -11.65736 ], [ -77.13696, -11.63753 ], [ -77.1347, -11.62664 ], [ -77.10739, -11.62684 ], [ -77.08527, -11.60424 ], [ -77.0777, -11.57702 ], [ -77.06652, -11.57251 ] ] ] } },
{ "type": "Feature", "properties": { "UBIGEO_INEI": "150103", "DEPARTAMEN": "LIMA", "PROVINCIA": "LIMA", "DISTRITO": "ATE" }, "geometry": { "type": "Polygon", "coordinates": [ [ [ -76.83735, -11.9923 ], [ -76.78927, -12.00396 ], [ -76.78286, -12.02325 ], [ -76.82466, -12.04751 ], [ -76.85191, -12.03768 ], [ -76.88913, -12.05936 ], [ -76.92126, -12.06616 ], [ -76.93942, -12.06493 ], [ -76.94451, -12.0568 ], [ -76.97153, -12.06687 ], [ -76.98212, -12.085 ], [ -76.991, -12.07504 ], [ -76.98722, -12.06407 ], [ -76.9981, -12.06367 ], [ -76.9935, -12.05664 ], [ -76.98183, -12.063 ], [ -76.93783, -12.04376 ], [ -76.94284, -12.02824 ], [ -76.95534, -12.02936 ], [ -76.95242, -12.02479 ], [ -76.84958, -12.00511 ], [ -76.83735, -11.9923 ] ] ] } },
{ "type": "Feature", "properties": { "UBIGEO_INEI": "150107", "DEPARTAMEN": "LIMA", "PROVINCIA": "LIMA", "DISTRITO": "CHACLACAYO" }, "geometry": { "type": "Polygon", "coordinates": [ [ [ -76.73089, -11.96185 ], [ -76.71479, -11.99236 ], [ -76.7419, -12.00293 ], [ -76.75498, -12.01727 ], [ -76.78286, -12.02325 ], [ -76.78927, -12.00396 ], [ -76.83735, -11.9923 ], [ -76.73089, -11.96185 ] ] ] } },
{ "type": "Feature", "properties": { "UBIGEO_INEI": "150108", "DEPARTAMEN": "LIMA", "PROVINCIA": "LIMA", "DISTRITO": "CHORRILLOS" }, "geometry": { "type": "Polygon", "coordinates": [ [ [ -77.01927, -12.15387 ], [ -77.00745, -12.16033 ], [ -77.01431, -12.16641 ], [ -77.00425, -12.17364 ], [ -76.99942, -12.16659 ], [ -76.98105, -12.17182 ], [ -76.98357, -12.18832 ], [ -76.97288, -12.19527 ], [ -76.9759, -12.23075 ], [ -77.03788, -12.20559 ], [ -77.0384, -12.16842 ], [ -77.01927, -12.15387 ] ] ] } },
{ "type": "Feature", "properties": { "UBIGEO_INEI": "150125", "DEPARTAMEN": "LIMA", "PROVINCIA": "LIMA", "DISTRITO": "PUENTE PIEDRA" }, "geometry": { "type": "Polygon", "coordinates": [ [ [ -77.09307, -11.80686 ], [ -77.0853, -11.8409 ], [ -77.05884, -11.85765 ], [ -77.05406, -11.88984 ], [ -77.09524, -11.94966 ], [ -77.10402, -11.93571 ], [ -77.08947, -11.90009 ], [ -77.09243, -11.88308 ], [ -77.10717, -11.86653 ], [ -77.12635, -11.81973 ], [ -77.11348, -11.82034 ], [ -77.09307, -11.80686 ] ] ] } },
{ "type": "Feature", "properties": { "UBIGEO_INEI": "150133", "DEPARTAMEN": "LIMA", "PROVINCIA": "LIMA", "DISTRITO": "SAN JUAN DE MIRAFLORES" }, "geometry": { "type": "Polygon", "coordinates": [ [ [ -76.95464, -12.11562 ], [ -76.94079, -12.12216 ], [ -76.96188, -12.15483 ], [ -76.95232, -12.1854 ], [ -76.97705, -12.19452 ], [ -76.98624, -12.16767 ], [ -76.98076, -12.13874 ], [ -76.97446, -12.14213 ], [ -76.95464, -12.11562 ] ] ] } },
{ "type": "Feature", "properties": { "UBIGEO_INEI": "150140", "DEPARTAMEN": "LIMA", "PROVINCIA": "LIMA", "DISTRITO": "SANTIAGO DE SURCO" }, "geometry": { "type": "Polygon", "coordinates": [ [ [ -76.98203, -12.08482 ], [ -76.95765, -12.07637 ], [ -76.96121, -12.09084 ], [ -76.94724, -12.11696 ], [ -76.95747, -12.11699 ], [ -76.97623, -12.14353 ], [ -76.98076, -12.13874 ], [ -76.98803, -12.17254 ], [ -76.99942, -12.16659 ], [ -77.00425, -12.17364 ], [ -77.01431, -12.16641 ], [ -77.00745, -12.16033 ], [ -77.01838, -12.15261 ], [ -77.01244, -12.14041 ], [ -77.01802, -12.13042 ], [ -77.00159, -12.12886 ], [ -76.99359, -12.11128 ], [ -76.97825, -12.11021 ], [ -76.98203, -12.08482 ] ] ] } },
{ "type": "Feature", "properties": { "UBIGEO_INEI": "150142", "DEPARTAMEN": "LIMA", "PROVINCIA": "LIMA", "DISTRITO": "VILLA EL SALVADOR" }, "geometry": { "type": "Polygon", "coordinates": [ [ [ -76.94219, -12.18258 ], [ -76.9191, -12.22518 ], [ -76.90973, -12.22969 ], [ -76.91714, -12.25013 ], [ -76.92722, -12.24718 ], [ -76.92752, -12.25269 ], [ -76.9759, -12.23075 ], [ -76.97263, -12.19207 ], [ -76.94219, -12.18258 ] ] ] } },
{ "type": "Feature", "properties": { "UBIGEO_INEI": "150143", "DEPARTAMEN": "LIMA", "PROVINCIA": "LIMA", "DISTRITO": "VILLA MARIA DEL TRIUNFO" }, "geometry": { "type": "Polygon", "coordinates": [ [ [ -76.94079, -12.12216 ], [ -76.91078, -12.12233 ], [ -76.88108, -12.16584 ], [ -76.89203, -12.19933 ], [ -76.88936, -12.2145 ], [ -76.90801, -12.23448 ], [ -76.94219, -12.18258 ], [ -76.95311, -12.18482 ], [ -76.96188, -12.15483 ], [ -76.94079, -12.12216 ] ] ] } },
{ "type": "Feature", "properties": { "UBIGEO_INEI": "150135", "DEPARTAMEN": "LIMA", "PROVINCIA": "LIMA", "DISTRITO": "SAN MARTIN DE PORRES" }, "geometry": { "type": "Polygon", "coordinates": [ [ [ -77.08403, -11.93689 ], [ -77.08795, -11.97369 ], [ -77.07843, -11.98322 ], [ -77.0819, -12.00841 ], [ -77.0538, -12.00741 ], [ -77.04347, -12.03885 ], [ -77.09348, -12.03843 ], [ -77.08764, -12.01455 ], [ -77.10334, -11.99759 ], [ -77.11805, -11.99486 ], [ -77.10971, -11.97616 ], [ -77.1285, -11.93759 ], [ -77.0967, -11.94997 ], [ -77.08403, -11.93689 ] ] ] } },
{ "type": "Feature", "properties": { "UBIGEO_INEI": "150110", "DEPARTAMEN": "LIMA", "PROVINCIA": "LIMA", "DISTRITO": "COMAS" }, "geometry": { "type": "Polygon", "coordinates": [ [ [ -77.05095, -11.88781 ], [ -77.03075, -11.91015 ], [ -76.98795, -11.89715 ], [ -76.98839, -11.91631 ], [ -77.01716, -11.93728 ], [ -77.02828, -11.96068 ], [ -77.05935, -11.97703 ], [ -77.07365, -11.91771 ], [ -77.05095, -11.88781 ] ] ] } },
{ "type": "Feature", "properties": { "UBIGEO_INEI": "150137", "DEPARTAMEN": "LIMA", "PROVINCIA": "LIMA", "DISTRITO": "SANTA ANITA" }, "geometry": { "type": "Polygon", "coordinates": [ [ [ -76.94393, -12.02762 ], [ -76.93783, -12.04376 ], [ -76.97333, -12.05844 ], [ -76.99074, -12.0522 ], [ -76.98815, -12.03955 ], [ -76.94393, -12.02762 ] ] ] } },
{ "type": "Feature", "properties": { "UBIGEO_INEI": "150111", "DEPARTAMEN": "LIMA", "PROVINCIA": "LIMA", "DISTRITO": "EL AGUSTINO" }, "geometry": { "type": "Polygon", "coordinates": [ [ [ -77.00985, -12.03064 ], [ -76.93495, -12.02235 ], [ -76.98815, -12.03955 ], [ -76.99074, -12.0522 ], [ -76.97333, -12.05844 ], [ -77.00604, -12.06067 ], [ -77.01232, -12.05364 ], [ -77.01095, -12.04374 ], [ -77.00296, -12.04684 ], [ -77.00985, -12.03064 ] ] ] } },
{ "type": "Feature", "properties": { "UBIGEO_INEI": "150114", "DEPARTAMEN": "LIMA", "PROVINCIA": "LIMA", "DISTRITO": "LA MOLINA" }, "geometry": { "type": "Polygon", "coordinates": [ [ [ -76.94449, -12.05684 ], [ -76.93942, -12.06493 ], [ -76.92126, -12.06616 ], [ -76.88913, -12.05936 ], [ -76.88368, -12.08955 ], [ -76.8921, -12.09353 ], [ -76.89788, -12.11402 ], [ -76.91078, -12.12233 ], [ -76.9476, -12.11797 ], [ -76.96121, -12.09084 ], [ -76.95771, -12.07629 ], [ -76.96998, -12.08372 ], [ -76.97609, -12.07829 ], [ -76.97153, -12.06687 ], [ -76.94449, -12.05684 ] ] ] } },
{ "type": "Feature", "properties": { "UBIGEO_INEI": "150117", "DEPARTAMEN": "LIMA", "PROVINCIA": "LIMA", "DISTRITO": "LOS OLIVOS" }, "geometry": { "type": "Polygon", "coordinates": [ [ [ -77.07364, -11.91778 ], [ -77.0602, -11.97662 ], [ -77.06603, -11.97748 ], [ -77.06131, -12.00848 ], [ -77.07983, -12.01268 ], [ -77.08469, -11.99639 ], [ -77.07843, -11.98322 ], [ -77.08795, -11.97369 ], [ -77.08403, -11.93677 ], [ -77.07364, -11.91778 ] ] ] } },
{ "type": "Feature", "properties": { "UBIGEO_INEI": "150118", "DEPARTAMEN": "LIMA", "PROVINCIA": "LIMA", "DISTRITO": "LURIGANCHO" }, "geometry": { "type": "Polygon", "coordinates": [ [ [ -76.72668, -11.87454 ], [ -76.7178, -11.88759 ], [ -76.69414, -11.89656 ], [ -76.64727, -11.95226 ], [ -76.64833, -11.96737 ], [ -76.66141, -11.97906 ], [ -76.71479, -11.99236 ], [ -76.73217, -11.96159 ], [ -76.82741, -11.98793 ], [ -76.84958, -12.00511 ], [ -76.92115, -12.02254 ], [ -76.9524, -12.02142 ], [ -76.96741, -12.00428 ], [ -76.95017, -11.95375 ], [ -76.93137, -11.94217 ], [ -76.91828, -11.96004 ], [ -76.87838, -11.95094 ], [ -76.85032, -11.93516 ], [ -76.82931, -11.94499 ], [ -76.82018, -11.92896 ], [ -76.79168, -11.92761 ], [ -76.73887, -11.89332 ], [ -76.72668, -11.87454 ] ] ] } },
{ "type": "Feature", "properties": { "UBIGEO_INEI": "150113", "DEPARTAMEN": "LIMA", "PROVINCIA": "LIMA", "DISTRITO": "JESUS MARIA" }, "geometry": { "type": "Polygon", "coordinates": [ [ [ -77.03762, -12.06447 ], [ -77.03632, -12.07985 ], [ -77.05326, -12.09304 ], [ -77.06315, -12.08648 ], [ -77.03762, -12.06447 ] ] ] } },
{ "type": "Feature", "properties": { "UBIGEO_INEI": "150105", "DEPARTAMEN": "LIMA", "PROVINCIA": "LIMA", "DISTRITO": "BREÑA" }, "geometry": { "type": "Polygon", "coordinates": [ [ [ -77.05335, -12.04917 ], [ -77.04237, -12.05087 ], [ -77.04974, -12.07019 ], [ -77.06122, -12.06753 ], [ -77.05335, -12.04917 ] ] ] } },
{ "type": "Feature", "properties": { "UBIGEO_INEI": "150101", "DEPARTAMEN": "LIMA", "PROVINCIA": "LIMA", "DISTRITO": "LIMA" }, "geometry": { "type": "Polygon", "coordinates": [ [ [ -77.00972, -12.03083 ], [ -77.00296, -12.04684 ], [ -77.01095, -12.04374 ], [ -77.01232, -12.05364 ], [ -77.00182, -12.06185 ], [ -77.03538, -12.0598 ], [ -77.02807, -12.07871 ], [ -77.03632, -12.07985 ], [ -77.03757, -12.06421 ], [ -77.04567, -12.06525 ], [ -77.04237, -12.05087 ], [ -77.05376, -12.0491 ], [ -77.06122, -12.06753 ], [ -77.08818, -12.0608 ], [ -77.08766, -12.05173 ], [ -77.07773, -12.04889 ], [ -77.08303, -12.03632 ], [ -77.02016, -12.04415 ], [ -77.00972, -12.03083 ] ] ] } },
{ "type": "Feature", "properties": { "UBIGEO_INEI": "150116", "DEPARTAMEN": "LIMA", "PROVINCIA": "LIMA", "DISTRITO": "LINCE" }, "geometry": { "type": "Polygon", "coordinates": [ [ [ -77.02807, -12.07871 ], [ -77.02284, -12.09081 ], [ -77.04769, -12.09152 ], [ -77.04628, -12.08304 ], [ -77.02807, -12.07871 ] ] ] } },
{ "type": "Feature", "properties": { "UBIGEO_INEI": "150122", "DEPARTAMEN": "LIMA", "PROVINCIA": "LIMA", "DISTRITO": "MIRAFLORES" }, "geometry": { "type": "Polygon", "coordinates": [ [ [ -77.02739, -12.10328 ], [ -77.02592, -12.11916 ], [ -77.0101, -12.11564 ], [ -77.00141, -12.12845 ], [ -77.01953, -12.13053 ], [ -77.02953, -12.14016 ], [ -77.05648, -12.11133 ], [ -77.02739, -12.10328 ] ] ] } },
{ "type": "Feature", "properties": { "UBIGEO_INEI": "150120", "DEPARTAMEN": "LIMA", "PROVINCIA": "LIMA", "DISTRITO": "MAGDALENA DEL MAR" }, "geometry": { "type": "Polygon", "coordinates": [ [ [ -77.07179, -12.08369 ], [ -77.05502, -12.09186 ], [ -77.06092, -12.1082 ], [ -77.07825, -12.09672 ], [ -77.07179, -12.08369 ] ] ] } },
{ "type": "Feature", "properties": { "UBIGEO_INEI": "150121", "DEPARTAMEN": "LIMA", "PROVINCIA": "LIMA", "DISTRITO": "PUEBLO LIBRE" }, "geometry": { "type": "Polygon", "coordinates": [ [ [ -77.0778, -12.06847 ], [ -77.04974, -12.07019 ], [ -77.06333, -12.08671 ], [ -77.0814, -12.07825 ], [ -77.0778, -12.06847 ] ] ] } },
{ "type": "Feature", "properties": { "UBIGEO_INEI": "150130", "DEPARTAMEN": "LIMA", "PROVINCIA": "LIMA", "DISTRITO": "SAN BORJA" }, "geometry": { "type": "Polygon", "coordinates": [ [ [ -76.9872, -12.08007 ], [ -76.97825, -12.11021 ], [ -77.00959, -12.11237 ], [ -77.01005, -12.08491 ], [ -76.9872, -12.08007 ] ] ] } },
{ "type": "Feature", "properties": { "UBIGEO_INEI": "150134", "DEPARTAMEN": "LIMA", "PROVINCIA": "LIMA", "DISTRITO": "SAN LUIS" }, "geometry": { "type": "Polygon", "coordinates": [ [ [ -76.99876, -12.06051 ], [ -76.98722, -12.06407 ], [ -76.9873, -12.07993 ], [ -77.00414, -12.08408 ], [ -77.01036, -12.07818 ], [ -76.9963, -12.06831 ], [ -76.99876, -12.06051 ] ] ] } },
{ "type": "Feature", "properties": { "UBIGEO_INEI": "150136", "DEPARTAMEN": "LIMA", "PROVINCIA": "LIMA", "DISTRITO": "SAN MIGUEL" }, "geometry": { "type": "Polygon", "coordinates": [ [ [ -77.0791, -12.06032 ], [ -77.0814, -12.07825 ], [ -77.07145, -12.08155 ], [ -77.07825, -12.09672 ], [ -77.11149, -12.07951 ], [ -77.10466, -12.06326 ], [ -77.0791, -12.06032 ] ] ] } },
{ "type": "Feature", "properties": { "UBIGEO_INEI": "150141", "DEPARTAMEN": "LIMA", "PROVINCIA": "LIMA", "DISTRITO": "SURQUILLO" }, "geometry": { "type": "Polygon", "coordinates": [ [ [ -77.02736, -12.10285 ], [ -77.01648, -12.10229 ], [ -77.00959, -12.11237 ], [ -76.99359, -12.11128 ], [ -77.00283, -12.12643 ], [ -77.0101, -12.11564 ], [ -77.02592, -12.11916 ], [ -77.02736, -12.10285 ] ] ] } },
{ "type": "Feature", "properties": { "UBIGEO_INEI": "150128", "DEPARTAMEN": "LIMA", "PROVINCIA": "LIMA", "DISTRITO": "RIMAC" }, "geometry": { "type": "Polygon", "coordinates": [ [ [ -77.03077, -11.99708 ], [ -77.01286, -12.03728 ], [ -77.0162, -12.04342 ], [ -77.04347, -12.03885 ], [ -77.0506, -12.02246 ], [ -77.05301, -12.011 ], [ -77.0458, -12.01759 ], [ -77.03077, -11.99708 ] ] ] } },
{ "type": "Feature", "properties": { "UBIGEO_INEI": "150112", "DEPARTAMEN": "LIMA", "PROVINCIA": "LIMA", "DISTRITO": "INDEPENDENCIA" }, "geometry": { "type": "Polygon", "coordinates": [ [ [ -77.02828, -11.96068 ], [ -77.03065, -11.99639 ], [ -77.04766, -12.0178 ], [ -77.0538, -12.00741 ], [ -77.06131, -12.00848 ], [ -77.06603, -11.97748 ], [ -77.02828, -11.96068 ] ] ] } },
{ "type": "Feature", "properties": { "UBIGEO_INEI": "150132", "DEPARTAMEN": "LIMA", "PROVINCIA": "LIMA", "DISTRITO": "SAN JUAN DE LURIGANCHO" }, "geometry": { "type": "Polygon", "coordinates": [ [ [ -76.94228, -11.86087 ], [ -76.93066, -11.87061 ], [ -76.89493, -11.86575 ], [ -76.89741, -11.88066 ], [ -76.91211, -11.88927 ], [ -76.918, -11.90645 ], [ -76.91502, -11.92712 ], [ -76.95017, -11.95375 ], [ -76.9694, -11.99493 ], [ -76.9524, -12.02142 ], [ -77.01688, -12.03613 ], [ -77.03093, -11.9968 ], [ -77.02828, -11.96068 ], [ -77.01716, -11.93728 ], [ -76.98839, -11.91631 ], [ -76.98795, -11.89715 ], [ -76.94228, -11.86087 ] ] ] } },
{ "type": "Feature", "properties": { "UBIGEO_INEI": "150139", "DEPARTAMEN": "LIMA", "PROVINCIA": "LIMA", "DISTRITO": "SANTA ROSA" }, "geometry": { "type": "Polygon", "coordinates": [ [ [ -77.1578, -11.78167 ], [ -77.13915, -11.80011 ], [ -77.14711, -11.81928 ], [ -77.18805, -11.82857 ], [ -77.17663, -11.81538 ], [ -77.1864, -11.78919 ], [ -77.1578, -11.78167 ] ] ] } },
{ "type": "Feature", "properties": { "UBIGEO_INEI": "150131", "DEPARTAMEN": "LIMA", "PROVINCIA": "LIMA", "DISTRITO": "SAN ISIDRO" }, "geometry": { "type": "Polygon", "coordinates": [ [ [ -77.04866, -12.08511 ], [ -77.04651, -12.09167 ], [ -77.00759, -12.08868 ], [ -77.01051, -12.10729 ], [ -77.01877, -12.10192 ], [ -77.05895, -12.11003 ], [ -77.0574, -12.09255 ], [ -77.04866, -12.08511 ] ] ] } },
{ "type": "Feature", "properties": { "UBIGEO_INEI": "150115", "DEPARTAMEN": "LIMA", "PROVINCIA": "LIMA", "DISTRITO": "LA VICTORIA" }, "geometry": { "type": "Polygon", "coordinates": [ [ [ -77.01729, -12.05793 ], [ -76.9963, -12.06831 ], [ -77.00965, -12.07629 ], [ -77.00414, -12.08408 ], [ -77.00985, -12.08898 ], [ -77.02284, -12.09081 ], [ -77.03538, -12.0598 ], [ -77.01729, -12.05793 ] ] ] } },
{ "type": "Feature", "properties": { "UBIGEO_INEI": "150104", "DEPARTAMEN": "LIMA", "PROVINCIA": "LIMA", "DISTRITO": "BARRANCO" }, "geometry": { "type": "Polygon", "coordinates": [ [ [ -77.01948, -12.13061 ], [ -77.01244, -12.14041 ], [ -77.01562, -12.15473 ], [ -77.02631, -12.15731 ], [ -77.02922, -12.14003 ], [ -77.01948, -12.13061 ] ] ] } },
{ "type": "Feature", "properties": { "UBIGEO_INEI": "120805", "DEPARTAMEN": "JUNIN", "PROVINCIA": "YAULI", "DISTRITO": "MOROCOCHA" }, "geometry": { "type": "Polygon", "coordinates": [ [ [ -76.08259, -11.38889 ], [ -76.0839, -11.42491 ], [ -76.09509, -11.44802 ], [ -76.06648, -11.47168 ], [ -76.0675, -11.53749 ], [ -76.0439, -11.56456 ], [ -76.03266, -11.56571 ], [ -76.03515, -11.59316 ], [ -76.04839, -11.60943 ], [ -76.06358, -11.6092 ], [ -76.07221, -11.59761 ], [ -76.10352, -11.62677 ], [ -76.11696, -11.6216 ], [ -76.12469, -11.63097 ], [ -76.1414, -11.63233 ], [ -76.18069, -11.61443 ], [ -76.18942, -11.5904 ], [ -76.21729, -11.57148 ], [ -76.22734, -11.55389 ], [ -76.19485, -11.51399 ], [ -76.16804, -11.50431 ], [ -76.15329, -11.48223 ], [ -76.1165, -11.45374 ], [ -76.08259, -11.38889 ] ] ] } },
{ "type": "Feature", "properties": { "UBIGEO_INEI": "080913", "DEPARTAMEN": "CUSCO", "PROVINCIA": "LA CONVENCION", "DISTRITO": "VILLA KINTIARINA" }, "geometry": { "type": "Polygon", "coordinates": [ [ [ -73.51148, -12.81937 ], [ -73.48913, -12.83804 ], [ -73.4367, -12.84716 ], [ -73.43278, -12.85455 ], [ -73.44311, -12.8673 ], [ -73.4299, -12.88449 ], [ -73.43057, -12.91143 ], [ -73.41466, -12.92907 ], [ -73.41405, -12.95348 ], [ -73.38056, -12.95187 ], [ -73.37128, -12.957 ], [ -73.37438, -12.96192 ], [ -73.41393, -12.97862 ], [ -73.41482, -12.98794 ], [ -73.42613, -12.99243 ], [ -73.49442, -12.97604 ], [ -73.50899, -12.9833 ], [ -73.51464, -13.00082 ], [ -73.52181, -12.99825 ], [ -73.52988, -12.98458 ], [ -73.50804, -12.9719 ], [ -73.51024, -12.95154 ], [ -73.49593, -12.93346 ], [ -73.52535, -12.93682 ], [ -73.53354, -12.92258 ], [ -73.52368, -12.89948 ], [ -73.57705, -12.86109 ], [ -73.57546, -12.85357 ], [ -73.53882, -12.84367 ], [ -73.51148, -12.81937 ] ] ] } },
{ "type": "Feature", "properties": { "UBIGEO_INEI": "080902", "DEPARTAMEN": "CUSCO", "PROVINCIA": "LA CONVENCION", "DISTRITO": "ECHARATE" }, "geometry": { "type": "Polygon", "coordinates": [ [ [ -73.48523, -11.53484 ], [ -73.44218, -11.56541 ], [ -73.42913, -11.62107 ], [ -73.38097, -11.66564 ], [ -73.39457, -11.72409 ], [ -73.35814, -11.74828 ], [ -73.35605, -11.78538 ], [ -73.34485, -11.80819 ], [ -73.35462, -11.84613 ], [ -73.31974, -11.87663 ], [ -73.32886, -11.89874 ], [ -73.3221, -11.92029 ], [ -73.33639, -11.94183 ], [ -73.33389, -11.95739 ], [ -73.30553, -11.956 ], [ -73.30076, -11.96494 ], [ -73.28785, -11.96622 ], [ -73.2894, -12.00921 ], [ -73.27648, -12.01407 ], [ -73.27668, -12.02683 ], [ -73.26605, -12.03634 ], [ -73.27383, -12.0554 ], [ -73.25935, -12.05878 ], [ -73.2506, -12.07545 ], [ -73.24992, -12.10655 ], [ -73.20985, -12.13834 ], [ -73.21827, -12.16949 ], [ -73.20562, -12.21092 ], [ -73.1459, -12.2123 ], [ -73.09114, -12.20379 ], [ -73.0816, -12.15458 ], [ -73.05752, -12.14609 ], [ -73.05192, -12.15495 ], [ -73.0372, -12.14857 ], [ -73.04827, -12.17458 ], [ -73.03118, -12.18477 ], [ -73.01213, -12.23915 ], [ -72.98826, -12.22882 ], [ -72.95758, -12.25095 ], [ -72.91616, -12.22267 ], [ -72.89761, -12.22462 ], [ -72.88705, -12.2347 ], [ -72.86861, -12.22276 ], [ -72.8456, -12.22602 ], [ -72.83719, -12.23716 ], [ -72.81703, -12.23102 ], [ -72.78148, -12.24173 ], [ -72.6955, -12.2329 ], [ -72.66029, -12.21515 ], [ -72.64749, -12.21946 ], [ -72.62808, -12.20184 ], [ -72.60035, -12.2123 ], [ -72.54605, -12.21398 ], [ -72.53409, -12.18587 ], [ -72.47601, -12.19871 ], [ -72.44742, -12.18231 ], [ -72.44428, -12.16432 ], [ -72.40439, -12.15663 ], [ -72.39828, -12.14093 ], [ -72.34589, -12.10567 ], [ -72.31523, -12.09373 ], [ -72.29057, -12.09882 ], [ -72.28013, -12.05614 ], [ -72.17373, -12.05981 ], [ -72.09392, -12.08586 ], [ -72.08756, -12.14269 ], [ -72.10044, -12.16942 ], [ -72.0922, -12.19442 ], [ -72.10561, -12.23879 ], [ -72.0753, -12.24326 ], [ -72.05644, -12.25728 ], [ -72.04336, -12.25488 ], [ -72.02432, -12.29076 ], [ -71.97743, -12.31875 ], [ -71.9516, -12.32341 ], [ -71.94597, -12.33329 ], [ -71.96189, -12.33817 ], [ -71.97057, -12.35897 ], [ -71.96472, -12.38223 ], [ -71.97665, -12.39945 ], [ -72.0055, -12.40209 ], [ -72.01748, -12.41518 ], [ -72.04753, -12.42301 ], [ -72.04989, -12.43444 ], [ -72.06149, -12.44045 ], [ -72.07363, -12.49374 ], [ -72.10224, -12.49792 ], [ -72.11417, -12.48604 ], [ -72.1144, -12.47417 ], [ -72.12432, -12.47578 ], [ -72.14094, -12.45848 ], [ -72.1784, -12.44408 ], [ -72.2067, -12.41962 ], [ -72.22574, -12.43096 ], [ -72.2427, -12.41916 ], [ -72.26273, -12.41821 ], [ -72.2824, -12.39699 ], [ -72.29286, -12.40315 ], [ -72.31517, -12.39306 ], [ -72.33834, -12.39537 ], [ -72.35891, -12.37894 ], [ -72.40335, -12.38175 ], [ -72.4286, -12.37534 ], [ -72.43977, -12.36288 ], [ -72.48637, -12.35192 ], [ -72.51125, -12.34973 ], [ -72.53393, -12.3605 ], [ -72.56631, -12.35697 ], [ -72.60083, -12.34437 ], [ -72.61583, -12.32632 ], [ -72.63708, -12.32632 ], [ -72.65486, -12.341 ], [ -72.69279, -12.32754 ], [ -72.75962, -12.33597 ], [ -72.76992, -12.385 ], [ -72.7616, -12.40314 ], [ -72.76577, -12.41508 ], [ -72.75739, -12.43505 ], [ -72.71114, -12.46358 ], [ -72.70418, -12.47779 ], [ -72.70706, -12.52047 ], [ -72.68227, -12.55448 ], [ -72.68297, -12.58551 ], [ -72.69413, -12.58539 ], [ -72.70258, -12.57498 ], [ -72.71615, -12.5814 ], [ -72.7232, -12.57617 ], [ -72.73251, -12.58032 ], [ -72.73346, -12.59382 ], [ -72.70317, -12.60035 ], [ -72.69466, -12.62195 ], [ -72.67673, -12.61823 ], [ -72.65725, -12.62473 ], [ -72.63524, -12.65393 ], [ -72.58988, -12.64801 ], [ -72.57843, -12.65573 ], [ -72.52382, -12.62855 ], [ -72.47371, -12.68031 ], [ -72.44398, -12.68984 ], [ -72.43108, -12.7169 ], [ -72.45341, -12.76083 ], [ -72.4579, -12.79413 ], [ -72.50549, -12.81741 ], [ -72.49568, -12.83139 ], [ -72.51029, -12.8687 ], [ -72.55071, -12.91407 ], [ -72.56539, -12.91887 ], [ -72.58926, -12.89167 ], [ -72.62434, -12.89859 ], [ -72.62481, -12.87317 ], [ -72.63681, -12.85723 ], [ -72.62475, -12.79479 ], [ -72.65151, -12.778 ], [ -72.65307, -12.74161 ], [ -72.66476, -12.73312 ], [ -72.69076, -12.7633 ], [ -72.70792, -12.77003 ], [ -72.73523, -12.81027 ], [ -72.76334, -12.80463 ], [ -72.7818, -12.81462 ], [ -72.79479, -12.81191 ], [ -72.82118, -12.82809 ], [ -72.82744, -12.84361 ], [ -72.81756, -12.86238 ], [ -72.83968, -12.87397 ], [ -72.84634, -12.90121 ], [ -72.86422, -12.9248 ], [ -72.85479, -12.93721 ], [ -72.86139, -12.97687 ], [ -72.89559, -12.99021 ], [ -72.904, -12.98341 ], [ -72.93013, -13.00203 ], [ -72.94744, -13.00164 ], [ -72.96751, -13.01505 ], [ -72.98905, -13.0145 ], [ -73.00037, -12.99049 ], [ -72.97935, -12.96455 ], [ -72.97501, -12.9469 ], [ -72.98418, -12.93267 ], [ -72.97182, -12.92381 ], [ -72.96657, -12.89616 ], [ -72.99197, -12.88236 ], [ -72.99471, -12.86279 ], [ -73.05955, -12.82295 ], [ -73.07007, -12.72909 ], [ -73.06295, -12.67085 ], [ -73.08186, -12.65889 ], [ -73.09945, -12.6748 ], [ -73.11411, -12.66717 ], [ -73.10197, -12.65466 ], [ -73.1108, -12.62758 ], [ -73.08974, -12.57373 ], [ -73.11096, -12.54926 ], [ -73.13057, -12.54117 ], [ -73.11743, -12.51191 ], [ -73.13192, -12.48121 ], [ -73.16191, -12.46529 ], [ -73.21589, -12.46328 ], [ -73.23947, -12.43844 ], [ -73.2438, -12.42827 ], [ -73.23204, -12.42142 ], [ -73.21416, -12.38137 ], [ -73.24494, -12.32846 ], [ -73.24608, -12.31086 ], [ -73.26888, -12.29216 ], [ -73.33776, -12.28462 ], [ -73.40903, -12.23338 ], [ -73.47007, -12.23704 ], [ -73.46965, -12.21997 ], [ -73.44141, -12.15405 ], [ -73.36483, -12.1376 ], [ -73.35527, -12.11221 ], [ -73.40102, -12.09083 ], [ -73.39123, -12.07571 ], [ -73.40845, -12.06421 ], [ -73.39788, -12.02094 ], [ -73.40531, -12.00549 ], [ -73.42145, -12.01544 ], [ -73.43551, -11.99672 ], [ -73.4301, -11.9821 ], [ -73.44519, -11.96104 ], [ -73.44157, -11.94125 ], [ -73.46266, -11.92981 ], [ -73.49053, -11.87817 ], [ -73.51113, -11.86241 ], [ -73.55526, -11.85236 ], [ -73.57751, -11.83648 ], [ -73.58133, -11.78906 ], [ -73.57991, -11.76939 ], [ -73.57052, -11.76289 ], [ -73.57194, -11.74263 ], [ -73.61261, -11.67634 ], [ -73.58203, -11.61558 ], [ -73.55626, -11.58976 ], [ -73.50122, -11.56225 ], [ -73.48523, -11.53484 ] ] ] } },
{ "type": "Feature", "properties": { "UBIGEO_INEI": "080915", "DEPARTAMEN": "CUSCO", "PROVINCIA": "LA CONVENCION", "DISTRITO": "KUMPIRUSHIATO" }, "geometry": { "type": "Polygon", "coordinates": [ [ [ -73.42451, -12.23039 ], [ -73.38273, -12.24897 ], [ -73.37211, -12.26501 ], [ -73.35209, -12.27028 ], [ -73.33776, -12.28462 ], [ -73.31811, -12.29067 ], [ -73.27944, -12.28636 ], [ -73.24608, -12.31086 ], [ -73.24494, -12.32846 ], [ -73.21416, -12.38137 ], [ -73.23204, -12.42142 ], [ -73.2438, -12.42827 ], [ -73.23947, -12.43844 ], [ -73.21589, -12.46328 ], [ -73.16191, -12.46529 ], [ -73.13321, -12.4795 ], [ -73.11743, -12.51191 ], [ -73.13057, -12.54117 ], [ -73.11096, -12.54926 ], [ -73.08995, -12.57158 ], [ -73.1108, -12.62758 ], [ -73.10173, -12.65293 ], [ -73.11421, -12.67529 ], [ -73.13773, -12.69893 ], [ -73.19433, -12.72452 ], [ -73.20252, -12.74529 ], [ -73.19353, -12.77247 ], [ -73.22936, -12.8085 ], [ -73.2251, -12.83531 ], [ -73.23986, -12.85625 ], [ -73.23415, -12.88086 ], [ -73.24498, -12.88327 ], [ -73.2562, -12.90402 ], [ -73.29478, -12.90773 ], [ -73.30649, -12.92447 ], [ -73.30952, -12.94859 ], [ -73.29482, -12.95673 ], [ -73.2888, -12.98058 ], [ -73.3098, -12.99529 ], [ -73.35543, -12.98898 ], [ -73.36619, -12.96141 ], [ -73.38056, -12.95187 ], [ -73.41405, -12.95348 ], [ -73.41466, -12.92907 ], [ -73.43057, -12.91143 ], [ -73.4299, -12.88449 ], [ -73.44341, -12.8659 ], [ -73.43311, -12.85242 ], [ -73.49869, -12.83045 ], [ -73.50676, -12.80646 ], [ -73.48172, -12.76818 ], [ -73.51588, -12.73941 ], [ -73.51918, -12.69932 ], [ -73.54486, -12.69371 ], [ -73.55844, -12.68168 ], [ -73.55878, -12.67447 ], [ -73.54332, -12.66583 ], [ -73.54387, -12.64955 ], [ -73.58448, -12.63252 ], [ -73.59815, -12.59615 ], [ -73.5862, -12.54347 ], [ -73.6087, -12.53498 ], [ -73.62229, -12.53886 ], [ -73.65149, -12.5137 ], [ -73.64648, -12.5007 ], [ -73.61294, -12.50637 ], [ -73.5909, -12.46985 ], [ -73.57919, -12.47373 ], [ -73.56267, -12.45768 ], [ -73.56107, -12.44024 ], [ -73.58211, -12.4245 ], [ -73.58104, -12.40164 ], [ -73.60376, -12.38699 ], [ -73.58617, -12.36658 ], [ -73.59205, -12.33423 ], [ -73.57433, -12.27684 ], [ -73.55895, -12.27489 ], [ -73.54812, -12.26093 ], [ -73.51992, -12.24942 ], [ -73.50039, -12.25289 ], [ -73.46769, -12.23592 ], [ -73.42451, -12.23039 ] ] ] } },
{ "type": "Feature", "properties": { "UBIGEO_INEI": "080916", "DEPARTAMEN": "CUSCO", "PROVINCIA": "LA CONVENCION", "DISTRITO": "CIELO PUNCO" }, "geometry": { "type": "Polygon", "coordinates": [ [ [ -73.5178, -12.73543 ], [ -73.49988, -12.75914 ], [ -73.48172, -12.76818 ], [ -73.50676, -12.80646 ], [ -73.49812, -12.82659 ], [ -73.51857, -12.81961 ], [ -73.53882, -12.84367 ], [ -73.57546, -12.85357 ], [ -73.57922, -12.86062 ], [ -73.59145, -12.84284 ], [ -73.59002, -12.82417 ], [ -73.60684, -12.80979 ], [ -73.60376, -12.7977 ], [ -73.57344, -12.76883 ], [ -73.55378, -12.76197 ], [ -73.53796, -12.74166 ], [ -73.5178, -12.73543 ] ] ] } },
{ "type": "Feature", "properties": { "UBIGEO_INEI": "080917", "DEPARTAMEN": "CUSCO", "PROVINCIA": "LA CONVENCION", "DISTRITO": "MANITEA" }, "geometry": { "type": "Polygon", "coordinates": [ [ [ -73.5436, -12.65004 ], [ -73.54332, -12.66583 ], [ -73.55907, -12.68021 ], [ -73.54486, -12.69371 ], [ -73.51918, -12.69932 ], [ -73.51308, -12.72967 ], [ -73.58813, -12.78051 ], [ -73.61314, -12.80955 ], [ -73.62717, -12.78652 ], [ -73.62486, -12.76646 ], [ -73.65989, -12.7344 ], [ -73.65591, -12.72417 ], [ -73.66587, -12.71043 ], [ -73.63032, -12.69954 ], [ -73.59556, -12.6637 ], [ -73.5436, -12.65004 ] ] ] } },
{ "type": "Feature", "properties": { "UBIGEO_INEI": "080918", "DEPARTAMEN": "CUSCO", "PROVINCIA": "LA CONVENCION", "DISTRITO": "UNION ASHANINKA" }, "geometry": { "type": "Polygon", "coordinates": [ [ [ -73.83422, -12.24295 ], [ -73.79565, -12.26203 ], [ -73.81139, -12.28539 ], [ -73.73554, -12.31861 ], [ -73.71351, -12.34257 ], [ -73.71214, -12.35151 ], [ -73.73333, -12.37784 ], [ -73.73893, -12.40887 ], [ -73.76103, -12.40453 ], [ -73.79998, -12.37895 ], [ -73.81483, -12.38677 ], [ -73.81293, -12.38064 ], [ -73.85543, -12.38153 ], [ -73.87237, -12.37228 ], [ -73.92104, -12.38252 ], [ -73.94777, -12.35066 ], [ -73.97007, -12.34781 ], [ -73.97223, -12.29433 ], [ -73.95251, -12.28118 ], [ -73.92493, -12.28319 ], [ -73.88334, -12.26225 ], [ -73.87182, -12.2454 ], [ -73.83422, -12.24295 ] ] ] } },
{ "type": "Feature", "properties": { "UBIGEO_INEI": "080910", "DEPARTAMEN": "CUSCO", "PROVINCIA": "LA CONVENCION", "DISTRITO": "PICHARI" }, "geometry": { "type": "Polygon", "coordinates": [ [ [ -73.76175, -12.25295 ], [ -73.7375, -12.26662 ], [ -73.70311, -12.27049 ], [ -73.68907, -12.29941 ], [ -73.65992, -12.32875 ], [ -73.65803, -12.3591 ], [ -73.64448, -12.37205 ], [ -73.66844, -12.3887 ], [ -73.67433, -12.41198 ], [ -73.71092, -12.44074 ], [ -73.72543, -12.46891 ], [ -73.70838, -12.51039 ], [ -73.73602, -12.51425 ], [ -73.75429, -12.54983 ], [ -73.79595, -12.55883 ], [ -73.80511, -12.57527 ], [ -73.82571, -12.53202 ], [ -73.84419, -12.53946 ], [ -73.85319, -12.53436 ], [ -73.85431, -12.48906 ], [ -73.88485, -12.40816 ], [ -73.92104, -12.38252 ], [ -73.87237, -12.37228 ], [ -73.85543, -12.38153 ], [ -73.81293, -12.38064 ], [ -73.81483, -12.38677 ], [ -73.79998, -12.37895 ], [ -73.76103, -12.40453 ], [ -73.73893, -12.40887 ], [ -73.73333, -12.37784 ], [ -73.71214, -12.35151 ], [ -73.71351, -12.34257 ], [ -73.73554, -12.31861 ], [ -73.81278, -12.28257 ], [ -73.79562, -12.26228 ], [ -73.76175, -12.25295 ] ] ] } },
{ "type": "Feature", "properties": { "UBIGEO_INEI": "010106", "DEPARTAMEN": "AMAZONAS", "PROVINCIA": "CHACHAPOYAS", "DISTRITO": "CHUQUIBAMBA" }, "geometry": { "type": "Polygon", "coordinates": [ [ [ -77.86211, -6.8688 ], [ -77.81769, -6.91131 ], [ -77.80189, -6.91153 ], [ -77.8005, -6.91975 ], [ -77.78106, -6.92663 ], [ -77.7793, -6.94145 ], [ -77.80193, -6.96614 ], [ -77.83343, -6.95678 ], [ -77.84326, -6.97698 ], [ -77.88034, -6.9625 ], [ -77.89867, -6.98012 ], [ -77.92865, -6.98676 ], [ -77.93982, -6.97614 ], [ -77.96186, -6.97664 ], [ -77.98358, -6.96309 ], [ -78.00116, -6.97016 ], [ -77.9994, -6.94097 ], [ -78.01364, -6.93168 ], [ -78.00062, -6.90978 ], [ -77.96891, -6.91244 ], [ -77.93918, -6.89653 ], [ -77.91536, -6.91396 ], [ -77.8775, -6.89209 ], [ -77.87606, -6.87222 ], [ -77.86211, -6.8688 ] ] ] } },
{ "type": "Feature", "properties": { "UBIGEO_INEI": "100101", "DEPARTAMEN": "HUANUCO", "PROVINCIA": "HUANUCO", "DISTRITO": "HUANUCO" }, "geometry": { "type": "Polygon", "coordinates": [ [ [ -76.40418, -9.79784 ], [ -76.3831, -9.8089 ], [ -76.36995, -9.82851 ], [ -76.33227, -9.84927 ], [ -76.33743, -9.86142 ], [ -76.3316, -9.87672 ], [ -76.28614, -9.88439 ], [ -76.17983, -9.85979 ], [ -76.18139, -9.87257 ], [ -76.2269, -9.8928 ], [ -76.23357, -9.93004 ], [ -76.26752, -9.95902 ], [ -76.28697, -9.96083 ], [ -76.29801, -9.95212 ], [ -76.32045, -9.95983 ], [ -76.31772, -9.94553 ], [ -76.33629, -9.92329 ], [ -76.34785, -9.92192 ], [ -76.33895, -9.89039 ], [ -76.34407, -9.87315 ], [ -76.36082, -9.86698 ], [ -76.39914, -9.8253 ], [ -76.40929, -9.81222 ], [ -76.40418, -9.79784 ] ] ] } },
{ "type": "Feature", "properties": { "UBIGEO_INEI": "100102", "DEPARTAMEN": "HUANUCO", "PROVINCIA": "HUANUCO", "DISTRITO": "AMARILIS" }, "geometry": { "type": "Polygon", "coordinates": [ [ [ -76.22185, -9.88809 ], [ -76.20028, -9.88501 ], [ -76.18752, -9.90041 ], [ -76.12454, -9.92539 ], [ -76.11536, -9.94011 ], [ -76.12674, -9.97958 ], [ -76.13432, -9.98568 ], [ -76.16425, -9.98132 ], [ -76.18895, -10.00659 ], [ -76.22914, -10.01745 ], [ -76.2443, -9.98114 ], [ -76.24083, -9.95635 ], [ -76.25145, -9.94295 ], [ -76.23357, -9.93004 ], [ -76.23443, -9.91098 ], [ -76.22185, -9.88809 ] ] ] } },
{ "type": "Feature", "properties": { "UBIGEO_INEI": "100110", "DEPARTAMEN": "HUANUCO", "PROVINCIA": "HUANUCO", "DISTRITO": "YARUMAYO" }, "geometry": { "type": "Polygon", "coordinates": [ [ [ -76.42517, -9.918 ], [ -76.39187, -9.92847 ], [ -76.37485, -9.94676 ], [ -76.3889, -9.95679 ], [ -76.4276, -9.96301 ], [ -76.44438, -9.99539 ], [ -76.46659, -10.00661 ], [ -76.48737, -9.99148 ], [ -76.47368, -9.95469 ], [ -76.48075, -9.9362 ], [ -76.46242, -9.92212 ], [ -76.44939, -9.92697 ], [ -76.42517, -9.918 ] ] ] } },
{ "type": "Feature", "properties": { "UBIGEO_INEI": "100111", "DEPARTAMEN": "HUANUCO", "PROVINCIA": "HUANUCO", "DISTRITO": "PILLCO MARCA" }, "geometry": { "type": "Polygon", "coordinates": [ [ [ -76.25275, -9.9424 ], [ -76.23967, -9.96059 ], [ -76.2443, -9.98114 ], [ -76.22647, -10.02215 ], [ -76.23365, -10.03044 ], [ -76.22879, -10.03676 ], [ -76.29274, -10.07535 ], [ -76.34757, -10.1259 ], [ -76.35473, -10.12195 ], [ -76.36938, -10.13084 ], [ -76.37359, -10.15058 ], [ -76.37444, -10.12404 ], [ -76.33387, -10.09674 ], [ -76.3324, -10.06471 ], [ -76.32506, -10.0732 ], [ -76.29556, -10.04659 ], [ -76.28426, -10.03352 ], [ -76.27647, -9.99739 ], [ -76.25259, -9.98978 ], [ -76.27124, -9.96029 ], [ -76.25275, -9.9424 ] ] ] } },
{ "type": "Feature", "properties": { "UBIGEO_INEI": "100104", "DEPARTAMEN": "HUANUCO", "PROVINCIA": "HUANUCO", "DISTRITO": "CHURUBAMBA" }, "geometry": { "type": "Polygon", "coordinates": [ [ [ -76.23889, -9.51242 ], [ -76.24489, -9.58298 ], [ -76.25771, -9.59796 ], [ -76.24933, -9.61797 ], [ -76.26159, -9.63032 ], [ -76.26234, -9.6474 ], [ -76.2103, -9.68434 ], [ -76.2124, -9.70572 ], [ -76.1994, -9.71377 ], [ -76.19442, -9.73049 ], [ -76.16477, -9.73212 ], [ -76.15148, -9.76272 ], [ -76.11245, -9.78079 ], [ -76.12716, -9.79767 ], [ -76.12789, -9.83728 ], [ -76.06163, -9.82127 ], [ -76.08681, -9.88132 ], [ -76.09955, -9.88885 ], [ -76.12324, -9.88862 ], [ -76.10923, -9.86478 ], [ -76.13333, -9.83739 ], [ -76.1465, -9.84025 ], [ -76.16049, -9.85595 ], [ -76.16695, -9.83569 ], [ -76.19182, -9.82091 ], [ -76.20947, -9.82185 ], [ -76.27684, -9.77245 ], [ -76.30655, -9.72195 ], [ -76.31697, -9.66857 ], [ -76.33729, -9.65319 ], [ -76.35541, -9.6549 ], [ -76.35667, -9.68622 ], [ -76.38249, -9.70648 ], [ -76.43155, -9.69196 ], [ -76.42659, -9.67222 ], [ -76.41251, -9.66662 ], [ -76.40944, -9.62855 ], [ -76.36502, -9.57784 ], [ -76.35737, -9.54304 ], [ -76.31403, -9.51662 ], [ -76.27215, -9.52549 ], [ -76.23889, -9.51242 ] ] ] } },
{ "type": "Feature", "properties": { "UBIGEO_INEI": "100106", "DEPARTAMEN": "HUANUCO", "PROVINCIA": "HUANUCO", "DISTRITO": "QUISQUI (KICHKI)" }, "geometry": { "type": "Polygon", "coordinates": [ [ [ -76.43104, -9.79106 ], [ -76.40418, -9.79784 ], [ -76.40929, -9.81222 ], [ -76.39914, -9.8253 ], [ -76.36082, -9.86698 ], [ -76.34367, -9.87407 ], [ -76.33895, -9.89039 ], [ -76.34681, -9.92417 ], [ -76.36039, -9.92432 ], [ -76.37485, -9.94676 ], [ -76.39661, -9.9261 ], [ -76.42571, -9.91778 ], [ -76.45612, -9.92642 ], [ -76.45806, -9.91207 ], [ -76.48537, -9.90359 ], [ -76.46507, -9.89225 ], [ -76.4867, -9.88147 ], [ -76.4997, -9.83545 ], [ -76.46982, -9.80787 ], [ -76.4517, -9.80671 ], [ -76.43104, -9.79106 ] ] ] } },
{ "type": "Feature", "properties": { "UBIGEO_INEI": "100107", "DEPARTAMEN": "HUANUCO", "PROVINCIA": "HUANUCO", "DISTRITO": "SAN FRANCISCO DE CAYRAN" }, "geometry": { "type": "Polygon", "coordinates": [ [ [ -76.33629, -9.92329 ], [ -76.31772, -9.94553 ], [ -76.32045, -9.95983 ], [ -76.29801, -9.95212 ], [ -76.28697, -9.96083 ], [ -76.27124, -9.96029 ], [ -76.25259, -9.98978 ], [ -76.27647, -9.99739 ], [ -76.2856, -10.03569 ], [ -76.32506, -10.0732 ], [ -76.3324, -10.06471 ], [ -76.35406, -10.06518 ], [ -76.36262, -10.04813 ], [ -76.38394, -10.03794 ], [ -76.38593, -10.02794 ], [ -76.3658, -10.00611 ], [ -76.39389, -9.98301 ], [ -76.38433, -9.96721 ], [ -76.38596, -9.9534 ], [ -76.36039, -9.92432 ], [ -76.33629, -9.92329 ] ] ] } },
{ "type": "Feature", "properties": { "UBIGEO_INEI": "100108", "DEPARTAMEN": "HUANUCO", "PROVINCIA": "HUANUCO", "DISTRITO": "SAN PEDRO DE CHAULAN" }, "geometry": { "type": "Polygon", "coordinates": [ [ [ -76.38596, -9.9534 ], [ -76.38433, -9.96721 ], [ -76.39389, -9.98301 ], [ -76.3658, -10.00611 ], [ -76.38589, -10.03407 ], [ -76.37679, -10.04548 ], [ -76.36262, -10.04813 ], [ -76.35406, -10.06518 ], [ -76.3324, -10.06471 ], [ -76.33369, -10.09614 ], [ -76.37444, -10.12404 ], [ -76.37359, -10.15058 ], [ -76.40334, -10.13591 ], [ -76.41235, -10.13912 ], [ -76.41101, -10.17872 ], [ -76.43019, -10.20036 ], [ -76.43608, -10.23353 ], [ -76.44975, -10.21416 ], [ -76.45501, -10.1556 ], [ -76.48033, -10.14865 ], [ -76.47693, -10.12922 ], [ -76.4954, -10.06963 ], [ -76.46815, -10.00928 ], [ -76.44438, -9.99539 ], [ -76.42865, -9.96397 ], [ -76.38596, -9.9534 ] ] ] } },
{ "type": "Feature", "properties": { "UBIGEO_INEI": "100112", "DEPARTAMEN": "HUANUCO", "PROVINCIA": "HUANUCO", "DISTRITO": "YACUS" }, "geometry": { "type": "Polygon", "coordinates": [ [ [ -76.54609, -9.91983 ], [ -76.47071, -9.90347 ], [ -76.45761, -9.9163 ], [ -76.48075, -9.9362 ], [ -76.47368, -9.95469 ], [ -76.48737, -9.99148 ], [ -76.55434, -9.96816 ], [ -76.57397, -9.97367 ], [ -76.57736, -9.96529 ], [ -76.54752, -9.94314 ], [ -76.54609, -9.91983 ] ] ] } },
{ "type": "Feature", "properties": { "UBIGEO_INEI": "100307", "DEPARTAMEN": "HUANUCO", "PROVINCIA": "DOS DE MAYO", "DISTRITO": "CHUQUIS" }, "geometry": { "type": "Polygon", "coordinates": [ [ [ -76.65869, -9.60689 ], [ -76.56388, -9.61399 ], [ -76.53851, -9.63414 ], [ -76.53916, -9.65864 ], [ -76.52597, -9.66566 ], [ -76.55888, -9.68271 ], [ -76.59812, -9.67251 ], [ -76.64447, -9.68777 ], [ -76.66441, -9.6774 ], [ -76.69265, -9.70044 ], [ -76.71563, -9.67727 ], [ -76.72355, -9.64422 ], [ -76.71923, -9.62299 ], [ -76.65869, -9.60689 ] ] ] } },
{ "type": "Feature", "properties": { "UBIGEO_INEI": "100313", "DEPARTAMEN": "HUANUCO", "PROVINCIA": "DOS DE MAYO", "DISTRITO": "PACHAS" }, "geometry": { "type": "Polygon", "coordinates": [ [ [ -76.75214, -9.58754 ], [ -76.74239, -9.61628 ], [ -76.72761, -9.59566 ], [ -76.7168, -9.61925 ], [ -76.72355, -9.64422 ], [ -76.71868, -9.65379 ], [ -76.7307, -9.66046 ], [ -76.7325, -9.68986 ], [ -76.75876, -9.7063 ], [ -76.76822, -9.7371 ], [ -76.79901, -9.71359 ], [ -76.84005, -9.75244 ], [ -76.84955, -9.74335 ], [ -76.87497, -9.74075 ], [ -76.85916, -9.78113 ], [ -76.87147, -9.7917 ], [ -76.8791, -9.78905 ], [ -76.87918, -9.80963 ], [ -76.88914, -9.82348 ], [ -76.90057, -9.79983 ], [ -76.90158, -9.7697 ], [ -76.93457, -9.72892 ], [ -76.94769, -9.68206 ], [ -76.91657, -9.68857 ], [ -76.90835, -9.65345 ], [ -76.89613, -9.65674 ], [ -76.89027, -9.67446 ], [ -76.88264, -9.66796 ], [ -76.87145, -9.67547 ], [ -76.86242, -9.66373 ], [ -76.85166, -9.66805 ], [ -76.86129, -9.64318 ], [ -76.8396, -9.63674 ], [ -76.83462, -9.62526 ], [ -76.82264, -9.63315 ], [ -76.80919, -9.62803 ], [ -76.80876, -9.61263 ], [ -76.76236, -9.61816 ], [ -76.75214, -9.58754 ] ] ] } },
{ "type": "Feature", "properties": { "UBIGEO_INEI": "100317", "DEPARTAMEN": "HUANUCO", "PROVINCIA": "DOS DE MAYO", "DISTRITO": "RIPAN" }, "geometry": { "type": "Polygon", "coordinates": [ [ [ -76.87497, -9.74075 ], [ -76.84955, -9.74335 ], [ -76.83929, -9.77393 ], [ -76.82796, -9.77212 ], [ -76.82001, -9.78637 ], [ -76.80528, -9.78319 ], [ -76.79815, -9.8132 ], [ -76.80976, -9.84363 ], [ -76.84851, -9.85879 ], [ -76.87132, -9.85769 ], [ -76.88914, -9.82348 ], [ -76.87918, -9.80963 ], [ -76.8791, -9.78905 ], [ -76.87147, -9.7917 ], [ -76.85916, -9.78113 ], [ -76.87497, -9.74075 ] ] ] } },
{ "type": "Feature", "properties": { "UBIGEO_INEI": "100321", "DEPARTAMEN": "HUANUCO", "PROVINCIA": "DOS DE MAYO", "DISTRITO": "SHUNQUI" }, "geometry": { "type": "Polygon", "coordinates": [ [ [ -76.79777, -9.71384 ], [ -76.77409, -9.73796 ], [ -76.80138, -9.76495 ], [ -76.80573, -9.78453 ], [ -76.8181, -9.7872 ], [ -76.82796, -9.77212 ], [ -76.83929, -9.77393 ], [ -76.8452, -9.75282 ], [ -76.79777, -9.71384 ] ] ] } },
{ "type": "Feature", "properties": { "UBIGEO_INEI": "101102", "DEPARTAMEN": "HUANUCO", "PROVINCIA": "YAROWILCA", "DISTRITO": "CAHUAC" }, "geometry": { "type": "Polygon", "coordinates": [ [ [ -76.64111, -9.82792 ], [ -76.60633, -9.88255 ], [ -76.64004, -9.88346 ], [ -76.66147, -9.86813 ], [ -76.67832, -9.88458 ], [ -76.68012, -9.90528 ], [ -76.68687, -9.90204 ], [ -76.68473, -9.85167 ], [ -76.66244, -9.8602 ], [ -76.66222, -9.8434 ], [ -76.64111, -9.82792 ] ] ] } },
{ "type": "Feature", "properties": { "UBIGEO_INEI": "101103", "DEPARTAMEN": "HUANUCO", "PROVINCIA": "YAROWILCA", "DISTRITO": "CHACABAMBA" }, "geometry": { "type": "Polygon", "coordinates": [ [ [ -76.64092, -9.88188 ], [ -76.60551, -9.88852 ], [ -76.62654, -9.91919 ], [ -76.65053, -9.92002 ], [ -76.65928, -9.9099 ], [ -76.64092, -9.88188 ] ] ] } },
{ "type": "Feature", "properties": { "UBIGEO_INEI": "101104", "DEPARTAMEN": "HUANUCO", "PROVINCIA": "YAROWILCA", "DISTRITO": "APARICIO POMARES" }, "geometry": { "type": "Polygon", "coordinates": [ [ [ -76.52597, -9.66566 ], [ -76.51535, -9.67653 ], [ -76.49815, -9.67389 ], [ -76.49227, -9.68078 ], [ -76.47697, -9.67388 ], [ -76.46823, -9.68452 ], [ -76.46292, -9.71299 ], [ -76.46615, -9.72291 ], [ -76.47681, -9.72475 ], [ -76.47675, -9.73505 ], [ -76.49673, -9.74561 ], [ -76.52436, -9.72715 ], [ -76.57604, -9.76695 ], [ -76.60534, -9.75655 ], [ -76.62094, -9.77369 ], [ -76.65941, -9.77828 ], [ -76.65878, -9.72276 ], [ -76.68972, -9.70154 ], [ -76.67896, -9.68635 ], [ -76.66397, -9.67734 ], [ -76.64398, -9.68773 ], [ -76.59812, -9.67251 ], [ -76.55888, -9.68271 ], [ -76.52597, -9.66566 ] ] ] } },
{ "type": "Feature", "properties": { "UBIGEO_INEI": "101105", "DEPARTAMEN": "HUANUCO", "PROVINCIA": "YAROWILCA", "DISTRITO": "JACAS CHICO" }, "geometry": { "type": "Polygon", "coordinates": [ [ [ -76.4997, -9.83545 ], [ -76.4867, -9.88147 ], [ -76.46507, -9.89225 ], [ -76.48737, -9.90649 ], [ -76.52217, -9.91368 ], [ -76.51865, -9.90357 ], [ -76.532, -9.88094 ], [ -76.52867, -9.86856 ], [ -76.54771, -9.85363 ], [ -76.53639, -9.84237 ], [ -76.51477, -9.84677 ], [ -76.4997, -9.83545 ] ] ] } },
{ "type": "Feature", "properties": { "UBIGEO_INEI": "101107", "DEPARTAMEN": "HUANUCO", "PROVINCIA": "YAROWILCA", "DISTRITO": "PAMPAMARCA" }, "geometry": { "type": "Polygon", "coordinates": [ [ [ -76.70331, -9.69046 ], [ -76.6633, -9.7155 ], [ -76.65573, -9.7447 ], [ -76.68964, -9.74906 ], [ -76.69964, -9.77726 ], [ -76.69414, -9.80827 ], [ -76.71294, -9.82859 ], [ -76.72856, -9.81938 ], [ -76.72061, -9.84491 ], [ -76.75802, -9.84246 ], [ -76.74976, -9.83676 ], [ -76.73574, -9.79139 ], [ -76.73576, -9.75298 ], [ -76.70206, -9.74698 ], [ -76.72319, -9.70959 ], [ -76.70331, -9.69046 ] ] ] } },
{ "type": "Feature", "properties": { "UBIGEO_INEI": "101108", "DEPARTAMEN": "HUANUCO", "PROVINCIA": "YAROWILCA", "DISTRITO": "CHORAS" }, "geometry": { "type": "Polygon", "coordinates": [ [ [ -76.53036, -9.86777 ], [ -76.53129, -9.88478 ], [ -76.51877, -9.90421 ], [ -76.52261, -9.91418 ], [ -76.5482, -9.92184 ], [ -76.54752, -9.94314 ], [ -76.55735, -9.95579 ], [ -76.57047, -9.95923 ], [ -76.57238, -9.94161 ], [ -76.58614, -9.94499 ], [ -76.60987, -9.9273 ], [ -76.63578, -9.93147 ], [ -76.60922, -9.90162 ], [ -76.60608, -9.88196 ], [ -76.57015, -9.8898 ], [ -76.53036, -9.86777 ] ] ] } },
{ "type": "Feature", "properties": { "UBIGEO_INEI": "100103", "DEPARTAMEN": "HUANUCO", "PROVINCIA": "HUANUCO", "DISTRITO": "CHINCHAO" }, "geometry": { "type": "Polygon", "coordinates": [ [ [ -76.15962, -9.46942 ], [ -76.13985, -9.47008 ], [ -76.1246, -9.48081 ], [ -76.07191, -9.47152 ], [ -76.04971, -9.47856 ], [ -76.03815, -9.49645 ], [ -76.01072, -9.50811 ], [ -75.95486, -9.49244 ], [ -75.92966, -9.51305 ], [ -75.91691, -9.54979 ], [ -75.9163, -9.56033 ], [ -75.93002, -9.57008 ], [ -75.99462, -9.57556 ], [ -75.99824, -9.58553 ], [ -75.99011, -9.60503 ], [ -76.00905, -9.61419 ], [ -76.01251, -9.62886 ], [ -76.0247, -9.63842 ], [ -76.03875, -9.63987 ], [ -76.03685, -9.6513 ], [ -76.0669, -9.67242 ], [ -76.07175, -9.70365 ], [ -76.0825, -9.71693 ], [ -76.04105, -9.75499 ], [ -76.04622, -9.80661 ], [ -76.0522, -9.82159 ], [ -76.12037, -9.8378 ], [ -76.12789, -9.83728 ], [ -76.13186, -9.82345 ], [ -76.12707, -9.7974 ], [ -76.11245, -9.78079 ], [ -76.15148, -9.76272 ], [ -76.16477, -9.73212 ], [ -76.19442, -9.73049 ], [ -76.1994, -9.71377 ], [ -76.2124, -9.70572 ], [ -76.2103, -9.68434 ], [ -76.26378, -9.64047 ], [ -76.24933, -9.61797 ], [ -76.25771, -9.59796 ], [ -76.24489, -9.58298 ], [ -76.23915, -9.51274 ], [ -76.21269, -9.50734 ], [ -76.15962, -9.46942 ] ] ] } },
{ "type": "Feature", "properties": { "UBIGEO_INEI": "100323", "DEPARTAMEN": "HUANUCO", "PROVINCIA": "DOS DE MAYO", "DISTRITO": "YANAS" }, "geometry": { "type": "Polygon", "coordinates": [ [ [ -76.72438, -9.65371 ], [ -76.70369, -9.69021 ], [ -76.72298, -9.71138 ], [ -76.70206, -9.74698 ], [ -76.73139, -9.75367 ], [ -76.76332, -9.73121 ], [ -76.76404, -9.71754 ], [ -76.75752, -9.70506 ], [ -76.7325, -9.68986 ], [ -76.72438, -9.65371 ] ] ] } },
{ "type": "Feature", "properties": { "UBIGEO_INEI": "100105", "DEPARTAMEN": "HUANUCO", "PROVINCIA": "HUANUCO", "DISTRITO": "MARGOS" }, "geometry": { "type": "Polygon", "coordinates": [ [ [ -76.55338, -9.96853 ], [ -76.47895, -9.99383 ], [ -76.46598, -10.00664 ], [ -76.49571, -10.07292 ], [ -76.47693, -10.12922 ], [ -76.47683, -10.15421 ], [ -76.51001, -10.15227 ], [ -76.51382, -10.16086 ], [ -76.5048, -10.17913 ], [ -76.52118, -10.18898 ], [ -76.53895, -10.16572 ], [ -76.53484, -10.14006 ], [ -76.54688, -10.11139 ], [ -76.56829, -10.09585 ], [ -76.59708, -10.10093 ], [ -76.60646, -10.08311 ], [ -76.59732, -10.04158 ], [ -76.57845, -10.03145 ], [ -76.58592, -10.01737 ], [ -76.58071, -9.9848 ], [ -76.57397, -9.97367 ], [ -76.55338, -9.96853 ] ] ] } },
{ "type": "Feature", "properties": { "UBIGEO_INEI": "100109", "DEPARTAMEN": "HUANUCO", "PROVINCIA": "HUANUCO", "DISTRITO": "SANTA MARIA DEL VALLE" }, "geometry": { "type": "Polygon", "coordinates": [ [ [ -76.34248, -9.65053 ], [ -76.31905, -9.66487 ], [ -76.30655, -9.72195 ], [ -76.29053, -9.75512 ], [ -76.25718, -9.78243 ], [ -76.24949, -9.79798 ], [ -76.20947, -9.82185 ], [ -76.18408, -9.82366 ], [ -76.163, -9.83998 ], [ -76.16049, -9.85595 ], [ -76.1465, -9.84025 ], [ -76.13333, -9.83739 ], [ -76.11291, -9.85757 ], [ -76.12454, -9.92539 ], [ -76.19571, -9.8932 ], [ -76.20028, -9.88501 ], [ -76.18154, -9.87277 ], [ -76.17983, -9.85979 ], [ -76.27868, -9.88351 ], [ -76.31072, -9.88281 ], [ -76.3316, -9.87672 ], [ -76.33743, -9.86142 ], [ -76.33227, -9.84927 ], [ -76.36995, -9.82851 ], [ -76.39712, -9.80082 ], [ -76.43226, -9.79067 ], [ -76.4517, -9.80671 ], [ -76.46982, -9.80787 ], [ -76.46331, -9.76193 ], [ -76.46716, -9.7502 ], [ -76.48399, -9.74041 ], [ -76.47681, -9.72475 ], [ -76.46545, -9.72213 ], [ -76.46299, -9.70696 ], [ -76.43819, -9.70613 ], [ -76.43155, -9.69196 ], [ -76.38249, -9.70648 ], [ -76.35776, -9.68786 ], [ -76.35627, -9.65649 ], [ -76.34248, -9.65053 ] ] ] } },
{ "type": "Feature", "properties": { "UBIGEO_INEI": "100316", "DEPARTAMEN": "HUANUCO", "PROVINCIA": "DOS DE MAYO", "DISTRITO": "QUIVILLA" }, "geometry": { "type": "Polygon", "coordinates": [ [ [ -76.61995, -9.54736 ], [ -76.60884, -9.55149 ], [ -76.66552, -9.57674 ], [ -76.71725, -9.61176 ], [ -76.7419, -9.58488 ], [ -76.74319, -9.5791 ], [ -76.69675, -9.55772 ], [ -76.67393, -9.56086 ], [ -76.61995, -9.54736 ] ] ] } },
{ "type": "Feature", "properties": { "UBIGEO_INEI": "100311", "DEPARTAMEN": "HUANUCO", "PROVINCIA": "DOS DE MAYO", "DISTRITO": "MARIAS" }, "geometry": { "type": "Polygon", "coordinates": [ [ [ -76.29723, -9.38859 ], [ -76.25697, -9.40165 ], [ -76.20896, -9.44104 ], [ -76.20099, -9.45431 ], [ -76.20323, -9.49674 ], [ -76.21269, -9.50734 ], [ -76.23327, -9.5094 ], [ -76.24999, -9.52087 ], [ -76.28286, -9.52512 ], [ -76.31403, -9.51662 ], [ -76.34974, -9.53604 ], [ -76.36073, -9.54681 ], [ -76.36548, -9.57871 ], [ -76.40944, -9.62855 ], [ -76.41251, -9.66662 ], [ -76.42659, -9.67222 ], [ -76.43819, -9.70613 ], [ -76.46299, -9.70696 ], [ -76.47697, -9.67388 ], [ -76.48848, -9.68066 ], [ -76.49815, -9.67389 ], [ -76.51535, -9.67653 ], [ -76.53748, -9.66114 ], [ -76.53851, -9.63414 ], [ -76.56513, -9.61357 ], [ -76.65892, -9.60688 ], [ -76.71757, -9.61769 ], [ -76.70889, -9.60358 ], [ -76.68936, -9.59756 ], [ -76.66552, -9.57674 ], [ -76.59766, -9.54598 ], [ -76.58305, -9.55209 ], [ -76.52272, -9.52686 ], [ -76.50625, -9.53271 ], [ -76.49358, -9.52605 ], [ -76.48656, -9.50733 ], [ -76.45828, -9.49863 ], [ -76.42797, -9.50694 ], [ -76.38266, -9.49492 ], [ -76.37141, -9.44315 ], [ -76.34666, -9.42346 ], [ -76.3118, -9.41816 ], [ -76.31512, -9.39478 ], [ -76.29723, -9.38859 ] ] ] } },
{ "type": "Feature", "properties": { "UBIGEO_INEI": "100301", "DEPARTAMEN": "HUANUCO", "PROVINCIA": "DOS DE MAYO", "DISTRITO": "LA UNION" }, "geometry": { "type": "Polygon", "coordinates": [ [ [ -76.80062, -9.80269 ], [ -76.78094, -9.81349 ], [ -76.78519, -9.8504 ], [ -76.76533, -9.86762 ], [ -76.74253, -9.86358 ], [ -76.72006, -9.89836 ], [ -76.73349, -9.91183 ], [ -76.73627, -9.93452 ], [ -76.75113, -9.94478 ], [ -76.76234, -9.94006 ], [ -76.76914, -9.95371 ], [ -76.77991, -9.95702 ], [ -76.77329, -9.9944 ], [ -76.82344, -10.01111 ], [ -76.82562, -9.98929 ], [ -76.81376, -9.96015 ], [ -76.84186, -9.93062 ], [ -76.84199, -9.91089 ], [ -76.87321, -9.86308 ], [ -76.80951, -9.84344 ], [ -76.7994, -9.82109 ], [ -76.80062, -9.80269 ] ] ] } },
{ "type": "Feature", "properties": { "UBIGEO_INEI": "100322", "DEPARTAMEN": "HUANUCO", "PROVINCIA": "DOS DE MAYO", "DISTRITO": "SILLAPATA" }, "geometry": { "type": "Polygon", "coordinates": [ [ [ -76.76234, -9.73122 ], [ -76.73444, -9.75453 ], [ -76.73328, -9.77939 ], [ -76.74976, -9.83676 ], [ -76.75802, -9.84246 ], [ -76.74253, -9.86358 ], [ -76.76371, -9.8679 ], [ -76.78528, -9.85022 ], [ -76.78094, -9.81349 ], [ -76.80104, -9.80227 ], [ -76.80538, -9.78224 ], [ -76.80138, -9.76495 ], [ -76.76234, -9.73122 ] ] ] } },
{ "type": "Feature", "properties": { "UBIGEO_INEI": "101101", "DEPARTAMEN": "HUANUCO", "PROVINCIA": "YAROWILCA", "DISTRITO": "CHAVINILLO" }, "geometry": { "type": "Polygon", "coordinates": [ [ [ -76.5209, -9.72692 ], [ -76.49673, -9.74561 ], [ -76.48399, -9.74041 ], [ -76.46677, -9.75071 ], [ -76.47118, -9.81093 ], [ -76.51076, -9.84517 ], [ -76.54434, -9.84555 ], [ -76.54781, -9.85521 ], [ -76.53111, -9.8676 ], [ -76.56413, -9.8875 ], [ -76.60608, -9.88196 ], [ -76.64957, -9.81493 ], [ -76.6164, -9.80837 ], [ -76.59606, -9.76195 ], [ -76.57604, -9.76695 ], [ -76.57014, -9.75645 ], [ -76.5209, -9.72692 ] ] ] } },
{ "type": "Feature", "properties": { "UBIGEO_INEI": "101106", "DEPARTAMEN": "HUANUCO", "PROVINCIA": "YAROWILCA", "DISTRITO": "OBAS" }, "geometry": { "type": "Polygon", "coordinates": [ [ [ -76.68964, -9.74906 ], [ -76.65479, -9.74792 ], [ -76.65819, -9.77954 ], [ -76.62094, -9.77369 ], [ -76.60571, -9.75664 ], [ -76.59606, -9.76195 ], [ -76.6164, -9.80837 ], [ -76.64957, -9.81493 ], [ -76.64109, -9.82839 ], [ -76.66222, -9.8434 ], [ -76.66047, -9.8587 ], [ -76.68473, -9.85167 ], [ -76.68727, -9.90067 ], [ -76.68012, -9.90786 ], [ -76.70296, -9.92881 ], [ -76.72671, -9.88215 ], [ -76.75802, -9.84246 ], [ -76.72061, -9.84491 ], [ -76.72856, -9.81938 ], [ -76.71294, -9.82859 ], [ -76.69414, -9.80827 ], [ -76.69964, -9.77726 ], [ -76.68964, -9.74906 ] ] ] } },
{ "type": "Feature", "properties": { "UBIGEO_INEI": "130601", "DEPARTAMEN": "LA LIBERTAD", "PROVINCIA": "OTUZCO", "DISTRITO": "OTUZCO" }, "geometry": { "type": "Polygon", "coordinates": [ [ [ -78.59643, -7.70347 ], [ -78.55249, -7.72493 ], [ -78.53762, -7.74493 ], [ -78.50164, -7.75691 ], [ -78.50173, -7.80428 ], [ -78.51132, -7.83195 ], [ -78.50135, -7.84458 ], [ -78.47813, -7.84434 ], [ -78.48168, -7.86171 ], [ -78.49454, -7.874 ], [ -78.47846, -7.91103 ], [ -78.50919, -7.91641 ], [ -78.52775, -7.9353 ], [ -78.56003, -7.92341 ], [ -78.58624, -7.93004 ], [ -78.6564, -7.98787 ], [ -78.68228, -7.99666 ], [ -78.69434, -7.97282 ], [ -78.68979, -7.9461 ], [ -78.65689, -7.92612 ], [ -78.65931, -7.91284 ], [ -78.64795, -7.8997 ], [ -78.65219, -7.85397 ], [ -78.62597, -7.82741 ], [ -78.66429, -7.79455 ], [ -78.62732, -7.75129 ], [ -78.60098, -7.73623 ], [ -78.59643, -7.70347 ] ] ] } },
{ "type": "Feature", "properties": { "UBIGEO_INEI": "130602", "DEPARTAMEN": "LA LIBERTAD", "PROVINCIA": "OTUZCO", "DISTRITO": "AGALLPAMPA" }, "geometry": { "type": "Polygon", "coordinates": [ [ [ -78.3965, -7.85886 ], [ -78.37751, -7.88107 ], [ -78.37776, -7.89812 ], [ -78.32446, -7.93007 ], [ -78.34443, -7.94637 ], [ -78.36622, -7.95018 ], [ -78.37859, -7.97636 ], [ -78.40729, -7.99081 ], [ -78.4306, -8.00027 ], [ -78.46725, -7.99345 ], [ -78.49169, -8.01539 ], [ -78.50851, -7.99443 ], [ -78.53623, -8.00632 ], [ -78.55535, -8.00251 ], [ -78.55756, -7.99006 ], [ -78.57464, -7.97454 ], [ -78.5894, -7.97742 ], [ -78.61699, -7.96017 ], [ -78.5878, -7.93079 ], [ -78.56579, -7.92299 ], [ -78.52284, -7.93392 ], [ -78.50919, -7.91641 ], [ -78.47846, -7.91103 ], [ -78.45104, -7.89616 ], [ -78.44126, -7.88151 ], [ -78.41501, -7.87778 ], [ -78.41776, -7.86624 ], [ -78.3965, -7.85886 ] ] ] } },
{ "type": "Feature", "properties": { "UBIGEO_INEI": "130604", "DEPARTAMEN": "LA LIBERTAD", "PROVINCIA": "OTUZCO", "DISTRITO": "CHARAT" }, "geometry": { "type": "Polygon", "coordinates": [ [ [ -78.505, -7.75504 ], [ -78.45399, -7.76858 ], [ -78.4503, -7.79695 ], [ -78.42909, -7.83096 ], [ -78.44836, -7.85751 ], [ -78.47813, -7.84434 ], [ -78.50135, -7.84458 ], [ -78.51097, -7.83354 ], [ -78.50142, -7.80157 ], [ -78.505, -7.75504 ] ] ] } },
{ "type": "Feature", "properties": { "UBIGEO_INEI": "130605", "DEPARTAMEN": "LA LIBERTAD", "PROVINCIA": "OTUZCO", "DISTRITO": "HUARANCHAL" }, "geometry": { "type": "Polygon", "coordinates": [ [ [ -78.44752, -7.62324 ], [ -78.44161, -7.64061 ], [ -78.36073, -7.6443 ], [ -78.36041, -7.6832 ], [ -78.38185, -7.68492 ], [ -78.40954, -7.70485 ], [ -78.43812, -7.70342 ], [ -78.45928, -7.72056 ], [ -78.47135, -7.75248 ], [ -78.50799, -7.75579 ], [ -78.5426, -7.74134 ], [ -78.55195, -7.72609 ], [ -78.51551, -7.70988 ], [ -78.4799, -7.66858 ], [ -78.45489, -7.65632 ], [ -78.4897, -7.63389 ], [ -78.4721, -7.63651 ], [ -78.44752, -7.62324 ] ] ] } },
{ "type": "Feature", "properties": { "UBIGEO_INEI": "130606", "DEPARTAMEN": "LA LIBERTAD", "PROVINCIA": "OTUZCO", "DISTRITO": "LA CUESTA" }, "geometry": { "type": "Polygon", "coordinates": [ [ [ -78.65294, -7.85788 ], [ -78.64795, -7.8997 ], [ -78.65931, -7.91284 ], [ -78.65689, -7.92612 ], [ -78.68979, -7.9461 ], [ -78.72015, -7.92721 ], [ -78.73193, -7.92778 ], [ -78.73277, -7.89926 ], [ -78.68739, -7.90829 ], [ -78.67116, -7.89049 ], [ -78.67808, -7.85883 ], [ -78.65294, -7.85788 ] ] ] } },
{ "type": "Feature", "properties": { "UBIGEO_INEI": "130608", "DEPARTAMEN": "LA LIBERTAD", "PROVINCIA": "OTUZCO", "DISTRITO": "MACHE" }, "geometry": { "type": "Polygon", "coordinates": [ [ [ -78.51655, -7.99377 ], [ -78.49135, -8.01541 ], [ -78.50171, -8.027 ], [ -78.51359, -8.0229 ], [ -78.53312, -8.04267 ], [ -78.5359, -8.08389 ], [ -78.57399, -8.0726 ], [ -78.55181, -8.04997 ], [ -78.55489, -8.00262 ], [ -78.53623, -8.00632 ], [ -78.51655, -7.99377 ] ] ] } },
{ "type": "Feature", "properties": { "UBIGEO_INEI": "131002", "DEPARTAMEN": "LA LIBERTAD", "PROVINCIA": "SANTIAGO DE CHUCO", "DISTRITO": "ANGASMARCA" }, "geometry": { "type": "Polygon", "coordinates": [ [ [ -77.98831, -8.05264 ], [ -77.968, -8.06233 ], [ -77.95447, -8.08272 ], [ -78.00175, -8.10465 ], [ -78.00353, -8.12747 ], [ -78.02455, -8.14479 ], [ -78.03448, -8.1662 ], [ -77.99137, -8.18203 ], [ -77.97974, -8.21217 ], [ -78.01549, -8.22256 ], [ -78.02851, -8.2383 ], [ -78.04238, -8.212 ], [ -78.05852, -8.22659 ], [ -78.07755, -8.21077 ], [ -78.08476, -8.17202 ], [ -78.09638, -8.16249 ], [ -78.08506, -8.15551 ], [ -78.08071, -8.11059 ], [ -78.06995, -8.11019 ], [ -78.05475, -8.08913 ], [ -77.98831, -8.05264 ] ] ] } },
{ "type": "Feature", "properties": { "UBIGEO_INEI": "131003", "DEPARTAMEN": "LA LIBERTAD", "PROVINCIA": "SANTIAGO DE CHUCO", "DISTRITO": "CACHICADAN" }, "geometry": { "type": "Polygon", "coordinates": [ [ [ -78.03221, -7.90696 ], [ -78.00664, -7.98203 ], [ -77.98563, -7.98232 ], [ -77.96645, -8.01508 ], [ -77.95781, -8.05928 ], [ -77.97617, -8.06243 ], [ -77.98943, -8.05222 ], [ -78.01352, -8.06606 ], [ -78.0335, -8.06174 ], [ -78.03579, -8.06901 ], [ -78.0902, -8.09522 ], [ -78.11141, -8.08959 ], [ -78.11957, -8.10181 ], [ -78.16105, -8.11712 ], [ -78.15783, -8.06757 ], [ -78.13345, -8.04886 ], [ -78.13002, -8.03448 ], [ -78.13803, -8.02083 ], [ -78.11728, -7.9858 ], [ -78.13286, -7.95735 ], [ -78.07146, -7.94377 ], [ -78.06631, -7.92879 ], [ -78.0465, -7.92496 ], [ -78.03221, -7.90696 ] ] ] } },
{ "type": "Feature", "properties": { "UBIGEO_INEI": "131004", "DEPARTAMEN": "LA LIBERTAD", "PROVINCIA": "SANTIAGO DE CHUCO", "DISTRITO": "MOLLEBAMBA" }, "geometry": { "type": "Polygon", "coordinates": [ [ [ -77.94324, -8.04838 ], [ -77.93409, -8.05209 ], [ -77.93041, -8.08214 ], [ -77.95393, -8.09031 ], [ -77.96116, -8.11334 ], [ -77.95593, -8.142 ], [ -77.97536, -8.18541 ], [ -78.03375, -8.16731 ], [ -78.02455, -8.14479 ], [ -78.00353, -8.12747 ], [ -78.00324, -8.10633 ], [ -77.95447, -8.08272 ], [ -77.96764, -8.06298 ], [ -77.94324, -8.04838 ] ] ] } },
{ "type": "Feature", "properties": { "UBIGEO_INEI": "131005", "DEPARTAMEN": "LA LIBERTAD", "PROVINCIA": "SANTIAGO DE CHUCO", "DISTRITO": "MOLLEPATA" }, "geometry": { "type": "Polygon", "coordinates": [ [ [ -77.95393, -8.09031 ], [ -77.89785, -8.07533 ], [ -77.93321, -8.19701 ], [ -77.95666, -8.20814 ], [ -77.98293, -8.2096 ], [ -77.99002, -8.18666 ], [ -77.97662, -8.18695 ], [ -77.96774, -8.17433 ], [ -77.95593, -8.142 ], [ -77.96116, -8.11334 ], [ -77.95393, -8.09031 ] ] ] } },
{ "type": "Feature", "properties": { "UBIGEO_INEI": "131006", "DEPARTAMEN": "LA LIBERTAD", "PROVINCIA": "SANTIAGO DE CHUCO", "DISTRITO": "QUIRUVILCA" }, "geometry": { "type": "Polygon", "coordinates": [ [ [ -78.2442, -7.88135 ], [ -78.21742, -7.902 ], [ -78.21184, -7.89685 ], [ -78.18932, -7.94081 ], [ -78.16983, -7.94267 ], [ -78.16638, -7.93328 ], [ -78.14589, -7.93328 ], [ -78.11728, -7.9858 ], [ -78.13803, -8.02083 ], [ -78.13002, -8.03448 ], [ -78.13345, -8.04886 ], [ -78.15724, -8.06581 ], [ -78.16146, -8.10843 ], [ -78.19549, -8.12193 ], [ -78.24638, -8.12069 ], [ -78.26471, -8.13251 ], [ -78.27291, -8.15838 ], [ -78.26621, -8.17121 ], [ -78.29952, -8.20785 ], [ -78.30414, -8.16859 ], [ -78.32439, -8.15412 ], [ -78.28828, -8.06297 ], [ -78.30371, -8.05185 ], [ -78.3282, -8.05543 ], [ -78.35343, -8.03338 ], [ -78.35222, -8.02503 ], [ -78.38227, -8.01702 ], [ -78.40615, -7.9901 ], [ -78.37859, -7.97636 ], [ -78.36622, -7.95018 ], [ -78.34628, -7.94721 ], [ -78.32759, -7.93354 ], [ -78.32047, -7.90595 ], [ -78.30344, -7.89421 ], [ -78.27272, -7.88778 ], [ -78.2602, -7.89358 ], [ -78.2442, -7.88135 ] ] ] } },
{ "type": "Feature", "properties": { "UBIGEO_INEI": "131007", "DEPARTAMEN": "LA LIBERTAD", "PROVINCIA": "SANTIAGO DE CHUCO", "DISTRITO": "SANTA CRUZ DE CHUCA" }, "geometry": { "type": "Polygon", "coordinates": [ [ [ -78.03168, -8.06155 ], [ -78.01352, -8.06606 ], [ -78.05475, -8.08913 ], [ -78.06995, -8.11019 ], [ -78.08071, -8.11059 ], [ -78.08506, -8.15551 ], [ -78.09638, -8.16249 ], [ -78.08476, -8.17202 ], [ -78.07755, -8.21077 ], [ -78.05852, -8.22659 ], [ -78.04238, -8.212 ], [ -78.02867, -8.23915 ], [ -78.0368, -8.25595 ], [ -78.11644, -8.31069 ], [ -78.11376, -8.28198 ], [ -78.13509, -8.23862 ], [ -78.11779, -8.20576 ], [ -78.16105, -8.11712 ], [ -78.11957, -8.10181 ], [ -78.11141, -8.08959 ], [ -78.0902, -8.09522 ], [ -78.03168, -8.06155 ] ] ] } },
{ "type": "Feature", "properties": { "UBIGEO_INEI": "131008", "DEPARTAMEN": "LA LIBERTAD", "PROVINCIA": "SANTIAGO DE CHUCO", "DISTRITO": "SITABAMBA" }, "geometry": { "type": "Polygon", "coordinates": [ [ [ -77.71189, -7.95787 ], [ -77.69126, -7.97596 ], [ -77.64082, -7.98333 ], [ -77.64791, -8.05072 ], [ -77.71839, -8.07347 ], [ -77.74339, -8.07018 ], [ -77.75127, -8.07744 ], [ -77.78578, -8.0792 ], [ -77.81044, -8.06773 ], [ -77.85221, -8.07478 ], [ -77.86948, -8.05596 ], [ -77.89563, -8.06195 ], [ -77.89792, -8.07411 ], [ -77.93041, -8.08214 ], [ -77.93491, -8.04947 ], [ -77.9564, -8.05629 ], [ -77.97063, -8.01277 ], [ -77.95864, -8.00049 ], [ -77.96064, -7.97064 ], [ -77.93248, -7.98411 ], [ -77.91999, -8.00022 ], [ -77.90561, -7.99308 ], [ -77.88782, -7.99959 ], [ -77.87736, -7.97932 ], [ -77.86459, -7.9872 ], [ -77.83827, -7.97518 ], [ -77.80393, -8.00742 ], [ -77.78233, -8.00764 ], [ -77.75531, -8.00242 ], [ -77.75201, -7.98604 ], [ -77.71189, -7.95787 ] ] ] } },
{ "type": "Feature", "properties": { "UBIGEO_INEI": "130610", "DEPARTAMEN": "LA LIBERTAD", "PROVINCIA": "OTUZCO", "DISTRITO": "PARANDAY" }, "geometry": { "type": "Polygon", "coordinates": [ [ [ -78.67808, -7.85883 ], [ -78.67116, -7.89049 ], [ -78.68591, -7.90739 ], [ -78.73277, -7.89926 ], [ -78.7202, -7.87555 ], [ -78.68966, -7.87398 ], [ -78.67808, -7.85883 ] ] ] } },
{ "type": "Feature", "properties": { "UBIGEO_INEI": "130611", "DEPARTAMEN": "LA LIBERTAD", "PROVINCIA": "OTUZCO", "DISTRITO": "SALPO" }, "geometry": { "type": "Polygon", "coordinates": [ [ [ -78.61669, -7.96023 ], [ -78.5894, -7.97742 ], [ -78.57527, -7.9742 ], [ -78.55756, -7.99006 ], [ -78.54972, -8.01305 ], [ -78.5573, -8.02417 ], [ -78.5561, -8.05867 ], [ -78.57495, -8.07276 ], [ -78.59572, -8.06157 ], [ -78.60944, -8.06293 ], [ -78.63506, -8.09756 ], [ -78.65109, -8.09117 ], [ -78.67966, -8.09874 ], [ -78.68399, -8.09091 ], [ -78.72305, -8.09228 ], [ -78.72011, -8.05002 ], [ -78.70586, -8.03865 ], [ -78.71645, -8.01684 ], [ -78.61669, -7.96023 ] ] ] } },
{ "type": "Feature", "properties": { "UBIGEO_INEI": "130613", "DEPARTAMEN": "LA LIBERTAD", "PROVINCIA": "OTUZCO", "DISTRITO": "SINSICAP" }, "geometry": { "type": "Polygon", "coordinates": [ [ [ -78.82924, -7.63308 ], [ -78.79237, -7.64003 ], [ -78.76977, -7.66688 ], [ -78.71253, -7.70355 ], [ -78.71374, -7.71742 ], [ -78.70354, -7.7277 ], [ -78.68901, -7.77354 ], [ -78.62599, -7.82699 ], [ -78.65214, -7.85793 ], [ -78.67944, -7.85922 ], [ -78.68966, -7.87398 ], [ -78.71574, -7.87357 ], [ -78.73437, -7.88614 ], [ -78.77935, -7.88418 ], [ -78.7831, -7.86303 ], [ -78.7679, -7.83332 ], [ -78.78149, -7.81999 ], [ -78.77407, -7.8015 ], [ -78.81626, -7.79687 ], [ -78.83272, -7.78375 ], [ -78.85913, -7.78886 ], [ -78.86307, -7.77426 ], [ -78.8902, -7.7717 ], [ -78.88786, -7.75232 ], [ -78.90073, -7.7262 ], [ -78.91437, -7.71841 ], [ -78.9077, -7.70919 ], [ -78.91216, -7.68568 ], [ -78.89563, -7.66839 ], [ -78.89598, -7.64539 ], [ -78.82924, -7.63308 ] ] ] } },
{ "type": "Feature", "properties": { "UBIGEO_INEI": "130614", "DEPARTAMEN": "LA LIBERTAD", "PROVINCIA": "OTUZCO", "DISTRITO": "USQUIL" }, "geometry": { "type": "Polygon", "coordinates": [ [ [ -78.35218, -7.67296 ], [ -78.33032, -7.69952 ], [ -78.31235, -7.70287 ], [ -78.30356, -7.69611 ], [ -78.27572, -7.72022 ], [ -78.28325, -7.7421 ], [ -78.26115, -7.75402 ], [ -78.2729, -7.79723 ], [ -78.25232, -7.83718 ], [ -78.25371, -7.88799 ], [ -78.30344, -7.89421 ], [ -78.32089, -7.90666 ], [ -78.32446, -7.93007 ], [ -78.37776, -7.89812 ], [ -78.37751, -7.88107 ], [ -78.39786, -7.85871 ], [ -78.41776, -7.86624 ], [ -78.41501, -7.87778 ], [ -78.44126, -7.88151 ], [ -78.45104, -7.89616 ], [ -78.47846, -7.91103 ], [ -78.49454, -7.874 ], [ -78.48168, -7.86171 ], [ -78.47806, -7.84495 ], [ -78.44836, -7.85751 ], [ -78.42909, -7.83096 ], [ -78.4503, -7.79695 ], [ -78.45573, -7.76633 ], [ -78.48951, -7.75434 ], [ -78.46449, -7.74724 ], [ -78.45928, -7.72056 ], [ -78.43812, -7.70342 ], [ -78.40928, -7.70476 ], [ -78.38185, -7.68492 ], [ -78.36155, -7.68417 ], [ -78.35218, -7.67296 ] ] ] } },
{ "type": "Feature", "properties": { "UBIGEO_INEI": "131001", "DEPARTAMEN": "LA LIBERTAD", "PROVINCIA": "SANTIAGO DE CHUCO", "DISTRITO": "SANTIAGO DE CHUCO" }, "geometry": { "type": "Polygon", "coordinates": [ [ [ -78.1686, -8.10718 ], [ -78.15996, -8.10999 ], [ -78.13521, -8.16347 ], [ -78.13526, -8.17947 ], [ -78.11779, -8.20576 ], [ -78.13509, -8.23862 ], [ -78.11376, -8.28198 ], [ -78.12084, -8.31809 ], [ -78.10839, -8.33811 ], [ -78.1375, -8.36867 ], [ -78.13927, -8.42715 ], [ -78.15739, -8.47885 ], [ -78.17366, -8.50354 ], [ -78.18787, -8.5081 ], [ -78.2026, -8.52607 ], [ -78.21689, -8.55726 ], [ -78.2019, -8.57389 ], [ -78.19362, -8.59968 ], [ -78.20051, -8.62251 ], [ -78.23557, -8.65292 ], [ -78.29009, -8.54889 ], [ -78.26632, -8.5369 ], [ -78.28089, -8.51054 ], [ -78.2726, -8.50451 ], [ -78.27355, -8.48327 ], [ -78.26171, -8.46884 ], [ -78.29579, -8.46177 ], [ -78.3327, -8.46691 ], [ -78.34274, -8.48368 ], [ -78.34455, -8.47546 ], [ -78.37479, -8.45959 ], [ -78.374, -8.4041 ], [ -78.39537, -8.40195 ], [ -78.40723, -8.41231 ], [ -78.41092, -8.39345 ], [ -78.42639, -8.38958 ], [ -78.42985, -8.36024 ], [ -78.41543, -8.33537 ], [ -78.41251, -8.30438 ], [ -78.37018, -8.30748 ], [ -78.34653, -8.27117 ], [ -78.31182, -8.25245 ], [ -78.30005, -8.234 ], [ -78.29952, -8.20785 ], [ -78.26621, -8.17121 ], [ -78.27291, -8.15838 ], [ -78.26471, -8.13251 ], [ -78.24638, -8.12069 ], [ -78.19549, -8.12193 ], [ -78.1686, -8.10718 ] ] ] } },
{ "type": "Feature", "properties": { "UBIGEO_INEI": "250305", "DEPARTAMEN": "UCAYALI", "PROVINCIA": "PADRE ABAD", "DISTRITO": "ALEXANDER VON HUMBOLDT" }, "geometry": { "type": "Polygon", "coordinates": [ [ [ -75.02136, -8.73948 ], [ -75.01835, -8.77667 ], [ -74.95661, -8.79141 ], [ -74.96615, -8.81858 ], [ -74.95639, -8.86607 ], [ -75.005, -8.86973 ], [ -75.02249, -8.85854 ], [ -75.06471, -8.88228 ], [ -75.07294, -8.87312 ], [ -75.12123, -8.87996 ], [ -75.1201, -8.901 ], [ -75.14712, -8.89504 ], [ -75.15347, -8.87467 ], [ -75.14671, -8.86057 ], [ -75.11467, -8.83918 ], [ -75.11712, -8.8126 ], [ -75.09775, -8.78063 ], [ -75.07321, -8.77079 ], [ -75.06914, -8.75825 ], [ -75.04701, -8.74378 ], [ -75.02136, -8.73948 ] ] ] } },
{ "type": "Feature", "properties": { "UBIGEO_INEI": "250302", "DEPARTAMEN": "UCAYALI", "PROVINCIA": "PADRE ABAD", "DISTRITO": "IRAZOLA" }, "geometry": { "type": "Polygon", "coordinates": [ [ [ -75.14737, -8.53614 ], [ -75.13864, -8.56712 ], [ -75.15564, -8.65182 ], [ -75.16533, -8.65845 ], [ -75.16769, -8.69417 ], [ -75.16216, -8.71649 ], [ -75.13427, -8.7238 ], [ -75.111, -8.7545 ], [ -75.12582, -8.76752 ], [ -75.12275, -8.79432 ], [ -75.10843, -8.7999 ], [ -75.11712, -8.8126 ], [ -75.11467, -8.83918 ], [ -75.14671, -8.86057 ], [ -75.15347, -8.87467 ], [ -75.14712, -8.89504 ], [ -75.11866, -8.90145 ], [ -75.10846, -8.92186 ], [ -75.13477, -8.94498 ], [ -75.12011, -8.9607 ], [ -75.11972, -8.98348 ], [ -75.13756, -8.98836 ], [ -75.13921, -8.9995 ], [ -75.15435, -8.99913 ], [ -75.15681, -9.01031 ], [ -75.17386, -9.01158 ], [ -75.17571, -9.02473 ], [ -75.1624, -9.03395 ], [ -75.20121, -9.06384 ], [ -75.19467, -9.07313 ], [ -75.2049, -9.08029 ], [ -75.20646, -9.10134 ], [ -75.2419, -9.10212 ], [ -75.21193, -9.17643 ], [ -75.22091, -9.18008 ], [ -75.2422, -9.22093 ], [ -75.25669, -9.23248 ], [ -75.27192, -9.23342 ], [ -75.26853, -9.25273 ], [ -75.2797, -9.27694 ], [ -75.31393, -9.30209 ], [ -75.33406, -9.28876 ], [ -75.34949, -9.30454 ], [ -75.37215, -9.31023 ], [ -75.41849, -9.29261 ], [ -75.45286, -9.29599 ], [ -75.45542, -9.26459 ], [ -75.43639, -9.24218 ], [ -75.44221, -9.22943 ], [ -75.42989, -9.19575 ], [ -75.43669, -9.17014 ], [ -75.42809, -9.1591 ], [ -75.44161, -9.14497 ], [ -75.44336, -9.13041 ], [ -75.42788, -9.07335 ], [ -75.4449, -9.06127 ], [ -75.43554, -9.05097 ], [ -75.43696, -9.02906 ], [ -75.42273, -8.99058 ], [ -75.42775, -8.98398 ], [ -75.41451, -8.96431 ], [ -75.43027, -8.94087 ], [ -75.40981, -8.92204 ], [ -75.38287, -8.91879 ], [ -75.34809, -8.84881 ], [ -75.34931, -8.82676 ], [ -75.36442, -8.80204 ], [ -75.34721, -8.7464 ], [ -75.35006, -8.72971 ], [ -75.31791, -8.70375 ], [ -75.3066, -8.68479 ], [ -75.29655, -8.63884 ], [ -75.27963, -8.6281 ], [ -75.25146, -8.62441 ], [ -75.24384, -8.58416 ], [ -75.14737, -8.53614 ] ] ] } },
{ "type": "Feature", "properties": { "UBIGEO_INEI": "250304", "DEPARTAMEN": "UCAYALI", "PROVINCIA": "PADRE ABAD", "DISTRITO": "NESHUYA" }, "geometry": { "type": "Polygon", "coordinates": [ [ [ -75.01663, -8.44514 ], [ -74.99924, -8.50515 ], [ -74.97742, -8.52324 ], [ -74.96011, -8.56601 ], [ -74.93918, -8.5923 ], [ -74.95148, -8.6094 ], [ -74.9668, -8.6658 ], [ -74.942, -8.71673 ], [ -74.94634, -8.77983 ], [ -74.95661, -8.79141 ], [ -75.01835, -8.77667 ], [ -75.02179, -8.73936 ], [ -75.02952, -8.74578 ], [ -75.04625, -8.74343 ], [ -75.06914, -8.75825 ], [ -75.07321, -8.77079 ], [ -75.09362, -8.77644 ], [ -75.10843, -8.7999 ], [ -75.12275, -8.79432 ], [ -75.12582, -8.76752 ], [ -75.111, -8.7545 ], [ -75.13427, -8.7238 ], [ -75.16216, -8.71649 ], [ -75.16751, -8.69543 ], [ -75.16533, -8.65845 ], [ -75.15564, -8.65182 ], [ -75.13826, -8.56416 ], [ -75.14737, -8.53614 ], [ -75.1431, -8.52778 ], [ -75.11689, -8.52511 ], [ -75.1009, -8.51246 ], [ -75.0422, -8.50587 ], [ -75.04285, -8.49277 ], [ -75.01887, -8.46358 ], [ -75.02463, -8.45789 ], [ -75.01663, -8.44514 ] ] ] } },
{ "type": "Feature", "properties": { "UBIGEO_INEI": "250303", "DEPARTAMEN": "UCAYALI", "PROVINCIA": "PADRE ABAD", "DISTRITO": "CURIMANA" }, "geometry": { "type": "Polygon", "coordinates": [ [ [ -75.45297, -8.21007 ], [ -75.41573, -8.24366 ], [ -75.39108, -8.23615 ], [ -75.37597, -8.24506 ], [ -75.27178, -8.26355 ], [ -75.24173, -8.24267 ], [ -75.21777, -8.24012 ], [ -75.20303, -8.25727 ], [ -75.18428, -8.25727 ], [ -75.17263, -8.26707 ], [ -75.15089, -8.26478 ], [ -75.13196, -8.27324 ], [ -75.12992, -8.26548 ], [ -75.11055, -8.26551 ], [ -75.07175, -8.27835 ], [ -75.03771, -8.31669 ], [ -75.02664, -8.36286 ], [ -75.00395, -8.38249 ], [ -75.01621, -8.3929 ], [ -75.01247, -8.40684 ], [ -75.02983, -8.41633 ], [ -75.0188, -8.46338 ], [ -75.04037, -8.48744 ], [ -75.0419, -8.50555 ], [ -75.07018, -8.51392 ], [ -75.1009, -8.51246 ], [ -75.20958, -8.562 ], [ -75.21007, -8.5695 ], [ -75.2446, -8.58523 ], [ -75.25288, -8.62612 ], [ -75.27963, -8.6281 ], [ -75.29505, -8.63988 ], [ -75.28727, -8.61574 ], [ -75.31161, -8.61382 ], [ -75.32777, -8.59993 ], [ -75.34045, -8.61272 ], [ -75.38499, -8.58176 ], [ -75.38572, -8.61038 ], [ -75.38714, -8.59423 ], [ -75.40094, -8.59089 ], [ -75.40817, -8.56768 ], [ -75.40899, -8.58321 ], [ -75.42609, -8.58491 ], [ -75.42014, -8.56554 ], [ -75.4277, -8.56804 ], [ -75.43063, -8.55987 ], [ -75.44643, -8.56708 ], [ -75.44909, -8.55833 ], [ -75.46653, -8.556 ], [ -75.45685, -8.56368 ], [ -75.46397, -8.56229 ], [ -75.47901, -8.58534 ], [ -75.49979, -8.55217 ], [ -75.51966, -8.55519 ], [ -75.51356, -8.54295 ], [ -75.51844, -8.52328 ], [ -75.53878, -8.52614 ], [ -75.53274, -8.50832 ], [ -75.54064, -8.51966 ], [ -75.54414, -8.51023 ], [ -75.55615, -8.51086 ], [ -75.55389, -8.50408 ], [ -75.57337, -8.48301 ], [ -75.58858, -8.48251 ], [ -75.59056, -8.49137 ], [ -75.59811, -8.4813 ], [ -75.61862, -8.47833 ], [ -75.64675, -8.43944 ], [ -75.6557, -8.446 ], [ -75.67405, -8.44267 ], [ -75.68731, -8.42329 ], [ -75.64512, -8.40889 ], [ -75.6184, -8.40829 ], [ -75.59775, -8.41295 ], [ -75.58346, -8.44119 ], [ -75.57229, -8.44458 ], [ -75.54642, -8.43239 ], [ -75.52727, -8.43997 ], [ -75.51084, -8.43204 ], [ -75.477, -8.43537 ], [ -75.45759, -8.4498 ], [ -75.41887, -8.45084 ], [ -75.47718, -8.38637 ], [ -75.48267, -8.34548 ], [ -75.49882, -8.34589 ], [ -75.51005, -8.33482 ], [ -75.49454, -8.32943 ], [ -75.49098, -8.31616 ], [ -75.50155, -8.28616 ], [ -75.47168, -8.25257 ], [ -75.45297, -8.21007 ] ] ] } },
{ "type": "Feature", "properties": { "UBIGEO_INEI": "021206", "DEPARTAMEN": "ANCASH", "PROVINCIA": "HUAYLAS", "DISTRITO": "PAMPAROMAS" }, "geometry": { "type": "Polygon", "coordinates": [ [ [ -77.95548, -8.98173 ], [ -77.94244, -8.97858 ], [ -77.928, -8.99809 ], [ -77.91524, -9.03153 ], [ -77.91843, -9.05671 ], [ -77.90296, -9.07561 ], [ -77.88187, -9.07786 ], [ -77.88246, -9.10508 ], [ -77.84453, -9.1697 ], [ -77.8433, -9.18667 ], [ -77.85213, -9.19414 ], [ -77.84121, -9.22255 ], [ -77.86127, -9.25119 ], [ -77.87672, -9.25035 ], [ -77.88609, -9.25977 ], [ -77.92783, -9.24612 ], [ -77.95845, -9.25399 ], [ -77.97649, -9.24324 ], [ -78.03508, -9.24568 ], [ -78.059, -9.23116 ], [ -78.06955, -9.21093 ], [ -78.06541, -9.19738 ], [ -78.07383, -9.17234 ], [ -78.04763, -9.17686 ], [ -78.01633, -9.16792 ], [ -78.06206, -9.12901 ], [ -78.05953, -9.08647 ], [ -78.02395, -9.06034 ], [ -77.99716, -9.01722 ], [ -77.97993, -9.01271 ], [ -77.95548, -8.98173 ] ] ] } },
{ "type": "Feature", "properties": { "UBIGEO_INEI": "020502", "DEPARTAMEN": "ANCASH", "PROVINCIA": "BOLOGNESI", "DISTRITO": "ABELARDO PARDO LEZAMETA" }, "geometry": { "type": "Polygon", "coordinates": [ [ [ -77.17189, -10.29029 ], [ -77.14244, -10.29994 ], [ -77.15448, -10.33606 ], [ -77.16387, -10.33343 ], [ -77.1695, -10.31258 ], [ -77.1788, -10.30644 ], [ -77.17189, -10.29029 ] ] ] } },
{ "type": "Feature", "properties": { "UBIGEO_INEI": "020503", "DEPARTAMEN": "ANCASH", "PROVINCIA": "BOLOGNESI", "DISTRITO": "ANTONIO RAYMONDI" }, "geometry": { "type": "Polygon", "coordinates": [ [ [ -77.51681, -10.1479 ], [ -77.47091, -10.15545 ], [ -77.43806, -10.17589 ], [ -77.41421, -10.20572 ], [ -77.4355, -10.20969 ], [ -77.43803, -10.2198 ], [ -77.4691, -10.22501 ], [ -77.48629, -10.2456 ], [ -77.52829, -10.26269 ], [ -77.5677, -10.23615 ], [ -77.5539, -10.18641 ], [ -77.53211, -10.17203 ], [ -77.51681, -10.1479 ] ] ] } },
{ "type": "Feature", "properties": { "UBIGEO_INEI": "020505", "DEPARTAMEN": "ANCASH", "PROVINCIA": "BOLOGNESI", "DISTRITO": "CAJACAY" }, "geometry": { "type": "Polygon", "coordinates": [ [ [ -77.31998, -10.12738 ], [ -77.28367, -10.15421 ], [ -77.274, -10.18113 ], [ -77.2516, -10.18827 ], [ -77.25713, -10.20312 ], [ -77.26891, -10.206 ], [ -77.27626, -10.23155 ], [ -77.26991, -10.2579 ], [ -77.29074, -10.26871 ], [ -77.30114, -10.28477 ], [ -77.3447, -10.22533 ], [ -77.37128, -10.20947 ], [ -77.41421, -10.20572 ], [ -77.43729, -10.17657 ], [ -77.47091, -10.15545 ], [ -77.40065, -10.13215 ], [ -77.34587, -10.16042 ], [ -77.33518, -10.14423 ], [ -77.34234, -10.13084 ], [ -77.31998, -10.12738 ] ] ] } },
{ "type": "Feature", "properties": { "UBIGEO_INEI": "020506", "DEPARTAMEN": "ANCASH", "PROVINCIA": "BOLOGNESI", "DISTRITO": "CANIS" }, "geometry": { "type": "Polygon", "coordinates": [ [ [ -77.23861, -10.30584 ], [ -77.15507, -10.33541 ], [ -77.15766, -10.36122 ], [ -77.19945, -10.33678 ], [ -77.21964, -10.33961 ], [ -77.23861, -10.30584 ] ] ] } },
{ "type": "Feature", "properties": { "UBIGEO_INEI": "020507", "DEPARTAMEN": "ANCASH", "PROVINCIA": "BOLOGNESI", "DISTRITO": "COLQUIOC" }, "geometry": { "type": "Polygon", "coordinates": [ [ [ -77.6744, -10.20671 ], [ -77.66709, -10.21643 ], [ -77.63432, -10.22423 ], [ -77.60803, -10.24051 ], [ -77.59195, -10.23696 ], [ -77.5778, -10.24943 ], [ -77.5677, -10.23615 ], [ -77.51545, -10.27717 ], [ -77.49216, -10.25827 ], [ -77.47237, -10.26767 ], [ -77.46252, -10.27566 ], [ -77.46629, -10.29561 ], [ -77.4782, -10.30719 ], [ -77.48148, -10.34623 ], [ -77.50018, -10.34779 ], [ -77.50295, -10.35749 ], [ -77.51633, -10.36353 ], [ -77.52272, -10.3872 ], [ -77.5802, -10.38852 ], [ -77.59937, -10.38333 ], [ -77.59881, -10.36313 ], [ -77.62028, -10.32709 ], [ -77.63166, -10.32221 ], [ -77.65125, -10.34461 ], [ -77.69875, -10.3221 ], [ -77.69643, -10.25685 ], [ -77.67752, -10.23423 ], [ -77.6744, -10.20671 ] ] ] } },
{ "type": "Feature", "properties": { "UBIGEO_INEI": "020511", "DEPARTAMEN": "ANCASH", "PROVINCIA": "BOLOGNESI", "DISTRITO": "LA PRIMAVERA" }, "geometry": { "type": "Polygon", "coordinates": [ [ [ -77.12506, -10.25444 ], [ -77.09071, -10.26053 ], [ -77.05321, -10.29138 ], [ -77.05942, -10.30611 ], [ -77.0959, -10.32257 ], [ -77.09124, -10.35339 ], [ -77.12716, -10.33555 ], [ -77.15671, -10.34561 ], [ -77.13957, -10.3027 ], [ -77.12319, -10.29078 ], [ -77.13822, -10.26361 ], [ -77.12506, -10.25444 ] ] ] } },
{ "type": "Feature", "properties": { "UBIGEO_INEI": "020512", "DEPARTAMEN": "ANCASH", "PROVINCIA": "BOLOGNESI", "DISTRITO": "MANGAS" }, "geometry": { "type": "Polygon", "coordinates": [ [ [ -77.03065, -10.26441 ], [ -77.00689, -10.28801 ], [ -77.01362, -10.31559 ], [ -77.0474, -10.33878 ], [ -77.07161, -10.3381 ], [ -77.0902, -10.37263 ], [ -77.11088, -10.39209 ], [ -77.11213, -10.40484 ], [ -77.13824, -10.42647 ], [ -77.15002, -10.45109 ], [ -77.17462, -10.4646 ], [ -77.17604, -10.48313 ], [ -77.18149, -10.48004 ], [ -77.18932, -10.45793 ], [ -77.17219, -10.44401 ], [ -77.17438, -10.405 ], [ -77.15529, -10.345 ], [ -77.12716, -10.33555 ], [ -77.09124, -10.35339 ], [ -77.0959, -10.32257 ], [ -77.05393, -10.29806 ], [ -77.05448, -10.28985 ], [ -77.07026, -10.28276 ], [ -77.03065, -10.26441 ] ] ] } },
{ "type": "Feature", "properties": { "UBIGEO_INEI": "020513", "DEPARTAMEN": "ANCASH", "PROVINCIA": "BOLOGNESI", "DISTRITO": "PACLLON" }, "geometry": { "type": "Polygon", "coordinates": [ [ [ -76.9273, -10.17725 ], [ -76.91192, -10.18507 ], [ -76.9161, -10.22459 ], [ -76.90484, -10.2377 ], [ -76.90625, -10.27419 ], [ -76.93601, -10.27851 ], [ -76.96545, -10.30538 ], [ -76.99815, -10.29139 ], [ -77.0023, -10.28192 ], [ -77.01137, -10.28603 ], [ -77.03137, -10.26398 ], [ -77.07026, -10.28276 ], [ -77.09071, -10.26053 ], [ -77.12411, -10.25437 ], [ -77.13822, -10.26361 ], [ -77.12617, -10.23918 ], [ -77.11393, -10.23619 ], [ -77.10539, -10.20108 ], [ -77.0752, -10.20485 ], [ -77.00769, -10.19228 ], [ -76.97439, -10.19812 ], [ -76.9273, -10.17725 ] ] ] } },
{ "type": "Feature", "properties": { "UBIGEO_INEI": "020514", "DEPARTAMEN": "ANCASH", "PROVINCIA": "BOLOGNESI", "DISTRITO": "SAN MIGUEL DE CORPANQUI" }, "geometry": { "type": "Polygon", "coordinates": [ [ [ -77.2371, -10.25266 ], [ -77.17393, -10.28715 ], [ -77.1795, -10.30393 ], [ -77.16387, -10.33343 ], [ -77.24101, -10.30592 ], [ -77.23765, -10.28757 ], [ -77.25553, -10.25379 ], [ -77.2371, -10.25266 ] ] ] } },
{ "type": "Feature", "properties": { "UBIGEO_INEI": "020515", "DEPARTAMEN": "ANCASH", "PROVINCIA": "BOLOGNESI", "DISTRITO": "TICLLOS" }, "geometry": { "type": "Polygon", "coordinates": [ [ [ -77.1926, -10.17303 ], [ -77.17171, -10.18754 ], [ -77.1762, -10.19761 ], [ -77.16587, -10.21861 ], [ -77.17241, -10.24524 ], [ -77.14977, -10.29781 ], [ -77.22201, -10.25779 ], [ -77.23751, -10.25254 ], [ -77.26978, -10.25747 ], [ -77.27417, -10.24694 ], [ -77.26733, -10.20431 ], [ -77.25713, -10.20312 ], [ -77.24217, -10.2262 ], [ -77.21505, -10.18369 ], [ -77.1926, -10.17303 ] ] ] } },
{ "type": "Feature", "properties": { "UBIGEO_INEI": "020105", "DEPARTAMEN": "ANCASH", "PROVINCIA": "HUARAZ", "DISTRITO": "INDEPENDENCIA" }, "geometry": { "type": "Polygon", "coordinates": [ [ [ -77.37044, -9.36825 ], [ -77.35102, -9.38846 ], [ -77.33009, -9.38239 ], [ -77.31688, -9.39503 ], [ -77.31972, -9.42711 ], [ -77.37297, -9.45786 ], [ -77.39184, -9.48076 ], [ -77.44304, -9.51636 ], [ -77.46601, -9.51471 ], [ -77.50761, -9.52842 ], [ -77.53595, -9.52415 ], [ -77.55736, -9.54774 ], [ -77.56194, -9.57073 ], [ -77.57322, -9.58198 ], [ -77.60512, -9.56754 ], [ -77.62596, -9.56942 ], [ -77.61704, -9.55425 ], [ -77.63426, -9.51971 ], [ -77.59537, -9.45317 ], [ -77.54301, -9.44415 ], [ -77.54025, -9.4322 ], [ -77.50885, -9.41349 ], [ -77.46613, -9.43689 ], [ -77.45037, -9.41097 ], [ -77.41872, -9.40892 ], [ -77.38449, -9.37174 ], [ -77.37044, -9.36825 ] ] ] } },
{ "type": "Feature", "properties": { "UBIGEO_INEI": "021405", "DEPARTAMEN": "ANCASH", "PROVINCIA": "OCROS", "DISTRITO": "COCHAS" }, "geometry": { "type": "Polygon", "coordinates": [ [ [ -77.42317, -10.52729 ], [ -77.42457, -10.61336 ], [ -77.40386, -10.60378 ], [ -77.38, -10.61145 ], [ -77.34692, -10.60645 ], [ -77.3673, -10.6383 ], [ -77.38011, -10.63944 ], [ -77.40226, -10.67755 ], [ -77.40379, -10.69097 ], [ -77.38566, -10.70779 ], [ -77.41543, -10.72998 ], [ -77.43614, -10.72364 ], [ -77.48587, -10.74508 ], [ -77.52395, -10.73498 ], [ -77.59119, -10.78645 ], [ -77.57844, -10.72272 ], [ -77.56314, -10.70943 ], [ -77.57454, -10.69431 ], [ -77.57535, -10.65887 ], [ -77.59058, -10.64556 ], [ -77.57412, -10.61466 ], [ -77.57497, -10.58031 ], [ -77.53899, -10.55567 ], [ -77.49949, -10.56588 ], [ -77.46353, -10.53383 ], [ -77.42317, -10.52729 ] ] ] } },
{ "type": "Feature", "properties": { "UBIGEO_INEI": "021008", "DEPARTAMEN": "ANCASH", "PROVINCIA": "HUARI", "DISTRITO": "HUANTAR" }, "geometry": { "type": "Polygon", "coordinates": [ [ [ -77.31444, -9.41238 ], [ -77.30672, -9.42003 ], [ -77.23572, -9.43271 ], [ -77.19658, -9.43297 ], [ -77.17657, -9.41989 ], [ -77.15819, -9.42851 ], [ -77.14261, -9.48103 ], [ -77.14931, -9.49462 ], [ -77.18997, -9.50314 ], [ -77.21027, -9.51832 ], [ -77.21541, -9.50624 ], [ -77.23084, -9.5052 ], [ -77.24069, -9.51327 ], [ -77.2533, -9.50208 ], [ -77.27484, -9.5134 ], [ -77.29195, -9.50573 ], [ -77.31034, -9.51473 ], [ -77.3262, -9.47193 ], [ -77.30217, -9.45431 ], [ -77.30077, -9.43987 ], [ -77.31972, -9.42711 ], [ -77.31444, -9.41238 ] ] ] } },
{ "type": "Feature", "properties": { "UBIGEO_INEI": "021009", "DEPARTAMEN": "ANCASH", "PROVINCIA": "HUARI", "DISTRITO": "MASIN" }, "geometry": { "type": "Polygon", "coordinates": [ [ [ -77.10784, -9.28264 ], [ -77.08087, -9.30552 ], [ -77.05905, -9.30052 ], [ -77.03069, -9.30641 ], [ -77.01456, -9.29973 ], [ -77.05894, -9.34705 ], [ -77.10407, -9.3686 ], [ -77.11817, -9.3869 ], [ -77.14081, -9.39386 ], [ -77.1299, -9.37381 ], [ -77.12833, -9.34285 ], [ -77.13613, -9.32049 ], [ -77.12628, -9.3112 ], [ -77.12801, -9.29466 ], [ -77.10784, -9.28264 ] ] ] } },
{ "type": "Feature", "properties": { "UBIGEO_INEI": "021010", "DEPARTAMEN": "ANCASH", "PROVINCIA": "HUARI", "DISTRITO": "PAUCAS" }, "geometry": { "type": "Polygon", "coordinates": [ [ [ -76.92928, -9.07057 ], [ -76.87317, -9.11252 ], [ -76.83191, -9.12254 ], [ -76.82738, -9.18298 ], [ -76.84041, -9.19815 ], [ -76.84895, -9.25168 ], [ -76.8633, -9.24959 ], [ -76.86775, -9.21944 ], [ -76.94582, -9.13957 ], [ -76.9454, -9.07483 ], [ -76.92928, -9.07057 ] ] ] } },
{ "type": "Feature", "properties": { "UBIGEO_INEI": "021011", "DEPARTAMEN": "ANCASH", "PROVINCIA": "HUARI", "DISTRITO": "PONTO" }, "geometry": { "type": "Polygon", "coordinates": [ [ [ -76.99294, -9.27087 ], [ -76.9781, -9.27463 ], [ -76.94881, -9.31931 ], [ -76.94821, -9.35355 ], [ -76.92396, -9.38253 ], [ -76.93608, -9.40585 ], [ -76.97693, -9.41261 ], [ -77.0, -9.39474 ], [ -77.00212, -9.38256 ], [ -77.03067, -9.38226 ], [ -77.03907, -9.32474 ], [ -76.99294, -9.27087 ] ] ] } },
{ "type": "Feature", "properties": { "UBIGEO_INEI": "021012", "DEPARTAMEN": "ANCASH", "PROVINCIA": "HUARI", "DISTRITO": "RAHUAPAMPA" }, "geometry": { "type": "Polygon", "coordinates": [ [ [ -77.03885, -9.32488 ], [ -77.04805, -9.35694 ], [ -77.08645, -9.37715 ], [ -77.09019, -9.3666 ], [ -77.03885, -9.32488 ] ] ] } },
{ "type": "Feature", "properties": { "UBIGEO_INEI": "021013", "DEPARTAMEN": "ANCASH", "PROVINCIA": "HUARI", "DISTRITO": "RAPAYAN" }, "geometry": { "type": "Polygon", "coordinates": [ [ [ -76.75757, -9.18157 ], [ -76.73461, -9.20879 ], [ -76.72597, -9.25615 ], [ -76.74014, -9.27334 ], [ -76.74546, -9.29672 ], [ -76.74081, -9.33075 ], [ -76.76562, -9.36727 ], [ -76.78287, -9.3429 ], [ -76.81548, -9.32646 ], [ -76.83681, -9.26348 ], [ -76.81172, -9.22518 ], [ -76.78562, -9.21412 ], [ -76.75757, -9.18157 ] ] ] } },
{ "type": "Feature", "properties": { "UBIGEO_INEI": "021014", "DEPARTAMEN": "ANCASH", "PROVINCIA": "HUARI", "DISTRITO": "SAN MARCOS" }, "geometry": { "type": "Polygon", "coordinates": [ [ [ -77.15783, -9.42906 ], [ -77.11974, -9.46152 ], [ -77.10104, -9.45729 ], [ -77.08531, -9.48502 ], [ -77.06638, -9.49273 ], [ -77.07198, -9.5005 ], [ -77.06276, -9.50838 ], [ -77.04886, -9.50985 ], [ -77.03988, -9.49183 ], [ -77.01712, -9.48786 ], [ -77.00791, -9.5169 ], [ -76.97498, -9.56337 ], [ -76.99021, -9.57937 ], [ -76.99527, -9.60344 ], [ -77.02924, -9.613 ], [ -77.04715, -9.63253 ], [ -77.04731, -9.65394 ], [ -77.02227, -9.70225 ], [ -77.0357, -9.71885 ], [ -77.02547, -9.72864 ], [ -77.02763, -9.76363 ], [ -77.04946, -9.78287 ], [ -77.04771, -9.79518 ], [ -77.09898, -9.80621 ], [ -77.09565, -9.8411 ], [ -77.14166, -9.83323 ], [ -77.13297, -9.80264 ], [ -77.13911, -9.72904 ], [ -77.13277, -9.68847 ], [ -77.14813, -9.67126 ], [ -77.17305, -9.67339 ], [ -77.20224, -9.63493 ], [ -77.1781, -9.6076 ], [ -77.17509, -9.5674 ], [ -77.14112, -9.4754 ], [ -77.15334, -9.45636 ], [ -77.15783, -9.42906 ] ] ] } },
{ "type": "Feature", "properties": { "UBIGEO_INEI": "021015", "DEPARTAMEN": "ANCASH", "PROVINCIA": "HUARI", "DISTRITO": "SAN PEDRO DE CHANA" }, "geometry": { "type": "Polygon", "coordinates": [ [ [ -77.03067, -9.38226 ], [ -77.00212, -9.38256 ], [ -77.0, -9.39474 ], [ -76.97693, -9.41261 ], [ -76.93608, -9.40585 ], [ -76.9303, -9.43319 ], [ -76.95329, -9.46748 ], [ -76.93862, -9.4917 ], [ -76.93755, -9.52537 ], [ -76.9551, -9.54269 ], [ -76.95511, -9.5603 ], [ -76.97498, -9.56337 ], [ -77.02662, -9.4757 ], [ -77.03736, -9.43695 ], [ -77.02325, -9.40567 ], [ -77.03067, -9.38226 ] ] ] } },
{ "type": "Feature", "properties": { "UBIGEO_INEI": "021016", "DEPARTAMEN": "ANCASH", "PROVINCIA": "HUARI", "DISTRITO": "UCO" }, "geometry": { "type": "Polygon", "coordinates": [ [ [ -76.94726, -9.13629 ], [ -76.91894, -9.17157 ], [ -76.87899, -9.21208 ], [ -76.90567, -9.22738 ], [ -76.91903, -9.22545 ], [ -76.91966, -9.21794 ], [ -76.97002, -9.22034 ], [ -76.96006, -9.20722 ], [ -76.96159, -9.15325 ], [ -76.94726, -9.13629 ] ] ] } },
{ "type": "Feature", "properties": { "UBIGEO_INEI": "021201", "DEPARTAMEN": "ANCASH", "PROVINCIA": "HUAYLAS", "DISTRITO": "CARAZ" }, "geometry": { "type": "Polygon", "coordinates": [ [ [ -77.63116, -8.95164 ], [ -77.61323, -8.95748 ], [ -77.62072, -8.97569 ], [ -77.61456, -8.99381 ], [ -77.66949, -9.03478 ], [ -77.68085, -9.03305 ], [ -77.69879, -9.05636 ], [ -77.72739, -9.07041 ], [ -77.74505, -9.06411 ], [ -77.7776, -9.08287 ], [ -77.78738, -9.07413 ], [ -77.82964, -9.09173 ], [ -77.88226, -9.09238 ], [ -77.87981, -9.06841 ], [ -77.85828, -9.05305 ], [ -77.84379, -9.05473 ], [ -77.8349, -9.04023 ], [ -77.84028, -9.02536 ], [ -77.81896, -9.00037 ], [ -77.84153, -8.9771 ], [ -77.81607, -8.96523 ], [ -77.78097, -8.99247 ], [ -77.73953, -8.97461 ], [ -77.70344, -8.96702 ], [ -77.69231, -8.97426 ], [ -77.63116, -8.95164 ] ] ] } },
{ "type": "Feature", "properties": { "UBIGEO_INEI": "021207", "DEPARTAMEN": "ANCASH", "PROVINCIA": "HUAYLAS", "DISTRITO": "PUEBLO LIBRE" }, "geometry": { "type": "Polygon", "coordinates": [ [ [ -77.78738, -9.07413 ], [ -77.77304, -9.10171 ], [ -77.78411, -9.11996 ], [ -77.77731, -9.18598 ], [ -77.78231, -9.21722 ], [ -77.79752, -9.22919 ], [ -77.84297, -9.21445 ], [ -77.85213, -9.19414 ], [ -77.8433, -9.18667 ], [ -77.84625, -9.16291 ], [ -77.88303, -9.10244 ], [ -77.88226, -9.09238 ], [ -77.82964, -9.09173 ], [ -77.78738, -9.07413 ] ] ] } },
{ "type": "Feature", "properties": { "UBIGEO_INEI": "020501", "DEPARTAMEN": "ANCASH", "PROVINCIA": "BOLOGNESI", "DISTRITO": "CHIQUIAN" }, "geometry": { "type": "Polygon", "coordinates": [ [ [ -77.17639, -10.07042 ], [ -77.17097, -10.08449 ], [ -77.15332, -10.08898 ], [ -77.16205, -10.11365 ], [ -77.156, -10.13013 ], [ -77.10301, -10.19004 ], [ -77.11393, -10.23619 ], [ -77.13805, -10.25353 ], [ -77.12319, -10.29078 ], [ -77.14037, -10.30801 ], [ -77.17225, -10.24581 ], [ -77.16624, -10.21193 ], [ -77.18066, -10.17764 ], [ -77.19351, -10.17281 ], [ -77.21505, -10.18369 ], [ -77.24353, -10.22638 ], [ -77.25713, -10.20312 ], [ -77.2525, -10.18657 ], [ -77.274, -10.18113 ], [ -77.28045, -10.16031 ], [ -77.24949, -10.13651 ], [ -77.20878, -10.13248 ], [ -77.20156, -10.09217 ], [ -77.18236, -10.08326 ], [ -77.17639, -10.07042 ] ] ] } },
{ "type": "Feature", "properties": { "UBIGEO_INEI": "020504", "DEPARTAMEN": "ANCASH", "PROVINCIA": "BOLOGNESI", "DISTRITO": "AQUIA" }, "geometry": { "type": "Polygon", "coordinates": [ [ [ -77.1588, -9.82716 ], [ -77.12517, -9.83962 ], [ -77.1159, -9.83316 ], [ -77.09488, -9.84082 ], [ -77.08769, -9.85388 ], [ -77.06916, -9.86204 ], [ -77.05321, -9.90807 ], [ -77.0367, -9.91632 ], [ -77.03448, -9.93007 ], [ -77.04208, -9.93983 ], [ -77.02289, -9.95303 ], [ -77.02381, -9.97779 ], [ -77.07271, -10.00381 ], [ -77.08768, -10.02661 ], [ -77.07843, -10.04426 ], [ -77.07724, -10.07333 ], [ -77.09044, -10.08061 ], [ -77.09195, -10.09219 ], [ -77.11468, -10.09977 ], [ -77.17038, -10.0849 ], [ -77.17673, -10.07018 ], [ -77.18236, -10.08326 ], [ -77.20851, -10.09152 ], [ -77.21673, -10.08371 ], [ -77.20793, -10.06154 ], [ -77.22429, -10.03871 ], [ -77.21412, -10.02373 ], [ -77.219, -10.01423 ], [ -77.2056, -9.96703 ], [ -77.22337, -9.95254 ], [ -77.21606, -9.94297 ], [ -77.21926, -9.92021 ], [ -77.18905, -9.92949 ], [ -77.17379, -9.91313 ], [ -77.18713, -9.83621 ], [ -77.1588, -9.82716 ] ] ] } },
{ "type": "Feature", "properties": { "UBIGEO_INEI": "020508", "DEPARTAMEN": "ANCASH", "PROVINCIA": "BOLOGNESI", "DISTRITO": "HUALLANCA" }, "geometry": { "type": "Polygon", "coordinates": [ [ [ -76.94499, -9.70317 ], [ -76.93425, -9.72947 ], [ -76.90158, -9.7697 ], [ -76.89776, -9.80929 ], [ -76.84199, -9.91089 ], [ -76.84186, -9.93062 ], [ -76.81376, -9.96015 ], [ -76.82562, -9.98929 ], [ -76.82503, -10.00923 ], [ -76.81496, -10.02343 ], [ -76.80719, -10.08448 ], [ -76.84324, -10.08679 ], [ -76.85358, -10.10178 ], [ -76.87134, -10.0943 ], [ -76.88293, -10.1172 ], [ -76.90194, -10.11334 ], [ -76.91546, -10.11991 ], [ -76.93491, -10.09546 ], [ -76.96115, -10.10659 ], [ -76.98343, -10.05748 ], [ -76.98149, -10.03285 ], [ -77.00746, -10.01236 ], [ -77.02345, -9.97734 ], [ -77.02319, -9.95239 ], [ -77.04208, -9.93983 ], [ -77.03448, -9.93007 ], [ -77.0367, -9.91632 ], [ -77.05321, -9.90807 ], [ -77.05896, -9.87708 ], [ -77.06916, -9.86204 ], [ -77.0888, -9.85268 ], [ -77.101, -9.81826 ], [ -77.09669, -9.80455 ], [ -77.04771, -9.79518 ], [ -77.04946, -9.78287 ], [ -77.0278, -9.76412 ], [ -77.02547, -9.72864 ], [ -77.03566, -9.71932 ], [ -77.03433, -9.70935 ], [ -77.02384, -9.70433 ], [ -76.97383, -9.76024 ], [ -76.98104, -9.72457 ], [ -76.97184, -9.71181 ], [ -76.94499, -9.70317 ] ] ] } },
{ "type": "Feature", "properties": { "UBIGEO_INEI": "020509", "DEPARTAMEN": "ANCASH", "PROVINCIA": "BOLOGNESI", "DISTRITO": "HUASTA" }, "geometry": { "type": "Polygon", "coordinates": [ [ [ -77.02345, -9.97734 ], [ -77.00746, -10.01236 ], [ -76.98149, -10.03285 ], [ -76.98343, -10.05748 ], [ -76.96115, -10.10659 ], [ -76.93491, -10.09546 ], [ -76.91834, -10.11432 ], [ -76.90863, -10.17707 ], [ -76.91256, -10.18534 ], [ -76.92849, -10.17709 ], [ -76.97439, -10.19812 ], [ -77.00769, -10.19228 ], [ -77.0752, -10.20485 ], [ -77.10539, -10.20108 ], [ -77.10502, -10.18122 ], [ -77.15625, -10.12972 ], [ -77.16208, -10.11435 ], [ -77.15721, -10.09716 ], [ -77.15167, -10.08697 ], [ -77.11536, -10.09986 ], [ -77.09195, -10.09219 ], [ -77.09044, -10.08061 ], [ -77.0761, -10.07122 ], [ -77.08768, -10.02661 ], [ -77.07271, -10.00381 ], [ -77.02345, -9.97734 ] ] ] } },
{ "type": "Feature", "properties": { "UBIGEO_INEI": "020510", "DEPARTAMEN": "ANCASH", "PROVINCIA": "BOLOGNESI", "DISTRITO": "HUAYLLACAYAN" }, "geometry": { "type": "Polygon", "coordinates": [ [ [ -77.41995, -10.20458 ], [ -77.37128, -10.20947 ], [ -77.33088, -10.24256 ], [ -77.32712, -10.25622 ], [ -77.35507, -10.28985 ], [ -77.39915, -10.27205 ], [ -77.45968, -10.27713 ], [ -77.48816, -10.25784 ], [ -77.51545, -10.27717 ], [ -77.52649, -10.27373 ], [ -77.52829, -10.26269 ], [ -77.48629, -10.2456 ], [ -77.4691, -10.22501 ], [ -77.43803, -10.2198 ], [ -77.4355, -10.20969 ], [ -77.41995, -10.20458 ] ] ] } },
{ "type": "Feature", "properties": { "UBIGEO_INEI": "020601", "DEPARTAMEN": "ANCASH", "PROVINCIA": "CARHUAZ", "DISTRITO": "CARHUAZ" }, "geometry": { "type": "Polygon", "coordinates": [ [ [ -77.54951, -9.20186 ], [ -77.51712, -9.20428 ], [ -77.51613, -9.22487 ], [ -77.55306, -9.28549 ], [ -77.58737, -9.29235 ], [ -77.60089, -9.26916 ], [ -77.63137, -9.27702 ], [ -77.63239, -9.29434 ], [ -77.62123, -9.30348 ], [ -77.64478, -9.32034 ], [ -77.64725, -9.34535 ], [ -77.66893, -9.3801 ], [ -77.71895, -9.38237 ], [ -77.7442, -9.37071 ], [ -77.74271, -9.35943 ], [ -77.75741, -9.34428 ], [ -77.72718, -9.32432 ], [ -77.7202, -9.28559 ], [ -77.70956, -9.27612 ], [ -77.64887, -9.27274 ], [ -77.60056, -9.22463 ], [ -77.5879, -9.21738 ], [ -77.57796, -9.22087 ], [ -77.54951, -9.20186 ] ] ] } },
{ "type": "Feature", "properties": { "UBIGEO_INEI": "020602", "DEPARTAMEN": "ANCASH", "PROVINCIA": "CARHUAZ", "DISTRITO": "ACOPAMPA" }, "geometry": { "type": "Polygon", "coordinates": [ [ [ -77.60296, -9.26912 ], [ -77.58732, -9.29295 ], [ -77.60031, -9.31133 ], [ -77.63239, -9.29434 ], [ -77.63137, -9.27702 ], [ -77.60296, -9.26912 ] ] ] } },
{ "type": "Feature", "properties": { "UBIGEO_INEI": "020603", "DEPARTAMEN": "ANCASH", "PROVINCIA": "CARHUAZ", "DISTRITO": "AMASHCA" }, "geometry": { "type": "Polygon", "coordinates": [ [ [ -77.64308, -9.19749 ], [ -77.62585, -9.21045 ], [ -77.63149, -9.23671 ], [ -77.65241, -9.24996 ], [ -77.66489, -9.2431 ], [ -77.64308, -9.19749 ] ] ] } },
{ "type": "Feature", "properties": { "UBIGEO_INEI": "020604", "DEPARTAMEN": "ANCASH", "PROVINCIA": "CARHUAZ", "DISTRITO": "ANTA" }, "geometry": { "type": "Polygon", "coordinates": [ [ [ -77.61035, -9.32335 ], [ -77.58911, -9.36185 ], [ -77.62714, -9.38561 ], [ -77.65224, -9.38602 ], [ -77.66202, -9.40542 ], [ -77.67476, -9.40305 ], [ -77.68392, -9.38364 ], [ -77.65653, -9.36651 ], [ -77.64874, -9.33297 ], [ -77.61035, -9.32335 ] ] ] } },
{ "type": "Feature", "properties": { "UBIGEO_INEI": "020605", "DEPARTAMEN": "ANCASH", "PROVINCIA": "CARHUAZ", "DISTRITO": "ATAQUERO" }, "geometry": { "type": "Polygon", "coordinates": [ [ [ -77.68901, -9.22453 ], [ -77.68048, -9.2457 ], [ -77.6852, -9.27127 ], [ -77.67499, -9.27496 ], [ -77.70956, -9.27612 ], [ -77.7202, -9.28559 ], [ -77.72718, -9.32432 ], [ -77.75741, -9.34428 ], [ -77.77546, -9.32326 ], [ -77.7671, -9.29329 ], [ -77.74399, -9.2903 ], [ -77.72514, -9.27703 ], [ -77.7135, -9.24657 ], [ -77.68901, -9.22453 ] ] ] } },
{ "type": "Feature", "properties": { "UBIGEO_INEI": "020606", "DEPARTAMEN": "ANCASH", "PROVINCIA": "CARHUAZ", "DISTRITO": "MARCARA" }, "geometry": { "type": "Polygon", "coordinates": [ [ [ -77.51757, -9.2359 ], [ -77.51083, -9.25435 ], [ -77.48037, -9.25532 ], [ -77.48079, -9.26997 ], [ -77.45096, -9.26399 ], [ -77.43213, -9.27551 ], [ -77.40898, -9.27313 ], [ -77.38894, -9.28894 ], [ -77.32568, -9.31005 ], [ -77.31813, -9.32797 ], [ -77.33456, -9.35272 ], [ -77.34112, -9.35209 ], [ -77.36077, -9.3155 ], [ -77.40264, -9.29687 ], [ -77.48274, -9.32411 ], [ -77.53265, -9.35775 ], [ -77.54898, -9.33886 ], [ -77.55443, -9.35223 ], [ -77.5698, -9.33541 ], [ -77.59276, -9.34854 ], [ -77.61026, -9.32237 ], [ -77.64874, -9.33297 ], [ -77.64478, -9.32034 ], [ -77.6236, -9.30448 ], [ -77.59927, -9.31123 ], [ -77.57984, -9.28748 ], [ -77.55306, -9.28549 ], [ -77.51757, -9.2359 ] ] ] } },
{ "type": "Feature", "properties": { "UBIGEO_INEI": "020607", "DEPARTAMEN": "ANCASH", "PROVINCIA": "CARHUAZ", "DISTRITO": "PARIAHUANCA" }, "geometry": { "type": "Polygon", "coordinates": [ [ [ -77.5698, -9.33541 ], [ -77.55443, -9.35223 ], [ -77.56672, -9.3792 ], [ -77.58494, -9.37529 ], [ -77.59276, -9.34854 ], [ -77.5698, -9.33541 ] ] ] } },
{ "type": "Feature", "properties": { "UBIGEO_INEI": "020101", "DEPARTAMEN": "ANCASH", "PROVINCIA": "HUARAZ", "DISTRITO": "HUARAZ" }, "geometry": { "type": "Polygon", "coordinates": [ [ [ -77.31937, -9.42718 ], [ -77.30057, -9.44023 ], [ -77.30852, -9.46454 ], [ -77.3262, -9.47193 ], [ -77.30535, -9.5376 ], [ -77.32304, -9.53662 ], [ -77.34398, -9.55279 ], [ -77.37542, -9.56207 ], [ -77.43487, -9.60828 ], [ -77.50129, -9.6274 ], [ -77.48419, -9.66202 ], [ -77.5031, -9.6627 ], [ -77.52206, -9.68417 ], [ -77.52508, -9.72648 ], [ -77.53687, -9.7377 ], [ -77.54707, -9.71252 ], [ -77.54161, -9.70589 ], [ -77.56921, -9.66915 ], [ -77.59203, -9.65878 ], [ -77.59817, -9.63974 ], [ -77.61368, -9.649 ], [ -77.60905, -9.62989 ], [ -77.64445, -9.60711 ], [ -77.64476, -9.59083 ], [ -77.6245, -9.58158 ], [ -77.62319, -9.56862 ], [ -77.60512, -9.56754 ], [ -77.57322, -9.58198 ], [ -77.56194, -9.57073 ], [ -77.55736, -9.54774 ], [ -77.53595, -9.52415 ], [ -77.50761, -9.52842 ], [ -77.46601, -9.51471 ], [ -77.44304, -9.51636 ], [ -77.39184, -9.48076 ], [ -77.37297, -9.45786 ], [ -77.31937, -9.42718 ] ] ] } },
{ "type": "Feature", "properties": { "UBIGEO_INEI": "020102", "DEPARTAMEN": "ANCASH", "PROVINCIA": "HUARAZ", "DISTRITO": "COCHABAMBA" }, "geometry": { "type": "Polygon", "coordinates": [ [ [ -77.85693, -9.40275 ], [ -77.83408, -9.42591 ], [ -77.77892, -9.42509 ], [ -77.7739, -9.44422 ], [ -77.78069, -9.45004 ], [ -77.78229, -9.48011 ], [ -77.83732, -9.50297 ], [ -77.84882, -9.51773 ], [ -77.90114, -9.52128 ], [ -77.91904, -9.49831 ], [ -77.91535, -9.48763 ], [ -77.93353, -9.48079 ], [ -77.91574, -9.46918 ], [ -77.89236, -9.42942 ], [ -77.85693, -9.40275 ] ] ] } },
{ "type": "Feature", "properties": { "UBIGEO_INEI": "020104", "DEPARTAMEN": "ANCASH", "PROVINCIA": "HUARAZ", "DISTRITO": "HUANCHAY" }, "geometry": { "type": "Polygon", "coordinates": [ [ [ -77.7661, -9.66543 ], [ -77.73251, -9.68944 ], [ -77.72691, -9.70536 ], [ -77.73381, -9.73721 ], [ -77.74875, -9.75265 ], [ -77.759, -9.78657 ], [ -77.7808, -9.80067 ], [ -77.86577, -9.7638 ], [ -77.95381, -9.77159 ], [ -77.9629, -9.77846 ], [ -77.94702, -9.75398 ], [ -77.90815, -9.73818 ], [ -77.89368, -9.71346 ], [ -77.87217, -9.7068 ], [ -77.85151, -9.67358 ], [ -77.80077, -9.66989 ], [ -77.78851, -9.67784 ], [ -77.7661, -9.66543 ] ] ] } },
{ "type": "Feature", "properties": { "UBIGEO_INEI": "020106", "DEPARTAMEN": "ANCASH", "PROVINCIA": "HUARAZ", "DISTRITO": "JANGAS" }, "geometry": { "type": "Polygon", "coordinates": [ [ [ -77.57805, -9.39246 ], [ -77.57164, -9.41236 ], [ -77.55478, -9.42144 ], [ -77.54855, -9.43814 ], [ -77.56382, -9.45006 ], [ -77.59537, -9.45317 ], [ -77.61414, -9.4929 ], [ -77.62261, -9.49457 ], [ -77.63262, -9.47589 ], [ -77.6544, -9.47134 ], [ -77.64368, -9.43259 ], [ -77.61301, -9.42208 ], [ -77.60105, -9.40107 ], [ -77.57805, -9.39246 ] ] ] } },
{ "type": "Feature", "properties": { "UBIGEO_INEI": "020107", "DEPARTAMEN": "ANCASH", "PROVINCIA": "HUARAZ", "DISTRITO": "LA LIBERTAD" }, "geometry": { "type": "Polygon", "coordinates": [ [ [ -77.78314, -9.56171 ], [ -77.76503, -9.57943 ], [ -77.72393, -9.6004 ], [ -77.6858, -9.60735 ], [ -77.6728, -9.62053 ], [ -77.6472, -9.60261 ], [ -77.62759, -9.61393 ], [ -77.62206, -9.62194 ], [ -77.66428, -9.66046 ], [ -77.66099, -9.686 ], [ -77.67975, -9.68489 ], [ -77.69861, -9.69721 ], [ -77.71212, -9.69002 ], [ -77.72693, -9.70218 ], [ -77.74479, -9.67834 ], [ -77.75369, -9.67938 ], [ -77.77274, -9.66358 ], [ -77.78807, -9.63377 ], [ -77.78314, -9.56171 ] ] ] } },
{ "type": "Feature", "properties": { "UBIGEO_INEI": "020108", "DEPARTAMEN": "ANCASH", "PROVINCIA": "HUARAZ", "DISTRITO": "OLLEROS" }, "geometry": { "type": "Polygon", "coordinates": [ [ [ -77.31784, -9.53617 ], [ -77.30081, -9.55501 ], [ -77.30812, -9.57904 ], [ -77.29179, -9.58697 ], [ -77.26627, -9.64676 ], [ -77.32692, -9.67893 ], [ -77.33762, -9.66536 ], [ -77.41824, -9.67967 ], [ -77.46053, -9.66672 ], [ -77.47936, -9.67143 ], [ -77.50129, -9.6274 ], [ -77.43466, -9.60818 ], [ -77.37675, -9.56284 ], [ -77.31784, -9.53617 ] ] ] } },
{ "type": "Feature", "properties": { "UBIGEO_INEI": "020109", "DEPARTAMEN": "ANCASH", "PROVINCIA": "HUARAZ", "DISTRITO": "PAMPAS GRANDE" }, "geometry": { "type": "Polygon", "coordinates": [ [ [ -77.97021, -9.53122 ], [ -77.94832, -9.54006 ], [ -77.92492, -9.53531 ], [ -77.90368, -9.54479 ], [ -77.89691, -9.56767 ], [ -77.88675, -9.56184 ], [ -77.86482, -9.57533 ], [ -77.84611, -9.5764 ], [ -77.81705, -9.61103 ], [ -77.78662, -9.62379 ], [ -77.78273, -9.64851 ], [ -77.7694, -9.66579 ], [ -77.78851, -9.67784 ], [ -77.80077, -9.66989 ], [ -77.85071, -9.67313 ], [ -77.87217, -9.7068 ], [ -77.89368, -9.71346 ], [ -77.90815, -9.73818 ], [ -77.92833, -9.74137 ], [ -77.96302, -9.77292 ], [ -77.98712, -9.73945 ], [ -77.96762, -9.70614 ], [ -78.0004, -9.71157 ], [ -78.04189, -9.6899 ], [ -78.00809, -9.68315 ], [ -77.98989, -9.64505 ], [ -77.97603, -9.63905 ], [ -77.96079, -9.61537 ], [ -77.95926, -9.59045 ], [ -77.97471, -9.56987 ], [ -77.97415, -9.55048 ], [ -77.99368, -9.53576 ], [ -77.97021, -9.53122 ] ] ] } },
{ "type": "Feature", "properties": { "UBIGEO_INEI": "020110", "DEPARTAMEN": "ANCASH", "PROVINCIA": "HUARAZ", "DISTRITO": "PARIACOTO" }, "geometry": { "type": "Polygon", "coordinates": [ [ [ -77.7442, -9.37071 ], [ -77.71895, -9.38237 ], [ -77.69048, -9.37784 ], [ -77.67451, -9.40207 ], [ -77.69855, -9.39148 ], [ -77.71618, -9.43635 ], [ -77.73129, -9.45349 ], [ -77.73281, -9.48234 ], [ -77.75436, -9.49696 ], [ -77.7787, -9.54282 ], [ -77.7953, -9.55127 ], [ -77.86731, -9.54739 ], [ -77.89645, -9.56777 ], [ -77.90614, -9.54273 ], [ -77.92539, -9.53523 ], [ -77.94679, -9.53997 ], [ -77.92822, -9.49867 ], [ -77.91832, -9.49977 ], [ -77.90114, -9.52128 ], [ -77.87609, -9.52347 ], [ -77.84843, -9.51754 ], [ -77.81622, -9.49263 ], [ -77.78982, -9.48846 ], [ -77.7739, -9.44422 ], [ -77.77892, -9.42509 ], [ -77.76078, -9.41582 ], [ -77.76579, -9.4001 ], [ -77.7442, -9.37071 ] ] ] } },
{ "type": "Feature", "properties": { "UBIGEO_INEI": "020111", "DEPARTAMEN": "ANCASH", "PROVINCIA": "HUARAZ", "DISTRITO": "PIRA" }, "geometry": { "type": "Polygon", "coordinates": [ [ [ -77.69506, -9.38985 ], [ -77.67476, -9.40305 ], [ -77.68138, -9.41766 ], [ -77.66564, -9.42666 ], [ -77.64929, -9.4528 ], [ -77.65395, -9.47202 ], [ -77.63262, -9.47589 ], [ -77.62261, -9.49457 ], [ -77.63426, -9.51971 ], [ -77.61704, -9.55425 ], [ -77.62774, -9.56602 ], [ -77.62357, -9.58037 ], [ -77.64476, -9.59083 ], [ -77.64454, -9.60075 ], [ -77.67241, -9.62051 ], [ -77.6858, -9.60735 ], [ -77.72393, -9.6004 ], [ -77.76503, -9.57943 ], [ -77.79412, -9.55111 ], [ -77.77245, -9.53581 ], [ -77.75436, -9.49696 ], [ -77.73281, -9.48234 ], [ -77.73129, -9.45349 ], [ -77.69506, -9.38985 ] ] ] } },
{ "type": "Feature", "properties": { "UBIGEO_INEI": "020112", "DEPARTAMEN": "ANCASH", "PROVINCIA": "HUARAZ", "DISTRITO": "TARICA" }, "geometry": { "type": "Polygon", "coordinates": [ [ [ -77.39726, -9.34686 ], [ -77.39852, -9.35608 ], [ -77.38259, -9.37057 ], [ -77.39107, -9.38338 ], [ -77.41872, -9.40892 ], [ -77.45037, -9.41097 ], [ -77.46613, -9.43689 ], [ -77.50885, -9.41349 ], [ -77.54883, -9.4427 ], [ -77.54953, -9.42925 ], [ -77.57164, -9.41236 ], [ -77.58489, -9.37598 ], [ -77.54229, -9.38659 ], [ -77.53001, -9.37271 ], [ -77.46501, -9.36699 ], [ -77.44339, -9.35088 ], [ -77.41547, -9.35577 ], [ -77.39726, -9.34686 ] ] ] } },
{ "type": "Feature", "properties": { "UBIGEO_INEI": "021409", "DEPARTAMEN": "ANCASH", "PROVINCIA": "OCROS", "DISTRITO": "SAN PEDRO" }, "geometry": { "type": "Polygon", "coordinates": [ [ [ -77.48875, -10.3444 ], [ -77.45894, -10.37024 ], [ -77.42788, -10.36465 ], [ -77.43687, -10.43373 ], [ -77.46008, -10.48578 ], [ -77.47194, -10.54629 ], [ -77.49949, -10.56588 ], [ -77.53975, -10.55599 ], [ -77.57665, -10.58375 ], [ -77.60494, -10.59013 ], [ -77.61931, -10.60229 ], [ -77.61951, -10.61425 ], [ -77.63816, -10.6029 ], [ -77.64534, -10.58286 ], [ -77.63821, -10.56303 ], [ -77.61458, -10.54639 ], [ -77.61633, -10.52467 ], [ -77.59965, -10.51745 ], [ -77.60247, -10.50824 ], [ -77.62474, -10.50203 ], [ -77.66924, -10.54057 ], [ -77.694, -10.5395 ], [ -77.70882, -10.54806 ], [ -77.71008, -10.56017 ], [ -77.72756, -10.55271 ], [ -77.73574, -10.56848 ], [ -77.74479, -10.56078 ], [ -77.74314, -10.52897 ], [ -77.72064, -10.50303 ], [ -77.71059, -10.50385 ], [ -77.71241, -10.49165 ], [ -77.68818, -10.45377 ], [ -77.68392, -10.43139 ], [ -77.66578, -10.42712 ], [ -77.6453, -10.40866 ], [ -77.63456, -10.41227 ], [ -77.59811, -10.38285 ], [ -77.56108, -10.39018 ], [ -77.52272, -10.3872 ], [ -77.51633, -10.36353 ], [ -77.48875, -10.3444 ] ] ] } },
{ "type": "Feature", "properties": { "UBIGEO_INEI": "021410", "DEPARTAMEN": "ANCASH", "PROVINCIA": "OCROS", "DISTRITO": "SANTIAGO DE CHILCAS" }, "geometry": { "type": "Polygon", "coordinates": [ [ [ -77.31315, -10.38374 ], [ -77.27489, -10.38953 ], [ -77.26956, -10.3981 ], [ -77.27994, -10.41269 ], [ -77.33097, -10.43932 ], [ -77.37586, -10.47874 ], [ -77.40569, -10.48889 ], [ -77.41246, -10.50134 ], [ -77.40862, -10.52921 ], [ -77.41976, -10.54289 ], [ -77.42812, -10.49252 ], [ -77.42021, -10.48924 ], [ -77.41793, -10.45488 ], [ -77.39788, -10.42412 ], [ -77.38249, -10.41463 ], [ -77.34652, -10.41317 ], [ -77.31315, -10.38374 ] ] ] } },
{ "type": "Feature", "properties": { "UBIGEO_INEI": "020103", "DEPARTAMEN": "ANCASH", "PROVINCIA": "HUARAZ", "DISTRITO": "COLCABAMBA" }, "geometry": { "type": "Polygon", "coordinates": [ [ [ -77.85086, -9.54565 ], [ -77.84369, -9.55276 ], [ -77.82074, -9.54713 ], [ -77.78525, -9.55826 ], [ -77.78662, -9.62379 ], [ -77.81705, -9.61103 ], [ -77.84611, -9.5764 ], [ -77.86482, -9.57533 ], [ -77.88774, -9.562 ], [ -77.86784, -9.54758 ], [ -77.85086, -9.54565 ] ] ] } },
{ "type": "Feature", "properties": { "UBIGEO_INEI": "021202", "DEPARTAMEN": "ANCASH", "PROVINCIA": "HUAYLAS", "DISTRITO": "HUALLANCA" }, "geometry": { "type": "Polygon", "coordinates": [ [ [ -77.97203, -8.692 ], [ -77.95613, -8.69936 ], [ -77.92165, -8.74717 ], [ -77.86984, -8.76295 ], [ -77.85281, -8.77933 ], [ -77.84398, -8.79663 ], [ -77.85479, -8.8131 ], [ -77.84424, -8.81054 ], [ -77.82971, -8.82145 ], [ -77.82234, -8.84468 ], [ -77.83068, -8.86571 ], [ -77.82691, -8.87711 ], [ -77.84499, -8.89882 ], [ -77.86914, -8.87881 ], [ -77.86292, -8.85593 ], [ -77.9217, -8.83513 ], [ -77.95824, -8.78585 ], [ -77.99735, -8.79596 ], [ -78.01529, -8.75568 ], [ -77.99546, -8.70708 ], [ -77.98645, -8.69499 ], [ -77.97203, -8.692 ] ] ] } },
{ "type": "Feature", "properties": { "UBIGEO_INEI": "021203", "DEPARTAMEN": "ANCASH", "PROVINCIA": "HUAYLAS", "DISTRITO": "HUATA" }, "geometry": { "type": "Polygon", "coordinates": [ [ [ -77.82941, -8.98622 ], [ -77.81885, -9.0 ], [ -77.84028, -9.02536 ], [ -77.8349, -9.04023 ], [ -77.84379, -9.05473 ], [ -77.8626, -9.05492 ], [ -77.88536, -9.0796 ], [ -77.90957, -9.07149 ], [ -77.91923, -9.05496 ], [ -77.91524, -9.03153 ], [ -77.9234, -9.01473 ], [ -77.91762, -9.00598 ], [ -77.8903, -8.99586 ], [ -77.83974, -8.99834 ], [ -77.82941, -8.98622 ] ] ] } },
{ "type": "Feature", "properties": { "UBIGEO_INEI": "021204", "DEPARTAMEN": "ANCASH", "PROVINCIA": "HUAYLAS", "DISTRITO": "HUAYLAS" }, "geometry": { "type": "Polygon", "coordinates": [ [ [ -77.91273, -8.83906 ], [ -77.86292, -8.85593 ], [ -77.86949, -8.87775 ], [ -77.84499, -8.89882 ], [ -77.84501, -8.91064 ], [ -77.86273, -8.90654 ], [ -77.90795, -8.92747 ], [ -77.91882, -8.91524 ], [ -77.94653, -8.91794 ], [ -77.95054, -8.90825 ], [ -77.89538, -8.866 ], [ -77.91332, -8.85121 ], [ -77.91273, -8.83906 ] ] ] } },
{ "type": "Feature", "properties": { "UBIGEO_INEI": "021205", "DEPARTAMEN": "ANCASH", "PROVINCIA": "HUAYLAS", "DISTRITO": "MATO" }, "geometry": { "type": "Polygon", "coordinates": [ [ [ -77.86463, -8.90743 ], [ -77.84501, -8.91064 ], [ -77.84856, -8.9274 ], [ -77.83284, -8.95911 ], [ -77.84188, -8.97597 ], [ -77.82942, -8.98622 ], [ -77.8386, -8.99795 ], [ -77.89905, -8.99678 ], [ -77.92084, -9.01091 ], [ -77.95572, -8.95478 ], [ -77.94197, -8.92002 ], [ -77.91882, -8.91524 ], [ -77.90716, -8.92735 ], [ -77.86463, -8.90743 ] ] ] } },
{ "type": "Feature", "properties": { "UBIGEO_INEI": "021208", "DEPARTAMEN": "ANCASH", "PROVINCIA": "HUAYLAS", "DISTRITO": "SANTA CRUZ" }, "geometry": { "type": "Polygon", "coordinates": [ [ [ -77.67436, -8.82511 ], [ -77.66328, -8.83761 ], [ -77.65418, -8.87802 ], [ -77.61008, -8.8715 ], [ -77.60463, -8.88671 ], [ -77.57669, -8.89456 ], [ -77.58862, -8.94157 ], [ -77.60337, -8.94231 ], [ -77.61362, -8.95652 ], [ -77.65072, -8.95486 ], [ -77.69231, -8.97426 ], [ -77.71722, -8.96887 ], [ -77.78097, -8.99247 ], [ -77.81607, -8.96523 ], [ -77.84153, -8.9771 ], [ -77.83298, -8.95767 ], [ -77.84837, -8.92032 ], [ -77.82964, -8.87159 ], [ -77.75077, -8.83059 ], [ -77.68715, -8.83358 ], [ -77.67436, -8.82511 ] ] ] } },
{ "type": "Feature", "properties": { "UBIGEO_INEI": "021209", "DEPARTAMEN": "ANCASH", "PROVINCIA": "HUAYLAS", "DISTRITO": "SANTO TORIBIO" }, "geometry": { "type": "Polygon", "coordinates": [ [ [ -77.96336, -8.78447 ], [ -77.91323, -8.83856 ], [ -77.91332, -8.85121 ], [ -77.8951, -8.86445 ], [ -77.95099, -8.90888 ], [ -77.96319, -8.88964 ], [ -77.97989, -8.88527 ], [ -77.98603, -8.84843 ], [ -78.00077, -8.84192 ], [ -77.98912, -8.82803 ], [ -77.99506, -8.80771 ], [ -77.98951, -8.79449 ], [ -77.96336, -8.78447 ] ] ] } },
{ "type": "Feature", "properties": { "UBIGEO_INEI": "021210", "DEPARTAMEN": "ANCASH", "PROVINCIA": "HUAYLAS", "DISTRITO": "YURACMARCA" }, "geometry": { "type": "Polygon", "coordinates": [ [ [ -77.73094, -8.6556 ], [ -77.67169, -8.69305 ], [ -77.65573, -8.72348 ], [ -77.64536, -8.72437 ], [ -77.61499, -8.75097 ], [ -77.60139, -8.74505 ], [ -77.5812, -8.77112 ], [ -77.58974, -8.79325 ], [ -77.5808, -8.81727 ], [ -77.59762, -8.83377 ], [ -77.60116, -8.87078 ], [ -77.65236, -8.87931 ], [ -77.66328, -8.83761 ], [ -77.67371, -8.82499 ], [ -77.68715, -8.83358 ], [ -77.75077, -8.83059 ], [ -77.82964, -8.87159 ], [ -77.8225, -8.84359 ], [ -77.83888, -8.81268 ], [ -77.85479, -8.8131 ], [ -77.84398, -8.79663 ], [ -77.85281, -8.77933 ], [ -77.86984, -8.76295 ], [ -77.91854, -8.74686 ], [ -77.90508, -8.71486 ], [ -77.88989, -8.70657 ], [ -77.87995, -8.68404 ], [ -77.80077, -8.66111 ], [ -77.77234, -8.67393 ], [ -77.73094, -8.6556 ] ] ] } },
{ "type": "Feature", "properties": { "UBIGEO_INEI": "021301", "DEPARTAMEN": "ANCASH", "PROVINCIA": "MARISCAL LUZURIAGA", "DISTRITO": "PISCOBAMBA" }, "geometry": { "type": "Polygon", "coordinates": [ [ [ -77.32583, -8.82149 ], [ -77.30763, -8.84358 ], [ -77.33858, -8.88257 ], [ -77.35237, -8.87959 ], [ -77.3678, -8.90856 ], [ -77.4028, -8.8712 ], [ -77.348, -8.82911 ], [ -77.32583, -8.82149 ] ] ] } },
{ "type": "Feature", "properties": { "UBIGEO_INEI": "021302", "DEPARTAMEN": "ANCASH", "PROVINCIA": "MARISCAL LUZURIAGA", "DISTRITO": "CASCA" }, "geometry": { "type": "Polygon", "coordinates": [ [ [ -77.39264, -8.77743 ], [ -77.3689, -8.7915 ], [ -77.34469, -8.78345 ], [ -77.32597, -8.82106 ], [ -77.348, -8.82911 ], [ -77.40279, -8.87251 ], [ -77.44712, -8.83719 ], [ -77.43793, -8.8135 ], [ -77.41342, -8.80565 ], [ -77.39264, -8.77743 ] ] ] } },
{ "type": "Feature", "properties": { "UBIGEO_INEI": "021303", "DEPARTAMEN": "ANCASH", "PROVINCIA": "MARISCAL LUZURIAGA", "DISTRITO": "ELEAZAR GUZMAN BARRON" }, "geometry": { "type": "Polygon", "coordinates": [ [ [ -77.25008, -8.84149 ], [ -77.23553, -8.86194 ], [ -77.216, -8.85069 ], [ -77.1766, -8.84589 ], [ -77.16997, -8.85752 ], [ -77.17259, -8.87637 ], [ -77.15953, -8.8971 ], [ -77.17471, -8.92682 ], [ -77.21768, -8.92362 ], [ -77.24887, -8.93251 ], [ -77.28568, -8.86136 ], [ -77.28044, -8.8456 ], [ -77.25008, -8.84149 ] ] ] } },
{ "type": "Feature", "properties": { "UBIGEO_INEI": "021304", "DEPARTAMEN": "ANCASH", "PROVINCIA": "MARISCAL LUZURIAGA", "DISTRITO": "FIDEL OLIVAS ESCUDERO" }, "geometry": { "type": "Polygon", "coordinates": [ [ [ -77.28084, -8.70312 ], [ -77.26177, -8.71471 ], [ -77.24736, -8.71276 ], [ -77.24817, -8.72731 ], [ -77.22706, -8.74368 ], [ -77.22581, -8.76694 ], [ -77.20654, -8.78162 ], [ -77.19573, -8.81499 ], [ -77.17426, -8.83449 ], [ -77.17731, -8.84647 ], [ -77.20556, -8.84785 ], [ -77.23553, -8.86194 ], [ -77.25107, -8.84113 ], [ -77.28044, -8.8456 ], [ -77.28373, -8.8522 ], [ -77.2957, -8.83754 ], [ -77.30859, -8.84011 ], [ -77.32332, -8.82825 ], [ -77.34469, -8.78345 ], [ -77.3689, -8.7915 ], [ -77.395, -8.7701 ], [ -77.33227, -8.73195 ], [ -77.30872, -8.72695 ], [ -77.28084, -8.70312 ] ] ] } },
{ "type": "Feature", "properties": { "UBIGEO_INEI": "021305", "DEPARTAMEN": "ANCASH", "PROVINCIA": "MARISCAL LUZURIAGA", "DISTRITO": "LLAMA" }, "geometry": { "type": "Polygon", "coordinates": [ [ [ -77.28527, -8.86204 ], [ -77.24627, -8.93503 ], [ -77.29704, -8.94748 ], [ -77.32354, -8.91769 ], [ -77.32429, -8.89515 ], [ -77.3204, -8.87907 ], [ -77.28527, -8.86204 ] ] ] } },
{ "type": "Feature", "properties": { "UBIGEO_INEI": "021306", "DEPARTAMEN": "ANCASH", "PROVINCIA": "MARISCAL LUZURIAGA", "DISTRITO": "LLUMPA" }, "geometry": { "type": "Polygon", "coordinates": [ [ [ -77.35533, -8.93348 ], [ -77.32351, -8.94648 ], [ -77.35219, -8.96087 ], [ -77.3595, -8.97724 ], [ -77.38633, -8.99508 ], [ -77.44571, -8.99006 ], [ -77.49221, -9.00822 ], [ -77.51787, -9.0052 ], [ -77.55144, -8.98911 ], [ -77.56192, -8.95367 ], [ -77.5471, -8.94831 ], [ -77.54463, -8.93474 ], [ -77.53545, -8.94111 ], [ -77.48898, -8.93564 ], [ -77.48321, -8.94449 ], [ -77.47825, -8.93841 ], [ -77.46221, -8.94648 ], [ -77.42626, -8.937 ], [ -77.39683, -8.94823 ], [ -77.37908, -8.93651 ], [ -77.35533, -8.93348 ] ] ] } },
{ "type": "Feature", "properties": { "UBIGEO_INEI": "021307", "DEPARTAMEN": "ANCASH", "PROVINCIA": "MARISCAL LUZURIAGA", "DISTRITO": "LUCMA" }, "geometry": { "type": "Polygon", "coordinates": [ [ [ -77.56345, -8.90337 ], [ -77.52551, -8.90508 ], [ -77.51482, -8.92336 ], [ -77.48648, -8.90562 ], [ -77.43836, -8.91422 ], [ -77.40582, -8.91327 ], [ -77.39231, -8.90447 ], [ -77.36219, -8.90911 ], [ -77.32351, -8.94648 ], [ -77.35587, -8.9329 ], [ -77.39683, -8.94823 ], [ -77.42626, -8.937 ], [ -77.44743, -8.94599 ], [ -77.47825, -8.93841 ], [ -77.48321, -8.94449 ], [ -77.49542, -8.9351 ], [ -77.53683, -8.94105 ], [ -77.56345, -8.90337 ] ] ] } },
{ "type": "Feature", "properties": { "UBIGEO_INEI": "021308", "DEPARTAMEN": "ANCASH", "PROVINCIA": "MARISCAL LUZURIAGA", "DISTRITO": "MUSGA" }, "geometry": { "type": "Polygon", "coordinates": [ [ [ -77.29842, -8.83682 ], [ -77.28377, -8.84704 ], [ -77.28466, -8.86023 ], [ -77.3204, -8.87907 ], [ -77.32429, -8.89515 ], [ -77.32354, -8.91769 ], [ -77.29704, -8.94748 ], [ -77.32471, -8.94643 ], [ -77.3678, -8.90856 ], [ -77.35237, -8.87959 ], [ -77.33858, -8.88257 ], [ -77.30859, -8.84011 ], [ -77.29842, -8.83682 ] ] ] } },
{ "type": "Feature", "properties": { "UBIGEO_INEI": "020608", "DEPARTAMEN": "ANCASH", "PROVINCIA": "CARHUAZ", "DISTRITO": "SAN MIGUEL DE ACO" }, "geometry": { "type": "Polygon", "coordinates": [ [ [ -77.48274, -9.32411 ], [ -77.39721, -9.29711 ], [ -77.35971, -9.31662 ], [ -77.34756, -9.34675 ], [ -77.3325, -9.35722 ], [ -77.33009, -9.38239 ], [ -77.35102, -9.38846 ], [ -77.37079, -9.36797 ], [ -77.38414, -9.36998 ], [ -77.39852, -9.35608 ], [ -77.39764, -9.34661 ], [ -77.41547, -9.35577 ], [ -77.44339, -9.35088 ], [ -77.46501, -9.36699 ], [ -77.53001, -9.37271 ], [ -77.54229, -9.38659 ], [ -77.56672, -9.3792 ], [ -77.54898, -9.33886 ], [ -77.53265, -9.35775 ], [ -77.48274, -9.32411 ] ] ] } },
{ "type": "Feature", "properties": { "UBIGEO_INEI": "020609", "DEPARTAMEN": "ANCASH", "PROVINCIA": "CARHUAZ", "DISTRITO": "SHILLA" }, "geometry": { "type": "Polygon", "coordinates": [ [ [ -77.53728, -9.08192 ], [ -77.52366, -9.09537 ], [ -77.49046, -9.10667 ], [ -77.5285, -9.15759 ], [ -77.53191, -9.19936 ], [ -77.56309, -9.20721 ], [ -77.57796, -9.22087 ], [ -77.58908, -9.21796 ], [ -77.63156, -9.25226 ], [ -77.65241, -9.24996 ], [ -77.63201, -9.23736 ], [ -77.62973, -9.21444 ], [ -77.61731, -9.21477 ], [ -77.59216, -9.17604 ], [ -77.58882, -9.15571 ], [ -77.60399, -9.12043 ], [ -77.60132, -9.10894 ], [ -77.5724, -9.08577 ], [ -77.53728, -9.08192 ] ] ] } },
{ "type": "Feature", "properties": { "UBIGEO_INEI": "020610", "DEPARTAMEN": "ANCASH", "PROVINCIA": "CARHUAZ", "DISTRITO": "TINCO" }, "geometry": { "type": "Polygon", "coordinates": [ [ [ -77.67069, -9.23936 ], [ -77.63156, -9.25226 ], [ -77.63651, -9.26693 ], [ -77.66775, -9.27636 ], [ -77.68508, -9.27157 ], [ -77.6838, -9.25074 ], [ -77.67069, -9.23936 ] ] ] } },
{ "type": "Feature", "properties": { "UBIGEO_INEI": "020611", "DEPARTAMEN": "ANCASH", "PROVINCIA": "CARHUAZ", "DISTRITO": "YUNGAR" }, "geometry": { "type": "Polygon", "coordinates": [ [ [ -77.58911, -9.36185 ], [ -77.58087, -9.39225 ], [ -77.60388, -9.40356 ], [ -77.61301, -9.42208 ], [ -77.64368, -9.43259 ], [ -77.64929, -9.4528 ], [ -77.66564, -9.42666 ], [ -77.68138, -9.41766 ], [ -77.67773, -9.40593 ], [ -77.66202, -9.40542 ], [ -77.65224, -9.38602 ], [ -77.62714, -9.38561 ], [ -77.58911, -9.36185 ] ] ] } },
{ "type": "Feature", "properties": { "UBIGEO_INEI": "021001", "DEPARTAMEN": "ANCASH", "PROVINCIA": "HUARI", "DISTRITO": "HUARI" }, "geometry": { "type": "Polygon", "coordinates": [ [ [ -77.20826, -9.16529 ], [ -77.16349, -9.24004 ], [ -77.16518, -9.33361 ], [ -77.14081, -9.39386 ], [ -77.15863, -9.42874 ], [ -77.18115, -9.41969 ], [ -77.19658, -9.43297 ], [ -77.24914, -9.43194 ], [ -77.30672, -9.42003 ], [ -77.31602, -9.41126 ], [ -77.31688, -9.39503 ], [ -77.32999, -9.38913 ], [ -77.33456, -9.35272 ], [ -77.31149, -9.30798 ], [ -77.3152, -9.29068 ], [ -77.30775, -9.28277 ], [ -77.29169, -9.28851 ], [ -77.2753, -9.27827 ], [ -77.27559, -9.24733 ], [ -77.26267, -9.23825 ], [ -77.26205, -9.20779 ], [ -77.24177, -9.1991 ], [ -77.22156, -9.16758 ], [ -77.20826, -9.16529 ] ] ] } },
{ "type": "Feature", "properties": { "UBIGEO_INEI": "021002", "DEPARTAMEN": "ANCASH", "PROVINCIA": "HUARI", "DISTRITO": "ANRA" }, "geometry": { "type": "Polygon", "coordinates": [ [ [ -76.87899, -9.21208 ], [ -76.86144, -9.23274 ], [ -76.8633, -9.24959 ], [ -76.84956, -9.25124 ], [ -76.84284, -9.26173 ], [ -76.85456, -9.28852 ], [ -76.8679, -9.29127 ], [ -76.87091, -9.30154 ], [ -76.89321, -9.29712 ], [ -76.93604, -9.25511 ], [ -76.96884, -9.25876 ], [ -76.98341, -9.24756 ], [ -76.96499, -9.21786 ], [ -76.93636, -9.22318 ], [ -76.91966, -9.21794 ], [ -76.91903, -9.22545 ], [ -76.90567, -9.22738 ], [ -76.87899, -9.21208 ] ] ] } },
{ "type": "Feature", "properties": { "UBIGEO_INEI": "021003", "DEPARTAMEN": "ANCASH", "PROVINCIA": "HUARI", "DISTRITO": "CAJAY" }, "geometry": { "type": "Polygon", "coordinates": [ [ [ -77.1854, -9.15508 ], [ -77.15816, -9.17182 ], [ -77.14221, -9.20242 ], [ -77.08441, -9.18248 ], [ -77.09377, -9.21138 ], [ -77.08254, -9.23412 ], [ -77.08643, -9.26441 ], [ -77.02886, -9.30051 ], [ -77.01585, -9.29613 ], [ -77.01232, -9.29878 ], [ -77.03069, -9.30641 ], [ -77.05905, -9.30052 ], [ -77.08087, -9.30552 ], [ -77.10642, -9.28333 ], [ -77.11763, -9.28454 ], [ -77.13613, -9.32049 ], [ -77.12833, -9.34285 ], [ -77.1299, -9.37381 ], [ -77.14081, -9.39386 ], [ -77.16518, -9.33361 ], [ -77.16349, -9.24004 ], [ -77.20831, -9.16521 ], [ -77.1854, -9.15508 ] ] ] } },
{ "type": "Feature", "properties": { "UBIGEO_INEI": "021004", "DEPARTAMEN": "ANCASH", "PROVINCIA": "HUARI", "DISTRITO": "CHAVIN DE HUANTAR" }, "geometry": { "type": "Polygon", "coordinates": [ [ [ -77.14931, -9.49462 ], [ -77.17509, -9.5674 ], [ -77.1781, -9.6076 ], [ -77.20231, -9.63385 ], [ -77.17305, -9.67339 ], [ -77.14813, -9.67126 ], [ -77.13279, -9.68841 ], [ -77.13911, -9.72904 ], [ -77.13297, -9.80264 ], [ -77.14166, -9.83323 ], [ -77.16219, -9.82705 ], [ -77.18475, -9.83694 ], [ -77.20282, -9.8311 ], [ -77.20659, -9.82121 ], [ -77.21694, -9.82393 ], [ -77.22572, -9.80664 ], [ -77.24403, -9.80759 ], [ -77.23848, -9.78532 ], [ -77.24554, -9.77323 ], [ -77.23079, -9.74749 ], [ -77.23612, -9.7258 ], [ -77.22773, -9.71324 ], [ -77.25063, -9.69186 ], [ -77.24906, -9.67981 ], [ -77.2653, -9.66028 ], [ -77.2667, -9.6369 ], [ -77.28312, -9.61955 ], [ -77.29179, -9.58697 ], [ -77.30812, -9.57904 ], [ -77.30081, -9.55501 ], [ -77.31124, -9.51701 ], [ -77.29462, -9.5061 ], [ -77.27484, -9.5134 ], [ -77.2533, -9.50208 ], [ -77.24069, -9.51327 ], [ -77.23084, -9.5052 ], [ -77.21541, -9.50624 ], [ -77.21027, -9.51832 ], [ -77.18997, -9.50314 ], [ -77.14931, -9.49462 ] ] ] } },
{ "type": "Feature", "properties": { "UBIGEO_INEI": "021005", "DEPARTAMEN": "ANCASH", "PROVINCIA": "HUARI", "DISTRITO": "HUACACHI" }, "geometry": { "type": "Polygon", "coordinates": [ [ [ -76.98376, -9.24535 ], [ -76.96884, -9.25876 ], [ -76.93604, -9.25511 ], [ -76.89321, -9.29712 ], [ -76.8662, -9.30533 ], [ -76.89292, -9.33196 ], [ -76.9006, -9.35907 ], [ -76.92396, -9.38253 ], [ -76.94821, -9.35355 ], [ -76.94881, -9.31931 ], [ -76.96075, -9.29786 ], [ -76.9781, -9.27463 ], [ -76.99294, -9.27087 ], [ -76.98376, -9.24535 ] ] ] } },
{ "type": "Feature", "properties": { "UBIGEO_INEI": "021006", "DEPARTAMEN": "ANCASH", "PROVINCIA": "HUARI", "DISTRITO": "HUACCHIS" }, "geometry": { "type": "Polygon", "coordinates": [ [ [ -76.83191, -9.12254 ], [ -76.78996, -9.13589 ], [ -76.75783, -9.18122 ], [ -76.78562, -9.21412 ], [ -76.81172, -9.22518 ], [ -76.83681, -9.26348 ], [ -76.84995, -9.24529 ], [ -76.84041, -9.19815 ], [ -76.82801, -9.18772 ], [ -76.83191, -9.12254 ] ] ] } },
{ "type": "Feature", "properties": { "UBIGEO_INEI": "021007", "DEPARTAMEN": "ANCASH", "PROVINCIA": "HUARI", "DISTRITO": "HUACHIS" }, "geometry": { "type": "Polygon", "coordinates": [ [ [ -77.03824, -9.33136 ], [ -77.03924, -9.35679 ], [ -77.0231, -9.4044 ], [ -77.03734, -9.43726 ], [ -77.01712, -9.48786 ], [ -77.03988, -9.49183 ], [ -77.04721, -9.50874 ], [ -77.05586, -9.51021 ], [ -77.07156, -9.50166 ], [ -77.06638, -9.49273 ], [ -77.08531, -9.48502 ], [ -77.10104, -9.45729 ], [ -77.11974, -9.46152 ], [ -77.15819, -9.42851 ], [ -77.14138, -9.3942 ], [ -77.11817, -9.3869 ], [ -77.10352, -9.36831 ], [ -77.09019, -9.3666 ], [ -77.08396, -9.37748 ], [ -77.07572, -9.36661 ], [ -77.07051, -9.37292 ], [ -77.06283, -9.36256 ], [ -77.05691, -9.36524 ], [ -77.04327, -9.35115 ], [ -77.03824, -9.33136 ] ] ] } },
{ "type": "Feature", "properties": { "UBIGEO_INEI": "021401", "DEPARTAMEN": "ANCASH", "PROVINCIA": "OCROS", "DISTRITO": "OCROS" }, "geometry": { "type": "Polygon", "coordinates": [ [ [ -77.32669, -10.25653 ], [ -77.3001, -10.28463 ], [ -77.30862, -10.31572 ], [ -77.27554, -10.31458 ], [ -77.27001, -10.3401 ], [ -77.25691, -10.35781 ], [ -77.28226, -10.38892 ], [ -77.31315, -10.38374 ], [ -77.34652, -10.41317 ], [ -77.38249, -10.41463 ], [ -77.3961, -10.42223 ], [ -77.41793, -10.45488 ], [ -77.42021, -10.48924 ], [ -77.42812, -10.49252 ], [ -77.42002, -10.52908 ], [ -77.4677, -10.53787 ], [ -77.46008, -10.48578 ], [ -77.43687, -10.43373 ], [ -77.42862, -10.3655 ], [ -77.42155, -10.35958 ], [ -77.40435, -10.36481 ], [ -77.38776, -10.35318 ], [ -77.35945, -10.31271 ], [ -77.3595, -10.29203 ], [ -77.32669, -10.25653 ] ] ] } },
{ "type": "Feature", "properties": { "UBIGEO_INEI": "021402", "DEPARTAMEN": "ANCASH", "PROVINCIA": "OCROS", "DISTRITO": "ACAS" }, "geometry": { "type": "Polygon", "coordinates": [ [ [ -77.27266, -10.39078 ], [ -77.26239, -10.39499 ], [ -77.26561, -10.40936 ], [ -77.25755, -10.41768 ], [ -77.26841, -10.44064 ], [ -77.25985, -10.45166 ], [ -77.26865, -10.47178 ], [ -77.26472, -10.50771 ], [ -77.28207, -10.5358 ], [ -77.27082, -10.56061 ], [ -77.29102, -10.55611 ], [ -77.31014, -10.56732 ], [ -77.32051, -10.58792 ], [ -77.33835, -10.59605 ], [ -77.3441, -10.60784 ], [ -77.38, -10.61145 ], [ -77.40386, -10.60378 ], [ -77.42457, -10.61336 ], [ -77.41976, -10.54289 ], [ -77.40862, -10.52921 ], [ -77.40942, -10.4936 ], [ -77.37586, -10.47874 ], [ -77.33097, -10.43932 ], [ -77.27994, -10.41269 ], [ -77.26956, -10.3981 ], [ -77.27266, -10.39078 ] ] ] } },
{ "type": "Feature", "properties": { "UBIGEO_INEI": "021403", "DEPARTAMEN": "ANCASH", "PROVINCIA": "OCROS", "DISTRITO": "CAJAMARQUILLA" }, "geometry": { "type": "Polygon", "coordinates": [ [ [ -77.2621, -10.25268 ], [ -77.24376, -10.26717 ], [ -77.23597, -10.29803 ], [ -77.24122, -10.30502 ], [ -77.22886, -10.33104 ], [ -77.21713, -10.34042 ], [ -77.19945, -10.33678 ], [ -77.15821, -10.36192 ], [ -77.16646, -10.39095 ], [ -77.22434, -10.37252 ], [ -77.24166, -10.34109 ], [ -77.26113, -10.32428 ], [ -77.2692, -10.32644 ], [ -77.27554, -10.31458 ], [ -77.30862, -10.31572 ], [ -77.29257, -10.2708 ], [ -77.2621, -10.25268 ] ] ] } },
{ "type": "Feature", "properties": { "UBIGEO_INEI": "021404", "DEPARTAMEN": "ANCASH", "PROVINCIA": "OCROS", "DISTRITO": "CARHUAPAMPA" }, "geometry": { "type": "Polygon", "coordinates": [ [ [ -77.26312, -10.43537 ], [ -77.23345, -10.45624 ], [ -77.19034, -10.45967 ], [ -77.17105, -10.48711 ], [ -77.16763, -10.50928 ], [ -77.19112, -10.55227 ], [ -77.2093, -10.55539 ], [ -77.22577, -10.54601 ], [ -77.25224, -10.54527 ], [ -77.26726, -10.55054 ], [ -77.27082, -10.56061 ], [ -77.28213, -10.5365 ], [ -77.26472, -10.50771 ], [ -77.26865, -10.47178 ], [ -77.25985, -10.45166 ], [ -77.26841, -10.44064 ], [ -77.26312, -10.43537 ] ] ] } },
{ "type": "Feature", "properties": { "UBIGEO_INEI": "021406", "DEPARTAMEN": "ANCASH", "PROVINCIA": "OCROS", "DISTRITO": "CONGAS" }, "geometry": { "type": "Polygon", "coordinates": [ [ [ -77.40727, -10.27213 ], [ -77.3595, -10.29203 ], [ -77.36601, -10.32378 ], [ -77.40435, -10.36481 ], [ -77.42155, -10.35958 ], [ -77.45894, -10.37024 ], [ -77.47086, -10.36536 ], [ -77.48167, -10.33994 ], [ -77.4782, -10.30719 ], [ -77.46629, -10.29561 ], [ -77.4632, -10.27629 ], [ -77.41104, -10.27787 ], [ -77.40727, -10.27213 ] ] ] } },
{ "type": "Feature", "properties": { "UBIGEO_INEI": "021407", "DEPARTAMEN": "ANCASH", "PROVINCIA": "OCROS", "DISTRITO": "LLIPA" }, "geometry": { "type": "Polygon", "coordinates": [ [ [ -77.26049, -10.32514 ], [ -77.24166, -10.34109 ], [ -77.22434, -10.37252 ], [ -77.16646, -10.39095 ], [ -77.17438, -10.405 ], [ -77.17304, -10.44521 ], [ -77.19309, -10.40694 ], [ -77.21573, -10.38537 ], [ -77.23337, -10.38106 ], [ -77.26941, -10.34094 ], [ -77.2692, -10.32644 ], [ -77.26049, -10.32514 ] ] ] } },
{ "type": "Feature", "properties": { "UBIGEO_INEI": "021408", "DEPARTAMEN": "ANCASH", "PROVINCIA": "OCROS", "DISTRITO": "SAN CRISTOBAL DE RAJAN" }, "geometry": { "type": "Polygon", "coordinates": [ [ [ -77.25691, -10.35781 ], [ -77.1913, -10.4092 ], [ -77.17301, -10.44375 ], [ -77.18943, -10.46052 ], [ -77.23345, -10.45624 ], [ -77.26259, -10.43636 ], [ -77.26239, -10.39499 ], [ -77.28104, -10.38781 ], [ -77.25691, -10.35781 ] ] ] } },
{ "type": "Feature", "properties": { "UBIGEO_INEI": "100113", "DEPARTAMEN": "HUANUCO", "PROVINCIA": "HUANUCO", "DISTRITO": "SAN PABLO DE PILLAO" }, "geometry": { "type": "Polygon", "coordinates": [ [ [ -75.91601, -9.56026 ], [ -75.8401, -9.65077 ], [ -75.85221, -9.6834 ], [ -75.816, -9.71335 ], [ -75.80501, -9.73193 ], [ -75.80923, -9.76729 ], [ -75.79635, -9.81498 ], [ -75.82466, -9.8314 ], [ -75.87379, -9.79308 ], [ -75.89223, -9.79103 ], [ -75.92567, -9.7949 ], [ -75.96369, -9.81462 ], [ -76.04879, -9.82388 ], [ -76.04081, -9.75573 ], [ -76.0825, -9.71693 ], [ -76.07175, -9.70365 ], [ -76.0669, -9.67242 ], [ -76.03685, -9.6513 ], [ -76.03875, -9.63987 ], [ -76.0247, -9.63842 ], [ -76.01251, -9.62886 ], [ -76.00905, -9.61419 ], [ -75.99011, -9.60503 ], [ -75.99824, -9.58553 ], [ -75.99462, -9.57556 ], [ -75.93002, -9.57008 ], [ -75.91601, -9.56026 ] ] ] } },
{ "type": "Feature", "properties": { "UBIGEO_INEI": "250301", "DEPARTAMEN": "UCAYALI", "PROVINCIA": "PADRE ABAD", "DISTRITO": "PADRE ABAD" }, "geometry": { "type": "Polygon", "coordinates": [ [ [ -75.68731, -8.42329 ], [ -75.66464, -8.44591 ], [ -75.64675, -8.43944 ], [ -75.62157, -8.47645 ], [ -75.6071, -8.48473 ], [ -75.59811, -8.4813 ], [ -75.59056, -8.49137 ], [ -75.58858, -8.48251 ], [ -75.57337, -8.48301 ], [ -75.55389, -8.50408 ], [ -75.55615, -8.51086 ], [ -75.54414, -8.51023 ], [ -75.54064, -8.51966 ], [ -75.53274, -8.50832 ], [ -75.53878, -8.52614 ], [ -75.51844, -8.52328 ], [ -75.51356, -8.54295 ], [ -75.51966, -8.55519 ], [ -75.49979, -8.55217 ], [ -75.48015, -8.5847 ], [ -75.46728, -8.57586 ], [ -75.46397, -8.56229 ], [ -75.45685, -8.56368 ], [ -75.46653, -8.556 ], [ -75.44909, -8.55833 ], [ -75.44643, -8.56708 ], [ -75.43174, -8.55967 ], [ -75.4277, -8.56804 ], [ -75.42014, -8.56554 ], [ -75.4253, -8.58545 ], [ -75.40899, -8.58321 ], [ -75.40739, -8.56855 ], [ -75.4, -8.59823 ], [ -75.41199, -8.59143 ], [ -75.41469, -8.6119 ], [ -75.43132, -8.6049 ], [ -75.42711, -8.63041 ], [ -75.44181, -8.63829 ], [ -75.42206, -8.6448 ], [ -75.42573, -8.65501 ], [ -75.44325, -8.65311 ], [ -75.44167, -8.67202 ], [ -75.43123, -8.68275 ], [ -75.43675, -8.69498 ], [ -75.4253, -8.70815 ], [ -75.44449, -8.73688 ], [ -75.44268, -8.75995 ], [ -75.45446, -8.78292 ], [ -75.45033, -8.80338 ], [ -75.4687, -8.81335 ], [ -75.49076, -8.80156 ], [ -75.49256, -8.79187 ], [ -75.51155, -8.79474 ], [ -75.52412, -8.78748 ], [ -75.53669, -8.81536 ], [ -75.51085, -8.85943 ], [ -75.52284, -8.86293 ], [ -75.52293, -8.87188 ], [ -75.49518, -8.87684 ], [ -75.49656, -8.90642 ], [ -75.4868, -8.91573 ], [ -75.50686, -8.95607 ], [ -75.50785, -8.97062 ], [ -75.49924, -8.97698 ], [ -75.5055, -8.99014 ], [ -75.47314, -9.01382 ], [ -75.4694, -9.0272 ], [ -75.43947, -9.04478 ], [ -75.43554, -9.05097 ], [ -75.44475, -9.06279 ], [ -75.42788, -9.07335 ], [ -75.44336, -9.13041 ], [ -75.44161, -9.14497 ], [ -75.42809, -9.1591 ], [ -75.43669, -9.17014 ], [ -75.4309, -9.20548 ], [ -75.44221, -9.22943 ], [ -75.43639, -9.24218 ], [ -75.45542, -9.26459 ], [ -75.45625, -9.325 ], [ -75.49439, -9.37735 ], [ -75.60066, -9.41381 ], [ -75.61138, -9.40614 ], [ -75.61666, -9.41408 ], [ -75.66896, -9.41844 ], [ -75.67149, -9.38486 ], [ -75.69501, -9.36393 ], [ -75.68862, -9.34937 ], [ -75.70569, -9.33627 ], [ -75.72024, -9.27723 ], [ -75.76396, -9.23785 ], [ -75.72441, -9.21435 ], [ -75.72937, -9.16883 ], [ -75.74321, -9.16042 ], [ -75.7494, -9.14527 ], [ -75.74782, -9.12102 ], [ -75.73421, -9.08974 ], [ -75.70782, -9.08454 ], [ -75.66464, -9.06043 ], [ -75.63223, -9.07506 ], [ -75.61687, -9.07331 ], [ -75.62327, -9.03669 ], [ -75.63569, -9.02172 ], [ -75.60495, -8.9982 ], [ -75.6006, -8.97564 ], [ -75.58772, -8.96846 ], [ -75.58728, -8.94318 ], [ -75.6175, -8.98096 ], [ -75.63068, -8.96497 ], [ -75.62369, -8.91878 ], [ -75.63008, -8.91219 ], [ -75.64254, -8.9404 ], [ -75.70238, -8.96418 ], [ -75.73487, -8.91662 ], [ -75.77676, -8.90998 ], [ -75.78536, -8.91265 ], [ -75.78735, -8.93215 ], [ -75.82416, -8.94658 ], [ -75.85494, -8.94516 ], [ -75.86057, -8.95911 ], [ -75.88377, -8.97273 ], [ -75.90312, -8.9155 ], [ -75.90127, -8.89815 ], [ -75.91051, -8.89633 ], [ -75.9276, -8.84609 ], [ -75.92165, -8.78081 ], [ -75.94789, -8.72251 ], [ -75.94433, -8.70982 ], [ -75.91078, -8.6782 ], [ -75.90085, -8.67771 ], [ -75.89132, -8.66022 ], [ -75.85349, -8.64916 ], [ -75.83367, -8.65216 ], [ -75.8168, -8.63602 ], [ -75.81772, -8.61726 ], [ -75.79507, -8.59299 ], [ -75.77855, -8.54804 ], [ -75.78216, -8.52544 ], [ -75.79922, -8.51216 ], [ -75.78221, -8.50371 ], [ -75.78734, -8.49585 ], [ -75.76898, -8.4978 ], [ -75.75251, -8.48587 ], [ -75.71646, -8.48689 ], [ -75.70534, -8.44087 ], [ -75.68731, -8.42329 ] ] ] } },
{ "type": "Feature", "properties": { "UBIGEO_INEI": "250306", "DEPARTAMEN": "UCAYALI", "PROVINCIA": "PADRE ABAD", "DISTRITO": "HUIPOCA" }, "geometry": { "type": "Polygon", "coordinates": [ [ [ -75.38534, -8.5818 ], [ -75.34045, -8.61272 ], [ -75.32777, -8.59993 ], [ -75.31161, -8.61382 ], [ -75.28727, -8.61574 ], [ -75.30616, -8.68398 ], [ -75.31791, -8.70375 ], [ -75.35035, -8.73062 ], [ -75.34721, -8.7464 ], [ -75.36442, -8.80204 ], [ -75.34641, -8.83856 ], [ -75.35369, -8.86154 ], [ -75.38307, -8.91902 ], [ -75.40981, -8.92204 ], [ -75.43004, -8.93979 ], [ -75.41451, -8.96431 ], [ -75.42775, -8.98398 ], [ -75.42273, -8.99058 ], [ -75.43696, -9.02906 ], [ -75.43554, -9.05097 ], [ -75.5055, -8.99014 ], [ -75.49924, -8.97698 ], [ -75.50785, -8.97062 ], [ -75.50686, -8.95607 ], [ -75.4868, -8.91573 ], [ -75.49656, -8.90642 ], [ -75.49518, -8.87684 ], [ -75.52293, -8.87188 ], [ -75.52284, -8.86293 ], [ -75.51085, -8.85943 ], [ -75.53623, -8.8173 ], [ -75.53562, -8.80354 ], [ -75.52206, -8.78735 ], [ -75.51155, -8.79474 ], [ -75.49256, -8.79187 ], [ -75.49076, -8.80156 ], [ -75.4687, -8.81335 ], [ -75.45033, -8.80338 ], [ -75.45446, -8.78292 ], [ -75.44268, -8.75995 ], [ -75.44449, -8.73688 ], [ -75.42565, -8.71414 ], [ -75.43675, -8.69498 ], [ -75.43123, -8.68275 ], [ -75.44167, -8.67202 ], [ -75.44325, -8.65311 ], [ -75.42274, -8.65055 ], [ -75.42336, -8.6431 ], [ -75.44175, -8.64027 ], [ -75.42711, -8.63041 ], [ -75.43357, -8.6083 ], [ -75.42169, -8.60423 ], [ -75.41469, -8.6119 ], [ -75.41199, -8.59143 ], [ -75.40155, -8.60026 ], [ -75.39675, -8.59044 ], [ -75.38714, -8.59423 ], [ -75.38492, -8.61018 ], [ -75.38534, -8.5818 ] ] ] } },
{ "type": "Feature", "properties": { "UBIGEO_INEI": "250307", "DEPARTAMEN": "UCAYALI", "PROVINCIA": "PADRE ABAD", "DISTRITO": "BOQUERON" }, "geometry": { "type": "Polygon", "coordinates": [ [ [ -75.78536, -8.91265 ], [ -75.73487, -8.91662 ], [ -75.70238, -8.96418 ], [ -75.64254, -8.9404 ], [ -75.63048, -8.91205 ], [ -75.62369, -8.91878 ], [ -75.63068, -8.96497 ], [ -75.61847, -8.98043 ], [ -75.5915, -8.9563 ], [ -75.58983, -8.94318 ], [ -75.58585, -8.95964 ], [ -75.60344, -8.98134 ], [ -75.60518, -8.99853 ], [ -75.63569, -9.02172 ], [ -75.62327, -9.03669 ], [ -75.61687, -9.07331 ], [ -75.63223, -9.07506 ], [ -75.66464, -9.06043 ], [ -75.70782, -9.08454 ], [ -75.73421, -9.08974 ], [ -75.74308, -9.1001 ], [ -75.74944, -9.14509 ], [ -75.74321, -9.16042 ], [ -75.72937, -9.16883 ], [ -75.72441, -9.21435 ], [ -75.7518, -9.23218 ], [ -75.76021, -9.2311 ], [ -75.76379, -9.2171 ], [ -75.77507, -9.21973 ], [ -75.79613, -9.20267 ], [ -75.79984, -9.16082 ], [ -75.82152, -9.11897 ], [ -75.82243, -9.09542 ], [ -75.83787, -9.08489 ], [ -75.83838, -9.06127 ], [ -75.85852, -9.05151 ], [ -75.87475, -9.0316 ], [ -75.89463, -8.98479 ], [ -75.86057, -8.95911 ], [ -75.85863, -8.94703 ], [ -75.82416, -8.94658 ], [ -75.78958, -8.9334 ], [ -75.78536, -8.91265 ] ] ] } },
{ "type": "Feature", "properties": { "UBIGEO_INEI": "010103", "DEPARTAMEN": "AMAZONAS", "PROVINCIA": "CHACHAPOYAS", "DISTRITO": "BALSAS" }, "geometry": { "type": "Polygon", "coordinates": [ [ [ -77.9358, -6.69039 ], [ -77.91948, -6.69026 ], [ -77.90769, -6.70114 ], [ -77.89562, -6.73236 ], [ -77.87948, -6.7467 ], [ -77.88034, -6.78287 ], [ -77.89026, -6.7964 ], [ -77.88448, -6.80764 ], [ -77.88854, -6.82796 ], [ -77.87901, -6.83462 ], [ -77.87186, -6.87882 ], [ -77.8775, -6.89209 ], [ -77.91536, -6.91396 ], [ -77.93918, -6.89653 ], [ -77.95527, -6.90928 ], [ -77.99928, -6.91089 ], [ -78.00653, -6.87592 ], [ -78.00205, -6.86124 ], [ -78.03111, -6.84706 ], [ -78.01369, -6.82125 ], [ -78.02104, -6.81825 ], [ -78.01643, -6.80812 ], [ -78.02418, -6.7982 ], [ -78.02162, -6.76933 ], [ -78.02949, -6.76757 ], [ -78.03794, -6.7444 ], [ -78.00886, -6.74296 ], [ -78.00102, -6.72121 ], [ -77.95955, -6.71395 ], [ -77.9358, -6.69039 ] ] ] } },
{ "type": "Feature", "properties": { "UBIGEO_INEI": "010110", "DEPARTAMEN": "AMAZONAS", "PROVINCIA": "CHACHAPOYAS", "DISTRITO": "LEIMEBAMBA" }, "geometry": { "type": "Polygon", "coordinates": [ [ [ -77.74017, -6.64825 ], [ -77.74637, -6.66899 ], [ -77.7395, -6.7111 ], [ -77.74811, -6.74492 ], [ -77.7319, -6.78347 ], [ -77.76475, -6.79976 ], [ -77.72332, -6.89346 ], [ -77.7072, -6.90818 ], [ -77.71576, -6.9212 ], [ -77.73382, -6.92858 ], [ -77.73838, -6.94834 ], [ -77.75893, -6.96451 ], [ -77.78035, -6.9406 ], [ -77.78106, -6.92663 ], [ -77.8005, -6.91975 ], [ -77.80189, -6.91153 ], [ -77.81769, -6.91131 ], [ -77.86211, -6.8688 ], [ -77.87606, -6.87222 ], [ -77.89025, -6.79827 ], [ -77.88034, -6.78287 ], [ -77.87948, -6.7467 ], [ -77.89281, -6.73412 ], [ -77.85626, -6.72742 ], [ -77.83258, -6.73197 ], [ -77.82009, -6.71273 ], [ -77.80229, -6.70668 ], [ -77.79792, -6.6574 ], [ -77.7644, -6.66305 ], [ -77.74017, -6.64825 ] ] ] } },
{ "type": "Feature", "properties": { "UBIGEO_INEI": "010113", "DEPARTAMEN": "AMAZONAS", "PROVINCIA": "CHACHAPOYAS", "DISTRITO": "MARISCAL CASTILLA" }, "geometry": { "type": "Polygon", "coordinates": [ [ [ -77.75246, -6.5454 ], [ -77.70672, -6.55977 ], [ -77.70412, -6.58225 ], [ -77.71741, -6.5825 ], [ -77.73559, -6.59797 ], [ -77.7334, -6.60814 ], [ -77.75179, -6.61928 ], [ -77.77629, -6.61579 ], [ -77.78837, -6.60613 ], [ -77.81212, -6.61134 ], [ -77.82875, -6.55625 ], [ -77.75246, -6.5454 ] ] ] } },
{ "type": "Feature", "properties": { "UBIGEO_INEI": "010115", "DEPARTAMEN": "AMAZONAS", "PROVINCIA": "CHACHAPOYAS", "DISTRITO": "MONTEVIDEO" }, "geometry": { "type": "Polygon", "coordinates": [ [ [ -77.66655, -6.57826 ], [ -77.65587, -6.60366 ], [ -77.62666, -6.61274 ], [ -77.6512, -6.62982 ], [ -77.66266, -6.6599 ], [ -77.68629, -6.67668 ], [ -77.70193, -6.67676 ], [ -77.73633, -6.64685 ], [ -77.7644, -6.66305 ], [ -77.79725, -6.65801 ], [ -77.81391, -6.63395 ], [ -77.81212, -6.61134 ], [ -77.8036, -6.60717 ], [ -77.75179, -6.61928 ], [ -77.7334, -6.60814 ], [ -77.73559, -6.59797 ], [ -77.71741, -6.5825 ], [ -77.69138, -6.58609 ], [ -77.66655, -6.57826 ] ] ] } },
{ "type": "Feature", "properties": { "UBIGEO_INEI": "010602", "DEPARTAMEN": "AMAZONAS", "PROVINCIA": "RODRIGUEZ DE MENDOZA", "DISTRITO": "CHIRIMOTO" }, "geometry": { "type": "Polygon", "coordinates": [ [ [ -77.36781, -6.47256 ], [ -77.3456, -6.48862 ], [ -77.33224, -6.48746 ], [ -77.33246, -6.50972 ], [ -77.34485, -6.54723 ], [ -77.35929, -6.56445 ], [ -77.38051, -6.56923 ], [ -77.39387, -6.60269 ], [ -77.43788, -6.60253 ], [ -77.45317, -6.58443 ], [ -77.47703, -6.6008 ], [ -77.51113, -6.57292 ], [ -77.49262, -6.53268 ], [ -77.49355, -6.50795 ], [ -77.44183, -6.51672 ], [ -77.43347, -6.53117 ], [ -77.4093, -6.52144 ], [ -77.38971, -6.53699 ], [ -77.38818, -6.51767 ], [ -77.37747, -6.50536 ], [ -77.37967, -6.4836 ], [ -77.36781, -6.47256 ] ] ] } },
{ "type": "Feature", "properties": { "UBIGEO_INEI": "010109", "DEPARTAMEN": "AMAZONAS", "PROVINCIA": "CHACHAPOYAS", "DISTRITO": "LA JALCA" }, "geometry": { "type": "Polygon", "coordinates": [ [ [ -77.74509, -6.42727 ], [ -77.7326, -6.45315 ], [ -77.73913, -6.46478 ], [ -77.72884, -6.49412 ], [ -77.72618, -6.55206 ], [ -77.75349, -6.5453 ], [ -77.82875, -6.55625 ], [ -77.83232, -6.53208 ], [ -77.8518, -6.50845 ], [ -77.86087, -6.47972 ], [ -77.77968, -6.46517 ], [ -77.75757, -6.44903 ], [ -77.74509, -6.42727 ] ] ] } },
{ "type": "Feature", "properties": { "UBIGEO_INEI": "010608", "DEPARTAMEN": "AMAZONAS", "PROVINCIA": "RODRIGUEZ DE MENDOZA", "DISTRITO": "MILPUC" }, "geometry": { "type": "Polygon", "coordinates": [ [ [ -77.42928, -6.46726 ], [ -77.40716, -6.47627 ], [ -77.38496, -6.47179 ], [ -77.37995, -6.47924 ], [ -77.37747, -6.50536 ], [ -77.38818, -6.51767 ], [ -77.38971, -6.53699 ], [ -77.41084, -6.52106 ], [ -77.43587, -6.53011 ], [ -77.45059, -6.50192 ], [ -77.44992, -6.48332 ], [ -77.42928, -6.46726 ] ] ] } },
{ "type": "Feature", "properties": { "UBIGEO_INEI": "010605", "DEPARTAMEN": "AMAZONAS", "PROVINCIA": "RODRIGUEZ DE MENDOZA", "DISTRITO": "LIMABAMBA" }, "geometry": { "type": "Polygon", "coordinates": [ [ [ -77.63488, -6.37891 ], [ -77.63014, -6.39491 ], [ -77.59494, -6.43394 ], [ -77.5558, -6.45798 ], [ -77.54141, -6.45789 ], [ -77.52706, -6.47253 ], [ -77.49738, -6.47724 ], [ -77.47783, -6.5019 ], [ -77.47622, -6.50887 ], [ -77.49545, -6.51026 ], [ -77.49262, -6.53268 ], [ -77.51144, -6.57234 ], [ -77.47703, -6.6008 ], [ -77.44984, -6.58467 ], [ -77.42369, -6.63806 ], [ -77.40766, -6.64633 ], [ -77.40499, -6.66305 ], [ -77.38173, -6.69759 ], [ -77.40014, -6.70845 ], [ -77.40556, -6.72621 ], [ -77.45647, -6.68052 ], [ -77.47548, -6.68363 ], [ -77.51066, -6.67234 ], [ -77.5212, -6.67968 ], [ -77.54407, -6.677 ], [ -77.56876, -6.63822 ], [ -77.61234, -6.61226 ], [ -77.65587, -6.60366 ], [ -77.66655, -6.57826 ], [ -77.69138, -6.58609 ], [ -77.70618, -6.58159 ], [ -77.70672, -6.55977 ], [ -77.72618, -6.55206 ], [ -77.72884, -6.49412 ], [ -77.73907, -6.46451 ], [ -77.7328, -6.45587 ], [ -77.70454, -6.44898 ], [ -77.67908, -6.45301 ], [ -77.64801, -6.42609 ], [ -77.65527, -6.40697 ], [ -77.63902, -6.3915 ], [ -77.64685, -6.38052 ], [ -77.63488, -6.37891 ] ] ] } },
{ "type": "Feature", "properties": { "UBIGEO_INEI": "010604", "DEPARTAMEN": "AMAZONAS", "PROVINCIA": "RODRIGUEZ DE MENDOZA", "DISTRITO": "HUAMBO" }, "geometry": { "type": "Polygon", "coordinates": [ [ [ -77.5414, -6.40091 ], [ -77.50308, -6.40547 ], [ -77.4688, -6.42773 ], [ -77.48342, -6.47212 ], [ -77.52706, -6.47253 ], [ -77.54141, -6.45789 ], [ -77.5558, -6.45798 ], [ -77.59494, -6.43394 ], [ -77.60993, -6.41475 ], [ -77.56759, -6.41302 ], [ -77.5414, -6.40091 ] ] ] } },
{ "type": "Feature", "properties": { "UBIGEO_INEI": "010112", "DEPARTAMEN": "AMAZONAS", "PROVINCIA": "CHACHAPOYAS", "DISTRITO": "MAGDALENA" }, "geometry": { "type": "Polygon", "coordinates": [ [ [ -77.89679, -6.35428 ], [ -77.87762, -6.37499 ], [ -77.84846, -6.38765 ], [ -77.74766, -6.39241 ], [ -77.75226, -6.40355 ], [ -77.74359, -6.42285 ], [ -77.75586, -6.44681 ], [ -77.77968, -6.46517 ], [ -77.86087, -6.47972 ], [ -77.86117, -6.44868 ], [ -77.87723, -6.42762 ], [ -77.8744, -6.41059 ], [ -77.88833, -6.4067 ], [ -77.90474, -6.38281 ], [ -77.90587, -6.36758 ], [ -77.91949, -6.36875 ], [ -77.92424, -6.35725 ], [ -77.89679, -6.35428 ] ] ] } },
{ "type": "Feature", "properties": { "UBIGEO_INEI": "010601", "DEPARTAMEN": "AMAZONAS", "PROVINCIA": "RODRIGUEZ DE MENDOZA", "DISTRITO": "SAN NICOLAS" }, "geometry": { "type": "Polygon", "coordinates": [ [ [ -77.40187, -6.29801 ], [ -77.3917, -6.32052 ], [ -77.37861, -6.32058 ], [ -77.37371, -6.33878 ], [ -77.39917, -6.3686 ], [ -77.42373, -6.37237 ], [ -77.41482, -6.38607 ], [ -77.44095, -6.44582 ], [ -77.50219, -6.40738 ], [ -77.48561, -6.40117 ], [ -77.49729, -6.38633 ], [ -77.46878, -6.34571 ], [ -77.44191, -6.34934 ], [ -77.44254, -6.33893 ], [ -77.42263, -6.31111 ], [ -77.40187, -6.29801 ] ] ] } },
{ "type": "Feature", "properties": { "UBIGEO_INEI": "010606", "DEPARTAMEN": "AMAZONAS", "PROVINCIA": "RODRIGUEZ DE MENDOZA", "DISTRITO": "LONGAR" }, "geometry": { "type": "Polygon", "coordinates": [ [ [ -77.61757, -6.28076 ], [ -77.54659, -6.32589 ], [ -77.52918, -6.34769 ], [ -77.5145, -6.39367 ], [ -77.49184, -6.40108 ], [ -77.55203, -6.40288 ], [ -77.56063, -6.39934 ], [ -77.56099, -6.38924 ], [ -77.57832, -6.39351 ], [ -77.58959, -6.36219 ], [ -77.6185, -6.32889 ], [ -77.61249, -6.30874 ], [ -77.61757, -6.28076 ] ] ] } },
{ "type": "Feature", "properties": { "UBIGEO_INEI": "010119", "DEPARTAMEN": "AMAZONAS", "PROVINCIA": "CHACHAPOYAS", "DISTRITO": "SAN ISIDRO DE MAINO" }, "geometry": { "type": "Polygon", "coordinates": [ [ [ -77.87434, -6.30649 ], [ -77.8326, -6.311 ], [ -77.80328, -6.34246 ], [ -77.7726, -6.35431 ], [ -77.74512, -6.34141 ], [ -77.73485, -6.35317 ], [ -77.73112, -6.3758 ], [ -77.74766, -6.39241 ], [ -77.84846, -6.38765 ], [ -77.8699, -6.37966 ], [ -77.89766, -6.35421 ], [ -77.89145, -6.3235 ], [ -77.87434, -6.30649 ] ] ] } },
{ "type": "Feature", "properties": { "UBIGEO_INEI": "010611", "DEPARTAMEN": "AMAZONAS", "PROVINCIA": "RODRIGUEZ DE MENDOZA", "DISTRITO": "TOTORA" }, "geometry": { "type": "Polygon", "coordinates": [ [ [ -77.46373, -6.46842 ], [ -77.44992, -6.48332 ], [ -77.45059, -6.50192 ], [ -77.4396, -6.51812 ], [ -77.47622, -6.50887 ], [ -77.49662, -6.48216 ], [ -77.46373, -6.46842 ] ] ] } },
{ "type": "Feature", "properties": { "UBIGEO_INEI": "010609", "DEPARTAMEN": "AMAZONAS", "PROVINCIA": "RODRIGUEZ DE MENDOZA", "DISTRITO": "OMIA" }, "geometry": { "type": "Polygon", "coordinates": [ [ [ -77.3757, -6.31816 ], [ -77.34599, -6.32299 ], [ -77.32981, -6.33727 ], [ -77.30294, -6.33102 ], [ -77.28677, -6.33909 ], [ -77.27547, -6.3822 ], [ -77.27316, -6.40653 ], [ -77.29767, -6.42474 ], [ -77.30591, -6.45372 ], [ -77.32594, -6.46748 ], [ -77.33375, -6.48839 ], [ -77.34984, -6.48666 ], [ -77.36375, -6.47281 ], [ -77.37967, -6.4836 ], [ -77.38496, -6.47179 ], [ -77.40716, -6.47627 ], [ -77.42928, -6.46726 ], [ -77.44118, -6.45128 ], [ -77.41482, -6.38607 ], [ -77.42373, -6.37237 ], [ -77.39917, -6.3686 ], [ -77.37464, -6.34093 ], [ -77.3757, -6.31816 ] ] ] } },
{ "type": "Feature", "properties": { "UBIGEO_INEI": "010610", "DEPARTAMEN": "AMAZONAS", "PROVINCIA": "RODRIGUEZ DE MENDOZA", "DISTRITO": "SANTA ROSA" }, "geometry": { "type": "Polygon", "coordinates": [ [ [ -77.4688, -6.42773 ], [ -77.4454, -6.43831 ], [ -77.43123, -6.46528 ], [ -77.44913, -6.48321 ], [ -77.45791, -6.47005 ], [ -77.48342, -6.47212 ], [ -77.4688, -6.42773 ] ] ] } },
{ "type": "Feature", "properties": { "UBIGEO_INEI": "010111", "DEPARTAMEN": "AMAZONAS", "PROVINCIA": "CHACHAPOYAS", "DISTRITO": "LEVANTO" }, "geometry": { "type": "Polygon", "coordinates": [ [ [ -77.84805, -6.27612 ], [ -77.81643, -6.28358 ], [ -77.80526, -6.3063 ], [ -77.76833, -6.33823 ], [ -77.76144, -6.35395 ], [ -77.80328, -6.34246 ], [ -77.81217, -6.32584 ], [ -77.83497, -6.30991 ], [ -77.87556, -6.30633 ], [ -77.89145, -6.3235 ], [ -77.89766, -6.35421 ], [ -77.92531, -6.35768 ], [ -77.93611, -6.28551 ], [ -77.90994, -6.28328 ], [ -77.88583, -6.2964 ], [ -77.86812, -6.28619 ], [ -77.84835, -6.28705 ], [ -77.84805, -6.27612 ] ] ] } },
{ "type": "Feature", "properties": { "UBIGEO_INEI": "010603", "DEPARTAMEN": "AMAZONAS", "PROVINCIA": "RODRIGUEZ DE MENDOZA", "DISTRITO": "COCHAMAL" }, "geometry": { "type": "Polygon", "coordinates": [ [ [ -77.61757, -6.28076 ], [ -77.61249, -6.30874 ], [ -77.6185, -6.32889 ], [ -77.58959, -6.36219 ], [ -77.57832, -6.39351 ], [ -77.56099, -6.38924 ], [ -77.56063, -6.39934 ], [ -77.55203, -6.40288 ], [ -77.56759, -6.41302 ], [ -77.60993, -6.41475 ], [ -77.63014, -6.39491 ], [ -77.63332, -6.37983 ], [ -77.64643, -6.38024 ], [ -77.63902, -6.3915 ], [ -77.65298, -6.39908 ], [ -77.65101, -6.42957 ], [ -77.67908, -6.45301 ], [ -77.70454, -6.44898 ], [ -77.73128, -6.45696 ], [ -77.74606, -6.4366 ], [ -77.74352, -6.42066 ], [ -77.75226, -6.40355 ], [ -77.74432, -6.38457 ], [ -77.71745, -6.36296 ], [ -77.70431, -6.36147 ], [ -77.7106, -6.34881 ], [ -77.70606, -6.33888 ], [ -77.67004, -6.33982 ], [ -77.62909, -6.31374 ], [ -77.61757, -6.28076 ] ] ] } },
{ "type": "Feature", "properties": { "UBIGEO_INEI": "010120", "DEPARTAMEN": "AMAZONAS", "PROVINCIA": "CHACHAPOYAS", "DISTRITO": "SOLOCO" }, "geometry": { "type": "Polygon", "coordinates": [ [ [ -77.75247, -6.24576 ], [ -77.73089, -6.26198 ], [ -77.71489, -6.24595 ], [ -77.71686, -6.27629 ], [ -77.73535, -6.31433 ], [ -77.72521, -6.32696 ], [ -77.69302, -6.32072 ], [ -77.68229, -6.33646 ], [ -77.70606, -6.33888 ], [ -77.7106, -6.34881 ], [ -77.70431, -6.36147 ], [ -77.72986, -6.37162 ], [ -77.74255, -6.34266 ], [ -77.76105, -6.34839 ], [ -77.78796, -6.32695 ], [ -77.80857, -6.29719 ], [ -77.79933, -6.29883 ], [ -77.78709, -6.28516 ], [ -77.76362, -6.28398 ], [ -77.75247, -6.24576 ] ] ] } },
{ "type": "Feature", "properties": { "UBIGEO_INEI": "010104", "DEPARTAMEN": "AMAZONAS", "PROVINCIA": "CHACHAPOYAS", "DISTRITO": "CHETO" }, "geometry": { "type": "Polygon", "coordinates": [ [ [ -77.71486, -6.24598 ], [ -77.69671, -6.25327 ], [ -77.68878, -6.2911 ], [ -77.66706, -6.28264 ], [ -77.66355, -6.27402 ], [ -77.64227, -6.27278 ], [ -77.63247, -6.26143 ], [ -77.62471, -6.26588 ], [ -77.61757, -6.28076 ], [ -77.62755, -6.31183 ], [ -77.67004, -6.33982 ], [ -77.68229, -6.33646 ], [ -77.69302, -6.32072 ], [ -77.72567, -6.32677 ], [ -77.73542, -6.31154 ], [ -77.71686, -6.27629 ], [ -77.71486, -6.24598 ] ] ] } },
{ "type": "Feature", "properties": { "UBIGEO_INEI": "010118", "DEPARTAMEN": "AMAZONAS", "PROVINCIA": "CHACHAPOYAS", "DISTRITO": "SAN FRANCISCO DE DAGUAS" }, "geometry": { "type": "Polygon", "coordinates": [ [ [ -77.70284, -6.20335 ], [ -77.67634, -6.21083 ], [ -77.67498, -6.22396 ], [ -77.70202, -6.22527 ], [ -77.72889, -6.26174 ], [ -77.75461, -6.2459 ], [ -77.75509, -6.26494 ], [ -77.76422, -6.26914 ], [ -77.77926, -6.24666 ], [ -77.78099, -6.22586 ], [ -77.75888, -6.22499 ], [ -77.70284, -6.20335 ] ] ] } },
{ "type": "Feature", "properties": { "UBIGEO_INEI": "010607", "DEPARTAMEN": "AMAZONAS", "PROVINCIA": "RODRIGUEZ DE MENDOZA", "DISTRITO": "MARISCAL BENAVIDES" }, "geometry": { "type": "Polygon", "coordinates": [ [ [ -77.46965, -6.18646 ], [ -77.45924, -6.19214 ], [ -77.44646, -6.24384 ], [ -77.40187, -6.29801 ], [ -77.42263, -6.31111 ], [ -77.44254, -6.33893 ], [ -77.44191, -6.34934 ], [ -77.46698, -6.3447 ], [ -77.48183, -6.35895 ], [ -77.4976, -6.38969 ], [ -77.48561, -6.40117 ], [ -77.49548, -6.40159 ], [ -77.5145, -6.39367 ], [ -77.52918, -6.34769 ], [ -77.56788, -6.30946 ], [ -77.54013, -6.28745 ], [ -77.5277, -6.25896 ], [ -77.52976, -6.24571 ], [ -77.5153, -6.22504 ], [ -77.46965, -6.18646 ] ] ] } },
{ "type": "Feature", "properties": { "UBIGEO_INEI": "010101", "DEPARTAMEN": "AMAZONAS", "PROVINCIA": "CHACHAPOYAS", "DISTRITO": "CHACHAPOYAS" }, "geometry": { "type": "Polygon", "coordinates": [ [ [ -77.91, -6.17946 ], [ -77.87569, -6.18277 ], [ -77.87788, -6.19635 ], [ -77.84901, -6.19878 ], [ -77.81196, -6.22653 ], [ -77.79973, -6.22107 ], [ -77.781, -6.22816 ], [ -77.76362, -6.28398 ], [ -77.78904, -6.28586 ], [ -77.80085, -6.29906 ], [ -77.82709, -6.27764 ], [ -77.84325, -6.27575 ], [ -77.84835, -6.28705 ], [ -77.86812, -6.28619 ], [ -77.88583, -6.2964 ], [ -77.90994, -6.28328 ], [ -77.94097, -6.28386 ], [ -77.94024, -6.25923 ], [ -77.92244, -6.24539 ], [ -77.90282, -6.20807 ], [ -77.91, -6.17946 ] ] ] } },
{ "type": "Feature", "properties": { "UBIGEO_INEI": "010114", "DEPARTAMEN": "AMAZONAS", "PROVINCIA": "CHACHAPOYAS", "DISTRITO": "MOLINOPAMPA" }, "geometry": { "type": "Polygon", "coordinates": [ [ [ -77.67858, -6.12712 ], [ -77.63595, -6.15069 ], [ -77.59331, -6.14078 ], [ -77.55579, -6.15233 ], [ -77.54059, -6.16585 ], [ -77.51368, -6.15679 ], [ -77.48807, -6.1586 ], [ -77.46898, -6.18465 ], [ -77.5153, -6.22504 ], [ -77.52976, -6.24571 ], [ -77.5277, -6.25896 ], [ -77.54013, -6.28745 ], [ -77.56788, -6.30946 ], [ -77.58901, -6.30442 ], [ -77.63126, -6.26126 ], [ -77.64227, -6.27278 ], [ -77.66355, -6.27402 ], [ -77.66706, -6.28264 ], [ -77.68878, -6.2911 ], [ -77.69671, -6.25327 ], [ -77.71489, -6.24595 ], [ -77.70202, -6.22527 ], [ -77.67731, -6.22557 ], [ -77.67353, -6.21575 ], [ -77.70343, -6.20322 ], [ -77.72767, -6.20977 ], [ -77.73037, -6.19068 ], [ -77.72722, -6.17247 ], [ -77.70145, -6.15669 ], [ -77.67858, -6.12712 ] ] ] } },
{ "type": "Feature", "properties": { "UBIGEO_INEI": "010121", "DEPARTAMEN": "AMAZONAS", "PROVINCIA": "CHACHAPOYAS", "DISTRITO": "SONCHE" }, "geometry": { "type": "Polygon", "coordinates": [ [ [ -77.86135, -6.11924 ], [ -77.82187, -6.1305 ], [ -77.78897, -6.12466 ], [ -77.75205, -6.16336 ], [ -77.72722, -6.17247 ], [ -77.73016, -6.21416 ], [ -77.78855, -6.22878 ], [ -77.79973, -6.22107 ], [ -77.81196, -6.22653 ], [ -77.83119, -6.21428 ], [ -77.86739, -6.1349 ], [ -77.86135, -6.11924 ] ] ] } },
{ "type": "Feature", "properties": { "UBIGEO_INEI": "010108", "DEPARTAMEN": "AMAZONAS", "PROVINCIA": "CHACHAPOYAS", "DISTRITO": "HUANCAS" }, "geometry": { "type": "Polygon", "coordinates": [ [ [ -77.88051, -6.10221 ], [ -77.86248, -6.1161 ], [ -77.86739, -6.1349 ], [ -77.83481, -6.19864 ], [ -77.83559, -6.21067 ], [ -77.84901, -6.19878 ], [ -77.87788, -6.19635 ], [ -77.88071, -6.17931 ], [ -77.90879, -6.17764 ], [ -77.89463, -6.10857 ], [ -77.88051, -6.10221 ] ] ] } },
{ "type": "Feature", "properties": { "UBIGEO_INEI": "010117", "DEPARTAMEN": "AMAZONAS", "PROVINCIA": "CHACHAPOYAS", "DISTRITO": "QUINJALCA" }, "geometry": { "type": "Polygon", "coordinates": [ [ [ -77.70291, -6.02618 ], [ -77.66011, -6.08135 ], [ -77.64096, -6.09466 ], [ -77.63428, -6.1105 ], [ -77.63699, -6.13918 ], [ -77.64597, -6.14899 ], [ -77.68003, -6.12715 ], [ -77.70178, -6.15697 ], [ -77.73564, -6.17225 ], [ -77.74852, -6.1644 ], [ -77.7478, -6.14937 ], [ -77.72431, -6.14087 ], [ -77.70165, -6.11866 ], [ -77.70786, -6.101 ], [ -77.70189, -6.06191 ], [ -77.71382, -6.04482 ], [ -77.70291, -6.02618 ] ] ] } },
{ "type": "Feature", "properties": { "UBIGEO_INEI": "010107", "DEPARTAMEN": "AMAZONAS", "PROVINCIA": "CHACHAPOYAS", "DISTRITO": "GRANADA" }, "geometry": { "type": "Polygon", "coordinates": [ [ [ -77.5668, -6.02812 ], [ -77.52117, -6.08543 ], [ -77.50652, -6.08931 ], [ -77.50938, -6.11873 ], [ -77.4976, -6.13282 ], [ -77.49819, -6.15643 ], [ -77.53878, -6.16614 ], [ -77.58406, -6.14202 ], [ -77.64248, -6.14947 ], [ -77.63428, -6.1105 ], [ -77.67161, -6.06108 ], [ -77.6457, -6.05183 ], [ -77.61848, -6.05701 ], [ -77.60062, -6.04802 ], [ -77.59825, -6.03128 ], [ -77.5862, -6.03692 ], [ -77.5668, -6.02812 ] ] ] } },
{ "type": "Feature", "properties": { "UBIGEO_INEI": "010311", "DEPARTAMEN": "AMAZONAS", "PROVINCIA": "BONGARA", "DISTRITO": "VALERA" }, "geometry": { "type": "Polygon", "coordinates": [ [ [ -77.93779, -6.03777 ], [ -77.90179, -6.02718 ], [ -77.87714, -6.05122 ], [ -77.83446, -6.06401 ], [ -77.82232, -6.09984 ], [ -77.79054, -6.12391 ], [ -77.84145, -6.12865 ], [ -77.87609, -6.10249 ], [ -77.8906, -6.10328 ], [ -77.93779, -6.03777 ] ] ] } },
{ "type": "Feature", "properties": { "UBIGEO_INEI": "010105", "DEPARTAMEN": "AMAZONAS", "PROVINCIA": "CHACHAPOYAS", "DISTRITO": "CHILIQUIN" }, "geometry": { "type": "Polygon", "coordinates": [ [ [ -77.78016, -5.9955 ], [ -77.70189, -6.06191 ], [ -77.70786, -6.101 ], [ -77.70221, -6.12023 ], [ -77.72431, -6.14087 ], [ -77.7478, -6.14937 ], [ -77.74852, -6.1644 ], [ -77.79054, -6.12391 ], [ -77.80781, -6.08093 ], [ -77.80614, -6.03154 ], [ -77.78811, -6.02809 ], [ -77.78016, -5.9955 ] ] ] } },
{ "type": "Feature", "properties": { "UBIGEO_INEI": "010612", "DEPARTAMEN": "AMAZONAS", "PROVINCIA": "RODRIGUEZ DE MENDOZA", "DISTRITO": "VISTA ALEGRE" }, "geometry": { "type": "Polygon", "coordinates": [ [ [ -77.47414, -5.99978 ], [ -77.46751, -6.01961 ], [ -77.43212, -6.06192 ], [ -77.4193, -6.03238 ], [ -77.3955, -6.03938 ], [ -77.3805, -6.07999 ], [ -77.35868, -6.07282 ], [ -77.34643, -6.11434 ], [ -77.33241, -6.11218 ], [ -77.28048, -6.14221 ], [ -77.25796, -6.13802 ], [ -77.24065, -6.14976 ], [ -77.22299, -6.1469 ], [ -77.20206, -6.17971 ], [ -77.21919, -6.19431 ], [ -77.21163, -6.21584 ], [ -77.17407, -6.24653 ], [ -77.17079, -6.2652 ], [ -77.13273, -6.30242 ], [ -77.13312, -6.32498 ], [ -77.16341, -6.37808 ], [ -77.19319, -6.38152 ], [ -77.20896, -6.37504 ], [ -77.22146, -6.38113 ], [ -77.24365, -6.33812 ], [ -77.26169, -6.32714 ], [ -77.28471, -6.32909 ], [ -77.28677, -6.33909 ], [ -77.30294, -6.33102 ], [ -77.32522, -6.33793 ], [ -77.34599, -6.32299 ], [ -77.3917, -6.32052 ], [ -77.4102, -6.2812 ], [ -77.42253, -6.27936 ], [ -77.44646, -6.24384 ], [ -77.45924, -6.19214 ], [ -77.49974, -6.154 ], [ -77.4976, -6.13282 ], [ -77.50938, -6.11873 ], [ -77.50652, -6.08931 ], [ -77.52117, -6.08543 ], [ -77.53381, -6.06337 ], [ -77.51792, -6.05485 ], [ -77.50975, -6.0325 ], [ -77.48902, -6.02851 ], [ -77.48708, -6.01025 ], [ -77.47414, -5.99978 ] ] ] } },
{ "type": "Feature", "properties": { "UBIGEO_INEI": "010303", "DEPARTAMEN": "AMAZONAS", "PROVINCIA": "BONGARA", "DISTRITO": "CHURUJA" }, "geometry": { "type": "Polygon", "coordinates": [ [ [ -77.97025, -5.9833 ], [ -77.92937, -5.991 ], [ -77.91046, -5.98603 ], [ -77.89468, -6.01275 ], [ -77.89957, -6.03143 ], [ -77.90926, -6.02528 ], [ -77.94061, -6.03716 ], [ -77.96724, -6.00138 ], [ -77.97025, -5.9833 ] ] ] } },
{ "type": "Feature", "properties": { "UBIGEO_INEI": "010309", "DEPARTAMEN": "AMAZONAS", "PROVINCIA": "BONGARA", "DISTRITO": "SAN CARLOS" }, "geometry": { "type": "Polygon", "coordinates": [ [ [ -77.95914, -5.94734 ], [ -77.94213, -5.9532 ], [ -77.88651, -5.94836 ], [ -77.86409, -5.95809 ], [ -77.85031, -5.98786 ], [ -77.84807, -5.97625 ], [ -77.83228, -5.97144 ], [ -77.80207, -5.98568 ], [ -77.80655, -6.00049 ], [ -77.83463, -6.03051 ], [ -77.83446, -6.06401 ], [ -77.87714, -6.05122 ], [ -77.89828, -6.0359 ], [ -77.89468, -6.01275 ], [ -77.91206, -5.98489 ], [ -77.92937, -5.991 ], [ -77.97025, -5.9833 ], [ -77.97982, -5.9648 ], [ -77.96674, -5.97127 ], [ -77.95808, -5.96544 ], [ -77.95914, -5.94734 ] ] ] } },
{ "type": "Feature", "properties": { "UBIGEO_INEI": "010102", "DEPARTAMEN": "AMAZONAS", "PROVINCIA": "CHACHAPOYAS", "DISTRITO": "ASUNCION" }, "geometry": { "type": "Polygon", "coordinates": [ [ [ -77.74482, -5.94497 ], [ -77.72855, -6.00001 ], [ -77.70329, -6.02553 ], [ -77.71382, -6.04482 ], [ -77.75682, -6.00547 ], [ -77.78016, -5.9955 ], [ -77.77252, -5.98811 ], [ -77.77342, -5.97154 ], [ -77.74482, -5.94497 ] ] ] } },
{ "type": "Feature", "properties": { "UBIGEO_INEI": "010116", "DEPARTAMEN": "AMAZONAS", "PROVINCIA": "CHACHAPOYAS", "DISTRITO": "OLLEROS" }, "geometry": { "type": "Polygon", "coordinates": [ [ [ -77.72847, -5.94268 ], [ -77.70373, -5.9529 ], [ -77.68756, -5.9791 ], [ -77.67167, -5.9741 ], [ -77.63914, -6.00108 ], [ -77.59447, -6.00688 ], [ -77.60062, -6.04802 ], [ -77.61848, -6.05701 ], [ -77.6457, -6.05183 ], [ -77.67161, -6.06108 ], [ -77.72855, -6.00001 ], [ -77.74483, -5.94494 ], [ -77.72847, -5.94268 ] ] ] } },
{ "type": "Feature", "properties": { "UBIGEO_INEI": "010307", "DEPARTAMEN": "AMAZONAS", "PROVINCIA": "BONGARA", "DISTRITO": "JAZAN" }, "geometry": { "type": "Polygon", "coordinates": [ [ [ -78.05257, -5.90388 ], [ -78.04571, -5.91339 ], [ -77.99352, -5.9225 ], [ -77.98166, -5.93604 ], [ -77.96773, -5.92424 ], [ -77.9714, -5.93865 ], [ -77.96148, -5.94236 ], [ -77.95808, -5.96544 ], [ -77.96674, -5.97127 ], [ -77.97982, -5.9648 ], [ -78.00564, -5.97793 ], [ -78.06087, -5.97286 ], [ -78.07674, -5.9581 ], [ -78.08264, -5.93368 ], [ -78.07658, -5.91677 ], [ -78.05751, -5.91752 ], [ -78.05257, -5.90388 ] ] ] } },
{ "type": "Feature", "properties": { "UBIGEO_INEI": "010308", "DEPARTAMEN": "AMAZONAS", "PROVINCIA": "BONGARA", "DISTRITO": "RECTA" }, "geometry": { "type": "Polygon", "coordinates": [ [ [ -77.79211, -5.89905 ], [ -77.75453, -5.92596 ], [ -77.7448, -5.94306 ], [ -77.7745, -5.97432 ], [ -77.80061, -5.9427 ], [ -77.78973, -5.91497 ], [ -77.79211, -5.89905 ] ] ] } },
{ "type": "Feature", "properties": { "UBIGEO_INEI": "010301", "DEPARTAMEN": "AMAZONAS", "PROVINCIA": "BONGARA", "DISTRITO": "JUMBILLA" }, "geometry": { "type": "Polygon", "coordinates": [ [ [ -77.84223, -5.82379 ], [ -77.8403, -5.84417 ], [ -77.79625, -5.88613 ], [ -77.78973, -5.91497 ], [ -77.79904, -5.92919 ], [ -77.79844, -5.9518 ], [ -77.7721, -5.98233 ], [ -77.78811, -6.02809 ], [ -77.80623, -6.03187 ], [ -77.80781, -6.08093 ], [ -77.79054, -6.12391 ], [ -77.82232, -6.09984 ], [ -77.83437, -6.07021 ], [ -77.83463, -6.03051 ], [ -77.80121, -5.98734 ], [ -77.83228, -5.97144 ], [ -77.84807, -5.97625 ], [ -77.85292, -5.98622 ], [ -77.8723, -5.925 ], [ -77.86222, -5.90878 ], [ -77.87877, -5.87097 ], [ -77.86693, -5.86309 ], [ -77.86757, -5.84206 ], [ -77.84859, -5.83459 ], [ -77.84223, -5.82379 ] ] ] } },
{ "type": "Feature", "properties": { "UBIGEO_INEI": "010305", "DEPARTAMEN": "AMAZONAS", "PROVINCIA": "BONGARA", "DISTRITO": "CUISPES" }, "geometry": { "type": "Polygon", "coordinates": [ [ [ -77.91072, -5.86085 ], [ -77.87076, -5.87782 ], [ -77.86222, -5.90878 ], [ -77.87239, -5.9238 ], [ -77.85989, -5.94872 ], [ -77.86409, -5.95809 ], [ -77.88954, -5.94812 ], [ -77.9552, -5.95129 ], [ -77.9714, -5.93865 ], [ -77.96101, -5.91776 ], [ -77.97664, -5.89039 ], [ -77.95893, -5.87852 ], [ -77.93671, -5.8828 ], [ -77.91072, -5.86085 ] ] ] } },
{ "type": "Feature", "properties": { "UBIGEO_INEI": "010310", "DEPARTAMEN": "AMAZONAS", "PROVINCIA": "BONGARA", "DISTRITO": "SHIPASBAMBA" }, "geometry": { "type": "Polygon", "coordinates": [ [ [ -78.06117, -5.8286 ], [ -78.05351, -5.83438 ], [ -78.03931, -5.8287 ], [ -78.02392, -5.85679 ], [ -78.00172, -5.8644 ], [ -77.97664, -5.89039 ], [ -77.96101, -5.91776 ], [ -77.9714, -5.93865 ], [ -77.97034, -5.92256 ], [ -77.98166, -5.93604 ], [ -77.99352, -5.9225 ], [ -78.04571, -5.91339 ], [ -78.04848, -5.90359 ], [ -78.05751, -5.91752 ], [ -78.12709, -5.91668 ], [ -78.13522, -5.89424 ], [ -78.1224, -5.89108 ], [ -78.10104, -5.83841 ], [ -78.08246, -5.84025 ], [ -78.06117, -5.8286 ] ] ] } },
{ "type": "Feature", "properties": { "UBIGEO_INEI": "010302", "DEPARTAMEN": "AMAZONAS", "PROVINCIA": "BONGARA", "DISTRITO": "CHISQUILLA" }, "geometry": { "type": "Polygon", "coordinates": [ [ [ -77.76077, -5.82492 ], [ -77.72642, -5.84398 ], [ -77.69481, -5.84023 ], [ -77.68153, -5.84949 ], [ -77.68308, -5.87758 ], [ -77.66551, -5.8922 ], [ -77.66329, -5.91767 ], [ -77.65189, -5.93533 ], [ -77.67167, -5.9741 ], [ -77.68756, -5.9791 ], [ -77.71726, -5.9442 ], [ -77.74483, -5.94494 ], [ -77.75537, -5.92518 ], [ -77.78252, -5.91037 ], [ -77.81048, -5.86977 ], [ -77.80557, -5.85462 ], [ -77.79007, -5.85081 ], [ -77.76077, -5.82492 ] ] ] } },
{ "type": "Feature", "properties": { "UBIGEO_INEI": "010306", "DEPARTAMEN": "AMAZONAS", "PROVINCIA": "BONGARA", "DISTRITO": "FLORIDA" }, "geometry": { "type": "Polygon", "coordinates": [ [ [ -77.91322, -5.74015 ], [ -77.90691, -5.76893 ], [ -77.86911, -5.7923 ], [ -77.84252, -5.82191 ], [ -77.84859, -5.83459 ], [ -77.86757, -5.84206 ], [ -77.86693, -5.86309 ], [ -77.87877, -5.87097 ], [ -77.91632, -5.86087 ], [ -77.93142, -5.8803 ], [ -77.96734, -5.88013 ], [ -77.97664, -5.89039 ], [ -78.00172, -5.8644 ], [ -78.02392, -5.85679 ], [ -78.03931, -5.8287 ], [ -78.05351, -5.83438 ], [ -78.06537, -5.82903 ], [ -78.08246, -5.84025 ], [ -78.09751, -5.83557 ], [ -78.10224, -5.82459 ], [ -78.08577, -5.79225 ], [ -78.05818, -5.78721 ], [ -78.04349, -5.80788 ], [ -78.03158, -5.79351 ], [ -77.97803, -5.79452 ], [ -77.95317, -5.78399 ], [ -77.91322, -5.74015 ] ] ] } },
{ "type": "Feature", "properties": { "UBIGEO_INEI": "010304", "DEPARTAMEN": "AMAZONAS", "PROVINCIA": "BONGARA", "DISTRITO": "COROSHA" }, "geometry": { "type": "Polygon", "coordinates": [ [ [ -77.83045, -5.77563 ], [ -77.81804, -5.78905 ], [ -77.80571, -5.7858 ], [ -77.78335, -5.79422 ], [ -77.77036, -5.78814 ], [ -77.76077, -5.82492 ], [ -77.79007, -5.85081 ], [ -77.8082, -5.85696 ], [ -77.81048, -5.86977 ], [ -77.8403, -5.84417 ], [ -77.84463, -5.81575 ], [ -77.85732, -5.80472 ], [ -77.84824, -5.77929 ], [ -77.83045, -5.77563 ] ] ] } },
{ "type": "Feature", "properties": { "UBIGEO_INEI": "010312", "DEPARTAMEN": "AMAZONAS", "PROVINCIA": "BONGARA", "DISTRITO": "YAMBRASBAMBA" }, "geometry": { "type": "Polygon", "coordinates": [ [ [ -77.74529, -5.13302 ], [ -77.72, -5.14062 ], [ -77.69528, -5.16474 ], [ -77.70824, -5.19091 ], [ -77.73971, -5.21186 ], [ -77.6963, -5.25877 ], [ -77.68415, -5.29588 ], [ -77.68207, -5.3384 ], [ -77.70279, -5.38069 ], [ -77.69602, -5.41162 ], [ -77.7127, -5.41641 ], [ -77.74483, -5.4069 ], [ -77.76845, -5.43805 ], [ -77.74883, -5.45986 ], [ -77.77064, -5.47815 ], [ -77.77157, -5.49392 ], [ -77.75704, -5.51394 ], [ -77.76576, -5.53898 ], [ -77.73638, -5.60929 ], [ -77.75261, -5.63758 ], [ -77.75437, -5.659 ], [ -77.77509, -5.68968 ], [ -77.77515, -5.71075 ], [ -77.75936, -5.72985 ], [ -77.77242, -5.75335 ], [ -77.76052, -5.77117 ], [ -77.78335, -5.79422 ], [ -77.81942, -5.78854 ], [ -77.83045, -5.77563 ], [ -77.84556, -5.77807 ], [ -77.85732, -5.80472 ], [ -77.90691, -5.76893 ], [ -77.91327, -5.74007 ], [ -77.95317, -5.78399 ], [ -77.97803, -5.79452 ], [ -78.03158, -5.79351 ], [ -78.04349, -5.80788 ], [ -78.05818, -5.78721 ], [ -78.08577, -5.79225 ], [ -78.07658, -5.76887 ], [ -78.1051, -5.7572 ], [ -78.01102, -5.60099 ], [ -77.98491, -5.57581 ], [ -77.99103, -5.51148 ], [ -77.93256, -5.49094 ], [ -77.93084, -5.46197 ], [ -77.94057, -5.42528 ], [ -77.95508, -5.41741 ], [ -77.95552, -5.39972 ], [ -77.74529, -5.13302 ] ] ] } },
{ "type": "Feature", "properties": { "UBIGEO_INEI": "160301", "DEPARTAMEN": "LORETO", "PROVINCIA": "LORETO", "DISTRITO": "NAUTA" }, "geometry": { "type": "Polygon", "coordinates": [ [ [ -74.27065, -3.83667 ], [ -74.25843, -3.84783 ], [ -74.23969, -3.84414 ], [ -74.21914, -3.854 ], [ -74.18605, -3.89153 ], [ -74.18893, -3.89972 ], [ -74.15022, -3.96825 ], [ -74.14629, -3.99343 ], [ -74.13535, -3.99965 ], [ -74.13544, -4.06188 ], [ -74.08561, -4.21172 ], [ -74.0587, -4.24761 ], [ -73.94526, -4.3245 ], [ -73.937, -4.3719 ], [ -73.91486, -4.38435 ], [ -73.88352, -4.38843 ], [ -73.83358, -4.43862 ], [ -73.7653, -4.44916 ], [ -73.69673, -4.4419 ], [ -73.59268, -4.38182 ], [ -73.54459, -4.3379 ], [ -73.48344, -4.32148 ], [ -73.46821, -4.2849 ], [ -73.40029, -4.23855 ], [ -73.37823, -4.2541 ], [ -73.44879, -4.31505 ], [ -73.42164, -4.36858 ], [ -73.42056, -4.42419 ], [ -73.42984, -4.44173 ], [ -73.45731, -4.46207 ], [ -73.46726, -4.51868 ], [ -73.51083, -4.55191 ], [ -73.52941, -4.5843 ], [ -73.58198, -4.61868 ], [ -73.65371, -4.7228 ], [ -73.67827, -4.73423 ], [ -73.71173, -4.73554 ], [ -73.76479, -4.79748 ], [ -73.79209, -4.81371 ], [ -73.81029, -4.84319 ], [ -73.8344, -4.85206 ], [ -73.84954, -4.87698 ], [ -73.87435, -4.88281 ], [ -73.90182, -4.92874 ], [ -73.893, -4.95558 ], [ -73.9295, -5.01032 ], [ -73.94636, -5.00023 ], [ -73.95864, -4.97811 ], [ -74.01522, -4.95221 ], [ -74.04694, -4.94813 ], [ -74.0671, -4.91821 ], [ -74.07426, -4.88812 ], [ -74.07178, -4.84566 ], [ -74.04403, -4.78262 ], [ -74.06001, -4.74673 ], [ -74.13672, -4.7216 ], [ -74.17809, -4.67135 ], [ -74.26499, -4.62599 ], [ -74.32427, -4.54726 ], [ -74.34795, -4.54115 ], [ -74.39739, -4.54482 ], [ -74.45435, -4.51837 ], [ -74.50846, -4.47158 ], [ -74.56944, -4.44253 ], [ -74.61399, -4.40413 ], [ -74.63845, -4.34528 ], [ -74.65923, -4.32763 ], [ -74.71939, -4.31864 ], [ -74.74843, -4.3055 ], [ -74.81481, -4.22668 ], [ -74.86805, -4.13748 ], [ -74.91507, -4.0794 ], [ -74.92773, -3.9717 ], [ -74.94307, -3.93879 ], [ -74.90449, -3.95415 ], [ -74.84949, -3.99852 ], [ -74.75438, -4.11322 ], [ -74.57735, -4.17021 ], [ -74.50811, -4.23226 ], [ -74.38345, -4.27478 ], [ -74.35738, -4.30122 ], [ -74.34161, -4.30566 ], [ -74.34319, -4.31417 ], [ -74.31639, -4.31633 ], [ -74.29651, -4.25375 ], [ -74.30617, -4.09432 ], [ -74.25607, -4.00942 ], [ -74.24655, -3.97617 ], [ -74.27682, -3.89299 ], [ -74.27065, -3.83667 ] ] ] } },
{ "type": "Feature", "properties": { "UBIGEO_INEI": "160302", "DEPARTAMEN": "LORETO", "PROVINCIA": "LORETO", "DISTRITO": "PARINARI" }, "geometry": { "type": "Polygon", "coordinates": [ [ [ -74.94307, -3.93879 ], [ -74.92773, -3.9717 ], [ -74.91507, -4.0794 ], [ -74.86805, -4.13748 ], [ -74.81481, -4.22668 ], [ -74.74843, -4.3055 ], [ -74.71939, -4.31864 ], [ -74.65923, -4.32763 ], [ -74.63845, -4.34528 ], [ -74.61399, -4.40413 ], [ -74.56944, -4.44253 ], [ -74.50846, -4.47158 ], [ -74.45435, -4.51837 ], [ -74.39739, -4.54482 ], [ -74.34795, -4.54115 ], [ -74.32427, -4.54726 ], [ -74.26499, -4.62599 ], [ -74.17809, -4.67135 ], [ -74.13672, -4.7216 ], [ -74.06001, -4.74673 ], [ -74.04403, -4.78262 ], [ -74.07178, -4.84566 ], [ -74.07426, -4.88812 ], [ -74.0671, -4.91821 ], [ -74.04694, -4.94813 ], [ -74.08939, -4.96916 ], [ -74.13117, -5.01503 ], [ -74.17391, -5.03489 ], [ -74.17878, -5.08698 ], [ -74.23246, -5.11749 ], [ -74.24551, -5.13619 ], [ -74.2874, -5.13362 ], [ -74.32359, -5.15237 ], [ -74.35063, -5.15348 ], [ -74.41834, -5.20693 ], [ -74.45722, -5.21595 ], [ -74.57292, -5.26432 ], [ -74.61517, -5.30433 ], [ -74.63801, -5.35401 ], [ -74.82899, -5.45371 ], [ -74.90209, -5.4703 ], [ -74.92871, -5.48625 ], [ -74.9601, -5.51986 ], [ -74.99029, -5.51391 ], [ -75.01947, -5.49693 ], [ -75.06599, -5.4994 ], [ -75.18158, -5.62323 ], [ -75.2081, -5.6171 ], [ -75.30493, -5.68621 ], [ -75.33581, -5.69526 ], [ -75.38376, -5.68892 ], [ -75.41393, -5.72015 ], [ -75.49748, -5.72803 ], [ -75.45439, -5.57419 ], [ -75.49732, -5.58818 ], [ -75.51825, -5.58735 ], [ -75.60883, -5.56273 ], [ -75.60108, -5.53295 ], [ -75.63955, -5.50179 ], [ -75.61813, -5.45436 ], [ -75.65227, -5.40186 ], [ -75.65271, -5.36417 ], [ -75.62305, -5.31978 ], [ -75.63257, -5.27624 ], [ -75.59541, -5.27453 ], [ -75.58879, -5.25184 ], [ -75.59289, -5.23623 ], [ -75.61787, -5.20925 ], [ -75.61537, -5.19671 ], [ -75.51163, -5.11315 ], [ -75.46957, -5.05765 ], [ -75.43806, -5.04743 ], [ -75.38214, -5.0529 ], [ -75.35241, -4.93043 ], [ -75.30377, -4.88265 ], [ -75.26382, -4.86784 ], [ -75.13787, -4.86784 ], [ -75.12109, -4.84234 ], [ -75.09632, -4.83118 ], [ -75.0553, -4.83854 ], [ -75.03563, -4.8302 ], [ -74.97986, -4.82694 ], [ -74.91493, -4.77186 ], [ -74.84592, -4.75928 ], [ -74.75933, -4.69717 ], [ -74.7402, -4.67015 ], [ -74.72812, -4.51566 ], [ -74.75137, -4.49551 ], [ -74.78024, -4.49244 ], [ -74.82886, -4.46673 ], [ -74.83068, -4.41928 ], [ -74.87615, -4.23661 ], [ -74.95671, -4.10933 ], [ -74.97098, -4.03132 ], [ -74.99181, -4.00687 ], [ -74.98905, -3.9902 ], [ -74.94307, -3.93879 ] ] ] } },
{ "type": "Feature", "properties": { "UBIGEO_INEI": "160303", "DEPARTAMEN": "LORETO", "PROVINCIA": "LORETO", "DISTRITO": "TIGRE" }, "geometry": { "type": "Polygon", "coordinates": [ [ [ -75.77836, -1.79395 ], [ -75.77896, -1.84974 ], [ -75.74592, -1.93092 ], [ -75.6506, -1.94588 ], [ -75.61064, -1.96936 ], [ -75.5713, -1.96377 ], [ -75.53629, -1.99646 ], [ -75.4657, -2.00685 ], [ -75.43798, -2.03659 ], [ -75.39003, -2.01515 ], [ -75.33755, -2.0032 ], [ -75.28815, -2.00871 ], [ -75.26897, -2.04371 ], [ -75.26677, -2.06366 ], [ -75.25314, -2.07934 ], [ -75.25593, -2.09092 ], [ -75.24325, -2.10037 ], [ -75.24619, -2.13383 ], [ -75.22411, -2.15814 ], [ -75.19247, -2.16575 ], [ -75.16893, -2.18669 ], [ -75.17221, -2.21916 ], [ -75.15534, -2.23523 ], [ -75.13642, -2.2859 ], [ -75.11124, -2.30185 ], [ -75.10394, -2.28968 ], [ -75.08323, -2.29347 ], [ -75.01715, -2.35179 ], [ -74.95892, -2.3699 ], [ -74.94959, -2.45879 ], [ -74.95413, -2.50229 ], [ -74.9812, -2.5068 ], [ -74.99311, -2.52419 ], [ -74.97962, -2.55536 ], [ -74.96202, -2.57037 ], [ -74.95786, -2.61474 ], [ -74.97375, -2.6607 ], [ -75.00993, -2.68467 ], [ -75.01027, -2.76636 ], [ -75.02206, -2.79047 ], [ -75.05913, -2.96214 ], [ -75.05668, -2.98002 ], [ -75.03639, -2.99823 ], [ -75.02645, -3.06072 ], [ -75.014, -3.07555 ], [ -75.02045, -3.09311 ], [ -75.01062, -3.11038 ], [ -75.01678, -3.13451 ], [ -74.99053, -3.19088 ], [ -74.92185, -3.19707 ], [ -74.8929, -3.20985 ], [ -74.87419, -3.20078 ], [ -74.86026, -3.20957 ], [ -74.85515, -3.22343 ], [ -74.84266, -3.21776 ], [ -74.81577, -3.23776 ], [ -74.8329, -3.28082 ], [ -74.81927, -3.28712 ], [ -74.81139, -3.30294 ], [ -74.78174, -3.31591 ], [ -74.78004, -3.32661 ], [ -74.7533, -3.33529 ], [ -74.75009, -3.35566 ], [ -74.73138, -3.36894 ], [ -74.71257, -3.43607 ], [ -74.72034, -3.4541 ], [ -74.71523, -3.46009 ], [ -74.69282, -3.45041 ], [ -74.67947, -3.46579 ], [ -74.68517, -3.49823 ], [ -74.66404, -3.52678 ], [ -74.55454, -3.63331 ], [ -74.50143, -3.69886 ], [ -74.49239, -3.70121 ], [ -74.47206, -3.6843 ], [ -74.45864, -3.70549 ], [ -74.43054, -3.70743 ], [ -74.41209, -3.71828 ], [ -74.37069, -3.716 ], [ -74.34677, -3.76033 ], [ -74.31411, -3.77432 ], [ -74.27065, -3.83667 ], [ -74.27682, -3.89299 ], [ -74.24655, -3.97617 ], [ -74.25607, -4.00942 ], [ -74.30617, -4.09432 ], [ -74.29651, -4.25375 ], [ -74.31639, -4.31633 ], [ -74.34319, -4.31417 ], [ -74.34161, -4.30566 ], [ -74.35738, -4.30122 ], [ -74.38345, -4.27478 ], [ -74.50811, -4.23226 ], [ -74.57735, -4.17021 ], [ -74.75438, -4.11322 ], [ -74.84949, -3.99852 ], [ -74.90449, -3.95415 ], [ -74.94801, -3.93563 ], [ -74.98079, -3.90511 ], [ -75.12028, -3.87375 ], [ -75.14536, -3.85849 ], [ -75.15272, -3.8494 ], [ -75.12335, -3.84149 ], [ -75.07766, -3.86396 ], [ -75.00943, -3.84222 ], [ -74.9726, -3.85008 ], [ -74.88255, -3.82893 ], [ -74.78819, -3.84227 ], [ -74.72765, -3.83847 ], [ -74.68969, -3.81279 ], [ -74.63172, -3.80191 ], [ -74.61029, -3.77429 ], [ -74.6088, -3.74867 ], [ -74.62757, -3.72211 ], [ -74.66105, -3.71233 ], [ -74.72715, -3.71426 ], [ -74.79864, -3.7037 ], [ -74.86448, -3.71935 ], [ -74.89566, -3.71922 ], [ -75.01216, -3.69733 ], [ -75.10989, -3.72581 ], [ -75.18415, -3.7198 ], [ -75.2008, -3.7049 ], [ -75.25845, -3.68714 ], [ -75.29256, -3.64886 ], [ -75.28837, -3.59856 ], [ -75.29665, -3.56875 ], [ -75.32012, -3.54751 ], [ -75.35302, -3.5361 ], [ -75.36039, -3.52021 ], [ -75.37623, -3.50995 ], [ -75.37872, -3.4842 ], [ -75.39425, -3.45252 ], [ -75.37861, -3.4116 ], [ -75.41963, -3.37355 ], [ -75.41804, -3.31752 ], [ -75.4268, -3.26107 ], [ -75.43178, -3.24933 ], [ -75.44219, -3.24845 ], [ -75.46103, -3.21304 ], [ -75.44975, -3.18468 ], [ -75.41889, -3.16191 ], [ -75.39, -3.12489 ], [ -75.38472, -3.0781 ], [ -75.39443, -3.05765 ], [ -75.42519, -3.04831 ], [ -75.44924, -3.05855 ], [ -75.4695, -3.05648 ], [ -75.49866, -3.01311 ], [ -75.53182, -3.01006 ], [ -75.55831, -2.99365 ], [ -75.63514, -2.99481 ], [ -75.64185, -2.97363 ], [ -75.6358, -2.9591 ], [ -75.68999, -2.88702 ], [ -75.7071, -2.84947 ], [ -75.78222, -2.80957 ], [ -75.82747, -2.80174 ], [ -75.84332, -2.79065 ], [ -75.8573, -2.76243 ], [ -75.85012, -2.74 ], [ -75.87134, -2.71363 ], [ -75.88647, -2.65533 ], [ -75.9269, -2.63218 ], [ -75.92792, -2.60593 ], [ -75.94647, -2.58883 ], [ -75.96985, -2.54307 ], [ -75.99512, -2.52013 ], [ -76.05244, -2.52706 ], [ -76.09546, -2.48418 ], [ -76.15536, -2.45169 ], [ -76.28249, -2.4399 ], [ -76.30538, -2.39538 ], [ -76.3124, -2.33757 ], [ -76.04343, -2.12709 ], [ -75.77836, -1.79395 ] ] ] } },
{ "type": "Feature", "properties": { "UBIGEO_INEI": "160304", "DEPARTAMEN": "LORETO", "PROVINCIA": "LORETO", "DISTRITO": "TROMPETEROS" }, "geometry": { "type": "Polygon", "coordinates": [ [ [ -76.3124, -2.33757 ], [ -76.30538, -2.39538 ], [ -76.28126, -2.44103 ], [ -76.25833, -2.43727 ], [ -76.15536, -2.45169 ], [ -76.09546, -2.48418 ], [ -76.05244, -2.52706 ], [ -76.03711, -2.53 ], [ -76.02634, -2.51985 ], [ -75.99888, -2.51823 ], [ -75.97132, -2.54121 ], [ -75.94647, -2.58883 ], [ -75.92792, -2.60593 ], [ -75.928, -2.6308 ], [ -75.88571, -2.65673 ], [ -75.87134, -2.71363 ], [ -75.85012, -2.74 ], [ -75.8573, -2.76243 ], [ -75.84332, -2.79065 ], [ -75.82747, -2.80174 ], [ -75.78222, -2.80957 ], [ -75.7071, -2.84947 ], [ -75.68999, -2.88702 ], [ -75.6358, -2.9591 ], [ -75.64185, -2.97363 ], [ -75.63514, -2.99481 ], [ -75.55831, -2.99365 ], [ -75.53182, -3.01006 ], [ -75.49866, -3.01311 ], [ -75.4695, -3.05648 ], [ -75.44924, -3.05855 ], [ -75.42519, -3.04831 ], [ -75.39443, -3.05765 ], [ -75.38472, -3.0781 ], [ -75.39, -3.12489 ], [ -75.41889, -3.16191 ], [ -75.44975, -3.18468 ], [ -75.46103, -3.21304 ], [ -75.44219, -3.24845 ], [ -75.43178, -3.24933 ], [ -75.4268, -3.26107 ], [ -75.41804, -3.31752 ], [ -75.41963, -3.37355 ], [ -75.37861, -3.4116 ], [ -75.39425, -3.45252 ], [ -75.37872, -3.4842 ], [ -75.37623, -3.50995 ], [ -75.36039, -3.52021 ], [ -75.35302, -3.5361 ], [ -75.32012, -3.54751 ], [ -75.29665, -3.56875 ], [ -75.28837, -3.59856 ], [ -75.2952, -3.64019 ], [ -75.28443, -3.66384 ], [ -75.2653, -3.68177 ], [ -75.23915, -3.69787 ], [ -75.2008, -3.7049 ], [ -75.18415, -3.7198 ], [ -75.10989, -3.72581 ], [ -75.01216, -3.69733 ], [ -74.89566, -3.71922 ], [ -74.86448, -3.71935 ], [ -74.79864, -3.7037 ], [ -74.72715, -3.71426 ], [ -74.64848, -3.71419 ], [ -74.62757, -3.72211 ], [ -74.61066, -3.74073 ], [ -74.61029, -3.77429 ], [ -74.6237, -3.7953 ], [ -74.68969, -3.81279 ], [ -74.72087, -3.83682 ], [ -74.75349, -3.84242 ], [ -74.88255, -3.82893 ], [ -74.9726, -3.85008 ], [ -75.00943, -3.84222 ], [ -75.07766, -3.86396 ], [ -75.12335, -3.84149 ], [ -75.186, -3.85428 ], [ -75.23097, -3.82554 ], [ -75.26911, -3.81621 ], [ -75.33729, -3.75362 ], [ -75.37822, -3.77772 ], [ -75.47719, -3.77896 ], [ -75.51026, -3.7645 ], [ -75.51625, -3.74912 ], [ -75.55027, -3.72899 ], [ -75.65463, -3.73346 ], [ -75.73325, -3.70525 ], [ -75.85656, -3.68255 ], [ -75.96307, -3.64237 ], [ -76.05377, -3.63457 ], [ -76.17121, -3.57015 ], [ -76.22454, -3.51619 ], [ -76.24893, -3.47668 ], [ -76.26146, -3.47522 ], [ -76.25671, -3.43605 ], [ -76.26372, -3.40304 ], [ -76.2743, -3.39981 ], [ -76.27003, -3.36113 ], [ -76.28219, -3.3334 ], [ -76.31066, -3.30543 ], [ -76.31396, -3.28616 ], [ -76.32647, -3.27471 ], [ -76.32598, -3.25806 ], [ -76.33766, -3.25155 ], [ -76.32803, -3.21931 ], [ -76.33732, -3.21888 ], [ -76.35427, -3.23636 ], [ -76.36729, -3.21783 ], [ -76.35183, -3.20598 ], [ -76.36405, -3.19324 ], [ -76.36388, -3.18098 ], [ -76.34878, -3.1665 ], [ -76.38927, -3.12768 ], [ -76.35347, -3.09042 ], [ -76.35247, -3.02107 ], [ -76.33793, -2.98861 ], [ -76.34841, -2.97753 ], [ -76.35123, -2.94643 ], [ -76.34031, -2.91355 ], [ -76.31687, -2.89756 ], [ -76.30734, -2.83485 ], [ -76.31784, -2.80772 ], [ -76.34421, -2.80007 ], [ -76.36531, -2.7401 ], [ -76.39547, -2.72603 ], [ -76.38434, -2.71677 ], [ -76.38637, -2.69753 ], [ -76.40797, -2.68779 ], [ -76.47064, -2.60431 ], [ -76.50638, -2.58284 ], [ -76.50333, -2.53216 ], [ -76.53432, -2.51228 ], [ -76.3124, -2.33757 ] ] ] } },
{ "type": "Feature", "properties": { "UBIGEO_INEI": "160305", "DEPARTAMEN": "LORETO", "PROVINCIA": "LORETO", "DISTRITO": "URARINAS" }, "geometry": { "type": "Polygon", "coordinates": [ [ [ -76.17121, -3.57015 ], [ -76.05377, -3.63457 ], [ -75.96307, -3.64237 ], [ -75.85656, -3.68255 ], [ -75.73325, -3.70525 ], [ -75.65463, -3.73346 ], [ -75.55027, -3.72899 ], [ -75.51625, -3.74912 ], [ -75.51026, -3.7645 ], [ -75.47719, -3.77896 ], [ -75.37822, -3.77772 ], [ -75.33729, -3.75362 ], [ -75.26911, -3.81621 ], [ -75.23097, -3.82554 ], [ -75.19156, -3.85241 ], [ -75.15272, -3.8494 ], [ -75.12028, -3.87375 ], [ -74.97807, -3.90705 ], [ -74.94307, -3.93879 ], [ -74.98905, -3.9902 ], [ -74.99181, -4.00687 ], [ -74.97098, -4.03132 ], [ -74.95671, -4.10933 ], [ -74.87615, -4.23661 ], [ -74.83068, -4.41928 ], [ -74.83277, -4.45839 ], [ -74.80578, -4.48273 ], [ -74.75137, -4.49551 ], [ -74.72812, -4.51566 ], [ -74.73445, -4.63969 ], [ -74.74728, -4.68494 ], [ -74.84592, -4.75928 ], [ -74.92882, -4.77938 ], [ -74.97986, -4.82694 ], [ -75.03563, -4.8302 ], [ -75.0553, -4.83854 ], [ -75.09632, -4.83118 ], [ -75.12109, -4.84234 ], [ -75.13787, -4.86784 ], [ -75.26382, -4.86784 ], [ -75.30377, -4.88265 ], [ -75.35241, -4.93043 ], [ -75.38418, -5.05455 ], [ -75.4239, -4.98809 ], [ -75.47856, -4.95628 ], [ -75.52011, -4.94087 ], [ -75.58108, -4.93903 ], [ -75.60409, -4.92249 ], [ -75.64216, -4.93095 ], [ -75.67344, -4.92481 ], [ -75.68748, -4.88937 ], [ -75.66429, -4.84124 ], [ -75.7257, -4.81317 ], [ -75.7216, -4.78966 ], [ -75.74028, -4.73785 ], [ -75.84305, -4.68709 ], [ -75.85218, -4.65874 ], [ -75.84548, -4.62581 ], [ -75.85189, -4.59996 ], [ -75.89169, -4.58418 ], [ -75.8772, -4.54413 ], [ -75.87891, -4.49045 ], [ -75.86333, -4.45524 ], [ -75.86785, -4.42995 ], [ -75.95235, -4.37505 ], [ -75.97495, -4.37201 ], [ -76.02524, -4.3234 ], [ -76.03021, -4.29683 ], [ -76.00959, -4.27388 ], [ -76.00941, -4.25785 ], [ -76.02185, -4.2204 ], [ -76.07031, -4.1797 ], [ -76.06127, -4.1222 ], [ -76.06537, -4.0892 ], [ -76.07947, -4.07485 ], [ -76.07848, -4.04939 ], [ -76.12002, -4.0356 ], [ -76.13871, -4.00269 ], [ -76.14451, -3.95904 ], [ -76.20431, -3.92388 ], [ -76.21183, -3.83456 ], [ -76.24764, -3.78784 ], [ -76.24887, -3.74477 ], [ -76.25744, -3.74346 ], [ -76.27583, -3.76174 ], [ -76.28032, -3.74702 ], [ -76.27295, -3.72975 ], [ -76.28984, -3.69662 ], [ -76.30752, -3.69827 ], [ -76.32379, -3.68535 ], [ -76.23408, -3.63482 ], [ -76.23753, -3.60244 ], [ -76.26053, -3.57292 ], [ -76.22204, -3.55372 ], [ -76.20618, -3.52806 ], [ -76.17121, -3.57015 ] ] ] } },
{ "type": "Feature", "properties": { "UBIGEO_INEI": "160401", "DEPARTAMEN": "LORETO", "PROVINCIA": "MARISCAL RAMON CASTILLA", "DISTRITO": "RAMON CASTILLA" }, "geometry": { "type": "Polygon", "coordinates": [ [ [ -71.31044, -3.18173 ], [ -71.29625, -3.201 ], [ -71.27417, -3.19917 ], [ -71.24981, -3.21148 ], [ -71.24126, -3.22449 ], [ -71.15424, -3.21081 ], [ -71.06812, -3.2125 ], [ -71.05589, -3.246 ], [ -71.01168, -3.25882 ], [ -70.9783, -3.27811 ], [ -70.969, -3.29884 ], [ -70.92185, -3.33281 ], [ -70.81539, -3.37189 ], [ -70.69069, -3.36653 ], [ -70.6754, -3.37342 ], [ -70.65445, -3.40669 ], [ -70.63023, -3.41744 ], [ -70.58997, -3.41838 ], [ -70.52956, -3.39567 ], [ -70.47792, -3.42422 ], [ -70.71313, -3.79643 ], [ -70.68519, -3.79334 ], [ -70.65252, -3.82888 ], [ -70.62716, -3.83202 ], [ -70.61902, -3.84006 ], [ -70.57727, -3.82801 ], [ -70.54092, -3.86304 ], [ -70.50286, -3.87581 ], [ -70.44981, -3.85668 ], [ -70.41376, -3.82203 ], [ -70.3876, -3.8285 ], [ -70.3559, -3.79974 ], [ -70.30496, -3.81337 ], [ -70.27631, -3.83763 ], [ -70.25352, -3.8845 ], [ -70.1867, -3.91835 ], [ -70.17454, -3.96956 ], [ -70.14957, -4.00675 ], [ -70.1144, -4.04955 ], [ -70.06778, -4.07598 ], [ -70.05665, -4.09508 ], [ -70.09184, -4.10934 ], [ -70.1268, -4.09923 ], [ -70.13984, -4.08769 ], [ -70.16625, -4.12683 ], [ -70.18651, -4.12071 ], [ -70.20038, -4.10305 ], [ -70.2471, -4.12733 ], [ -70.26234, -4.12632 ], [ -70.34863, -4.10802 ], [ -70.3873, -4.07969 ], [ -70.4041, -4.05674 ], [ -70.43147, -4.04536 ], [ -70.50554, -4.05415 ], [ -70.55688, -4.03695 ], [ -70.60079, -4.04333 ], [ -70.67812, -4.01967 ], [ -70.74392, -4.03067 ], [ -70.79404, -4.07429 ], [ -70.83013, -4.08314 ], [ -70.8512, -4.10495 ], [ -70.90694, -4.13963 ], [ -70.95078, -4.15521 ], [ -70.86247, -4.02955 ], [ -70.85884, -3.97916 ], [ -70.82317, -3.94637 ], [ -70.86711, -3.93583 ], [ -70.8882, -3.90208 ], [ -70.95865, -3.88921 ], [ -70.98845, -3.92952 ], [ -71.07948, -3.95873 ], [ -71.14478, -3.91983 ], [ -71.19506, -3.86609 ], [ -71.23264, -3.78014 ], [ -71.22152, -3.74185 ], [ -71.1805, -3.6751 ], [ -71.17802, -3.65976 ], [ -71.18861, -3.63333 ], [ -71.15888, -3.59536 ], [ -71.15941, -3.57196 ], [ -71.1804, -3.53511 ], [ -71.21874, -3.52153 ], [ -71.29103, -3.51811 ], [ -71.33794, -3.48916 ], [ -71.35518, -3.49342 ], [ -71.37104, -3.48616 ], [ -71.39617, -3.45191 ], [ -71.40266, -3.41523 ], [ -71.41945, -3.40304 ], [ -71.41549, -3.3782 ], [ -71.38365, -3.34595 ], [ -71.33674, -3.22813 ], [ -71.31044, -3.18173 ] ] ] } },
{ "type": "Feature", "properties": { "UBIGEO_INEI": "160402", "DEPARTAMEN": "LORETO", "PROVINCIA": "MARISCAL RAMON CASTILLA", "DISTRITO": "PEBAS" }, "geometry": { "type": "Polygon", "coordinates": [ [ [ -72.17338, -2.79965 ], [ -72.09855, -2.83938 ], [ -72.07392, -2.83859 ], [ -72.03274, -2.81612 ], [ -72.0007, -2.86234 ], [ -71.98064, -2.87749 ], [ -71.85207, -2.91121 ], [ -71.8067, -2.91125 ], [ -71.7869, -2.92979 ], [ -71.78747, -2.98086 ], [ -71.75762, -3.02894 ], [ -71.71556, -3.0449 ], [ -71.66023, -3.04152 ], [ -71.62901, -3.06424 ], [ -71.59974, -3.0677 ], [ -71.56515, -3.08856 ], [ -71.51395, -3.10166 ], [ -71.47702, -3.151 ], [ -71.44443, -3.16583 ], [ -71.44606, -3.19141 ], [ -71.43841, -3.19998 ], [ -71.37943, -3.19336 ], [ -71.37315, -3.18065 ], [ -71.35404, -3.17203 ], [ -71.31074, -3.18157 ], [ -71.33829, -3.20731 ], [ -71.43486, -3.26618 ], [ -71.43613, -3.27625 ], [ -71.45517, -3.29158 ], [ -71.46127, -3.31902 ], [ -71.55554, -3.49941 ], [ -71.60325, -3.55364 ], [ -71.66737, -3.59007 ], [ -71.6803, -3.61415 ], [ -71.6712, -3.63399 ], [ -71.60203, -3.66654 ], [ -71.57903, -3.74773 ], [ -71.57665, -3.79721 ], [ -71.61244, -3.77595 ], [ -71.59388, -3.82996 ], [ -71.61799, -3.87518 ], [ -71.63, -4.00039 ], [ -71.6635, -4.06246 ], [ -71.67185, -4.10074 ], [ -71.7653, -4.15304 ], [ -71.88294, -4.16277 ], [ -71.95766, -4.10898 ], [ -72.00589, -4.09294 ], [ -72.04447, -4.05942 ], [ -72.11334, -4.02732 ], [ -72.19948, -4.02766 ], [ -72.368, -4.04939 ], [ -72.38326, -4.04276 ], [ -72.35519, -4.02214 ], [ -72.34816, -4.006 ], [ -72.30196, -3.99147 ], [ -72.25272, -3.93973 ], [ -72.28289, -3.83484 ], [ -72.27845, -3.74156 ], [ -72.2898, -3.73042 ], [ -72.30362, -3.68738 ], [ -72.28083, -3.67881 ], [ -72.22142, -3.62783 ], [ -72.17427, -3.60428 ], [ -72.15519, -3.57715 ], [ -72.15633, -3.54774 ], [ -72.14802, -3.52852 ], [ -72.11719, -3.50057 ], [ -72.19175, -3.4501 ], [ -72.19845, -3.40426 ], [ -72.27396, -3.33278 ], [ -72.29344, -3.29294 ], [ -72.33777, -3.28245 ], [ -72.36258, -3.24791 ], [ -72.40657, -3.23263 ], [ -72.41787, -3.17748 ], [ -72.4304, -3.17426 ], [ -72.45444, -3.13233 ], [ -72.47461, -3.1231 ], [ -72.47906, -3.09866 ], [ -72.55277, -3.06754 ], [ -72.55416, -3.00841 ], [ -72.57339, -2.94785 ], [ -72.57077, -2.8909 ], [ -72.53004, -2.88348 ], [ -72.43238, -2.84182 ], [ -72.38879, -2.85484 ], [ -72.36385, -2.83982 ], [ -72.30737, -2.83232 ], [ -72.24702, -2.83944 ], [ -72.19414, -2.8037 ], [ -72.17338, -2.79965 ] ] ] } },
{ "type": "Feature", "properties": { "UBIGEO_INEI": "160403", "DEPARTAMEN": "LORETO", "PROVINCIA": "MARISCAL RAMON CASTILLA", "DISTRITO": "YAVARI" }, "geometry": { "type": "Polygon", "coordinates": [ [ [ -70.67552, -4.01974 ], [ -70.60079, -4.04333 ], [ -70.55688, -4.03695 ], [ -70.50554, -4.05415 ], [ -70.43147, -4.04536 ], [ -70.4041, -4.05674 ], [ -70.3873, -4.07969 ], [ -70.34863, -4.10802 ], [ -70.26234, -4.12632 ], [ -70.2471, -4.12733 ], [ -70.20038, -4.10305 ], [ -70.18651, -4.12071 ], [ -70.16625, -4.12683 ], [ -70.13984, -4.08769 ], [ -70.1268, -4.09923 ], [ -70.09184, -4.10934 ], [ -70.05665, -4.09508 ], [ -70.03408, -4.13441 ], [ -69.95215, -4.2138 ], [ -69.9515, -4.28742 ], [ -69.98036, -4.34042 ], [ -70.01514, -4.35052 ], [ -70.02725, -4.37035 ], [ -70.04, -4.37535 ], [ -70.0514, -4.3635 ], [ -70.04026, -4.34697 ], [ -70.04296, -4.33219 ], [ -70.07409, -4.32065 ], [ -70.07908, -4.31206 ], [ -70.07324, -4.30392 ], [ -70.0486, -4.30508 ], [ -70.04027, -4.29479 ], [ -70.06136, -4.2947 ], [ -70.07508, -4.28529 ], [ -70.09604, -4.28777 ], [ -70.1013, -4.26394 ], [ -70.1121, -4.25672 ], [ -70.12099, -4.28542 ], [ -70.14514, -4.27275 ], [ -70.15639, -4.27474 ], [ -70.17063, -4.30523 ], [ -70.15207, -4.32129 ], [ -70.15261, -4.33003 ], [ -70.1748, -4.33488 ], [ -70.18084, -4.3554 ], [ -70.19633, -4.36034 ], [ -70.21379, -4.29845 ], [ -70.22542, -4.31704 ], [ -70.25996, -4.3086 ], [ -70.2681, -4.2958 ], [ -70.24725, -4.28679 ], [ -70.24838, -4.27284 ], [ -70.28979, -4.28801 ], [ -70.28434, -4.27251 ], [ -70.30739, -4.25853 ], [ -70.30811, -4.24729 ], [ -70.27853, -4.22893 ], [ -70.28758, -4.19881 ], [ -70.2866, -4.16737 ], [ -70.31971, -4.14339 ], [ -70.32833, -4.14527 ], [ -70.32765, -4.16835 ], [ -70.33853, -4.17915 ], [ -70.37681, -4.13501 ], [ -70.43282, -4.13129 ], [ -70.44237, -4.13944 ], [ -70.4349, -4.16273 ], [ -70.45424, -4.15892 ], [ -70.46491, -4.17587 ], [ -70.48523, -4.16079 ], [ -70.49269, -4.19158 ], [ -70.50557, -4.19913 ], [ -70.51411, -4.19084 ], [ -70.50364, -4.16877 ], [ -70.50825, -4.15119 ], [ -70.52342, -4.13638 ], [ -70.5356, -4.14541 ], [ -70.55111, -4.13632 ], [ -70.54101, -4.1548 ], [ -70.55774, -4.16535 ], [ -70.55542, -4.2016 ], [ -70.57189, -4.21125 ], [ -70.56446, -4.17412 ], [ -70.6221, -4.19213 ], [ -70.6352, -4.17349 ], [ -70.61738, -4.12918 ], [ -70.64462, -4.12695 ], [ -70.65018, -4.16413 ], [ -70.66062, -4.14476 ], [ -70.66993, -4.14438 ], [ -70.66678, -4.17022 ], [ -70.68228, -4.20693 ], [ -70.69037, -4.18819 ], [ -70.72395, -4.18599 ], [ -70.75775, -4.15852 ], [ -70.78674, -4.18542 ], [ -70.80099, -4.18182 ], [ -70.82564, -4.21186 ], [ -70.84324, -4.21714 ], [ -70.84458, -4.23082 ], [ -70.82606, -4.21933 ], [ -70.81678, -4.22944 ], [ -70.83438, -4.2541 ], [ -70.85098, -4.24696 ], [ -70.86389, -4.25065 ], [ -70.84625, -4.27938 ], [ -70.87662, -4.29146 ], [ -70.87638, -4.32165 ], [ -70.90005, -4.32588 ], [ -70.91543, -4.36001 ], [ -70.93352, -4.35606 ], [ -70.93804, -4.3831 ], [ -70.94829, -4.37602 ], [ -70.96903, -4.37759 ], [ -70.97537, -4.35677 ], [ -70.99449, -4.34476 ], [ -70.98795, -4.37655 ], [ -70.99651, -4.3858 ], [ -71.01789, -4.37999 ], [ -71.04, -4.39919 ], [ -71.04349, -4.37282 ], [ -71.05068, -4.36748 ], [ -71.05695, -4.38577 ], [ -71.07842, -4.39435 ], [ -71.07745, -4.3742 ], [ -71.09103, -4.3725 ], [ -71.10811, -4.37869 ], [ -71.10624, -4.39937 ], [ -71.11504, -4.40814 ], [ -71.12936, -4.389 ], [ -71.14764, -4.38078 ], [ -71.14978, -4.40225 ], [ -71.15609, -4.40228 ], [ -71.15784, -4.3912 ], [ -71.18189, -4.3939 ], [ -71.19369, -4.42307 ], [ -71.20606, -4.39963 ], [ -71.19797, -4.3864 ], [ -71.2014, -4.37824 ], [ -71.21539, -4.37845 ], [ -71.22241, -4.40617 ], [ -71.23026, -4.38307 ], [ -71.24592, -4.39049 ], [ -71.26921, -4.38376 ], [ -71.27956, -4.39692 ], [ -71.26067, -4.39423 ], [ -71.26779, -4.409 ], [ -71.26086, -4.42511 ], [ -71.2748, -4.43849 ], [ -71.28849, -4.44015 ], [ -71.30474, -4.41714 ], [ -71.31911, -4.41781 ], [ -71.30086, -4.44444 ], [ -71.30821, -4.46226 ], [ -71.31347, -4.44272 ], [ -71.34026, -4.44022 ], [ -71.3459, -4.42554 ], [ -71.36058, -4.43363 ], [ -71.37855, -4.42419 ], [ -71.39061, -4.42723 ], [ -71.43361, -4.47596 ], [ -71.43787, -4.47085 ], [ -71.42604, -4.46621 ], [ -71.43094, -4.44668 ], [ -71.41225, -4.43539 ], [ -71.43629, -4.42769 ], [ -71.43817, -4.44905 ], [ -71.45119, -4.44551 ], [ -71.45086, -4.43171 ], [ -71.46152, -4.43924 ], [ -71.47768, -4.43355 ], [ -71.48261, -4.4566 ], [ -71.50687, -4.43735 ], [ -71.50658, -4.45766 ], [ -71.4928, -4.47436 ], [ -71.49397, -4.4852 ], [ -71.51619, -4.47161 ], [ -71.51741, -4.46122 ], [ -71.53728, -4.46308 ], [ -71.53624, -4.48169 ], [ -71.55837, -4.4776 ], [ -71.55071, -4.48556 ], [ -71.56693, -4.50576 ], [ -71.60282, -4.52845 ], [ -71.61887, -4.527 ], [ -71.63346, -4.51233 ], [ -71.61251, -4.48288 ], [ -71.61617, -4.46698 ], [ -71.62721, -4.47603 ], [ -71.62472, -4.48888 ], [ -71.64791, -4.50273 ], [ -71.64659, -4.48057 ], [ -71.65429, -4.47114 ], [ -71.66053, -4.47472 ], [ -71.65404, -4.48758 ], [ -71.65793, -4.50094 ], [ -71.67197, -4.50583 ], [ -71.68822, -4.49696 ], [ -71.7068, -4.50989 ], [ -71.73686, -4.49556 ], [ -71.75073, -4.46742 ], [ -71.74896, -4.49132 ], [ -71.76765, -4.5037 ], [ -71.77135, -4.4886 ], [ -71.78533, -4.48232 ], [ -71.78337, -4.4966 ], [ -71.79242, -4.49516 ], [ -71.7938, -4.48365 ], [ -71.81025, -4.4929 ], [ -71.80654, -4.50439 ], [ -71.83212, -4.49584 ], [ -71.83016, -4.51443 ], [ -71.83914, -4.50453 ], [ -71.85656, -4.51137 ], [ -71.865, -4.52645 ], [ -71.87935, -4.51526 ], [ -71.88535, -4.52193 ], [ -71.90644, -4.51519 ], [ -71.88459, -4.53709 ], [ -71.91818, -4.52885 ], [ -71.92678, -4.54726 ], [ -71.91911, -4.56345 ], [ -71.93048, -4.56173 ], [ -71.92719, -4.57006 ], [ -71.93436, -4.5782 ], [ -71.95, -4.58029 ], [ -71.94261, -4.59472 ], [ -71.9504, -4.59913 ], [ -71.94653, -4.60783 ], [ -71.97682, -4.61141 ], [ -71.98386, -4.60345 ], [ -71.99373, -4.60902 ], [ -71.9812, -4.62601 ], [ -72.00219, -4.62905 ], [ -72.00599, -4.64528 ], [ -72.01555, -4.63108 ], [ -72.04244, -4.6229 ], [ -72.03794, -4.64282 ], [ -72.04591, -4.64443 ], [ -72.04642, -4.65422 ], [ -72.0581, -4.64936 ], [ -72.06819, -4.65923 ], [ -72.05967, -4.67335 ], [ -72.06499, -4.67614 ], [ -72.0708, -4.66288 ], [ -72.08028, -4.66867 ], [ -72.07742, -4.68117 ], [ -72.08937, -4.68109 ], [ -72.10131, -4.70551 ], [ -72.12467, -4.71576 ], [ -72.12511, -4.7336 ], [ -72.13308, -4.7333 ], [ -72.12726, -4.72251 ], [ -72.14036, -4.71151 ], [ -72.14673, -4.72391 ], [ -72.16151, -4.7288 ], [ -72.15931, -4.73526 ], [ -72.1719, -4.73389 ], [ -72.19323, -4.74582 ], [ -72.18736, -4.75049 ], [ -72.19236, -4.76295 ], [ -72.20928, -4.74746 ], [ -72.22192, -4.75513 ], [ -72.21251, -4.7594 ], [ -72.21508, -4.76703 ], [ -72.24351, -4.78136 ], [ -72.25572, -4.76546 ], [ -72.26143, -4.78075 ], [ -72.25514, -4.79208 ], [ -72.26443, -4.78584 ], [ -72.26962, -4.79765 ], [ -72.28292, -4.79732 ], [ -72.27658, -4.78886 ], [ -72.2797, -4.77089 ], [ -72.28327, -4.78342 ], [ -72.30142, -4.77538 ], [ -72.3065, -4.79042 ], [ -72.31319, -4.78567 ], [ -72.3105, -4.77444 ], [ -72.32804, -4.781 ], [ -72.31971, -4.78859 ], [ -72.32488, -4.81322 ], [ -72.32526, -4.80174 ], [ -72.33865, -4.80446 ], [ -72.33775, -4.79346 ], [ -72.34484, -4.80671 ], [ -72.36805, -4.80293 ], [ -72.37172, -4.80873 ], [ -72.35884, -4.82339 ], [ -72.37933, -4.82345 ], [ -72.37175, -4.8319 ], [ -72.38944, -4.83425 ], [ -72.37534, -4.83757 ], [ -72.38372, -4.84963 ], [ -72.38025, -4.85851 ], [ -72.38967, -4.86183 ], [ -72.38202, -4.87296 ], [ -72.39916, -4.87382 ], [ -72.40611, -4.88866 ], [ -72.4124, -4.87636 ], [ -72.42186, -4.87599 ], [ -72.41466, -4.8997 ], [ -72.42833, -4.90153 ], [ -72.4312, -4.91088 ], [ -72.44296, -4.8982 ], [ -72.45467, -4.90079 ], [ -72.45451, -4.89149 ], [ -72.47043, -4.89113 ], [ -72.46919, -4.90529 ], [ -72.46322, -4.90267 ], [ -72.45135, -4.91569 ], [ -72.45841, -4.92418 ], [ -72.47373, -4.92455 ], [ -72.48203, -4.9508 ], [ -72.48795, -4.9503 ], [ -72.48773, -4.93339 ], [ -72.49678, -4.94999 ], [ -72.50674, -4.94514 ], [ -72.50494, -4.93581 ], [ -72.52116, -4.93287 ], [ -72.52217, -4.96002 ], [ -72.52725, -4.95341 ], [ -72.5388, -4.9641 ], [ -72.53689, -4.95365 ], [ -72.55194, -4.95556 ], [ -72.568, -4.98372 ], [ -72.58354, -4.98225 ], [ -72.58397, -4.99765 ], [ -72.59461, -4.98293 ], [ -72.59783, -4.99485 ], [ -72.60913, -4.99418 ], [ -72.59851, -5.00105 ], [ -72.61223, -5.01656 ], [ -72.60606, -5.03038 ], [ -72.61712, -5.03596 ], [ -72.6212, -5.0518 ], [ -72.62881, -5.03835 ], [ -72.62841, -5.05088 ], [ -72.64142, -5.06299 ], [ -72.64201, -5.04497 ], [ -72.65737, -5.06363 ], [ -72.65749, -5.05453 ], [ -72.66599, -5.05912 ], [ -72.67083, -5.04726 ], [ -72.69245, -5.0609 ], [ -72.70902, -5.04837 ], [ -72.71519, -5.05746 ], [ -72.72765, -5.05199 ], [ -72.72622, -5.06167 ], [ -72.7376, -5.06123 ], [ -72.72987, -5.0744 ], [ -72.73809, -5.07553 ], [ -72.73986, -5.08859 ], [ -72.75637, -5.07662 ], [ -72.76802, -5.09922 ], [ -72.78419, -5.09331 ], [ -72.77906, -5.10201 ], [ -72.78595, -5.11344 ], [ -72.79052, -5.10584 ], [ -72.80103, -5.11137 ], [ -72.81831, -5.10278 ], [ -72.813, -5.13472 ], [ -72.81668, -5.13959 ], [ -72.8239, -5.13246 ], [ -72.82348, -5.14404 ], [ -72.83356, -5.13849 ], [ -72.85012, -5.14582 ], [ -72.84927, -5.13605 ], [ -72.88292, -5.12215 ], [ -72.91279, -5.1199 ], [ -72.98486, -5.05257 ], [ -73.00329, -5.05758 ], [ -73.05387, -5.03725 ], [ -73.0981, -5.0008 ], [ -73.16992, -4.998 ], [ -73.23624, -4.97057 ], [ -73.10215, -4.78977 ], [ -73.12944, -4.69554 ], [ -73.06326, -4.66973 ], [ -73.03524, -4.63254 ], [ -73.035, -4.55406 ], [ -73.0147, -4.51532 ], [ -72.93468, -4.4671 ], [ -72.90573, -4.46811 ], [ -72.88202, -4.487 ], [ -72.82259, -4.4981 ], [ -72.78789, -4.49237 ], [ -72.76574, -4.44609 ], [ -72.75656, -4.38272 ], [ -72.67219, -4.39859 ], [ -72.6327, -4.39779 ], [ -72.60294, -4.35523 ], [ -72.62856, -4.30365 ], [ -72.58078, -4.30353 ], [ -72.53979, -4.29388 ], [ -72.49799, -4.31939 ], [ -72.48177, -4.2933 ], [ -72.38776, -4.20853 ], [ -72.42903, -4.17981 ], [ -72.43674, -4.16153 ], [ -72.42577, -4.11905 ], [ -72.40898, -4.10106 ], [ -72.41104, -4.091 ], [ -72.38326, -4.04276 ], [ -72.368, -4.04939 ], [ -72.19948, -4.02766 ], [ -72.11334, -4.02732 ], [ -72.04447, -4.05942 ], [ -72.00589, -4.09294 ], [ -71.95766, -4.10898 ], [ -71.88294, -4.16277 ], [ -71.7714, -4.15455 ], [ -71.7329, -4.13321 ], [ -71.71227, -4.13147 ], [ -71.6272, -4.15822 ], [ -71.59107, -4.15351 ], [ -71.51506, -4.19643 ], [ -71.46094, -4.20674 ], [ -71.37318, -4.24417 ], [ -71.27027, -4.24775 ], [ -71.24652, -4.22868 ], [ -71.20909, -4.21969 ], [ -71.17562, -4.20133 ], [ -71.12545, -4.20053 ], [ -71.07206, -4.1774 ], [ -71.04893, -4.18111 ], [ -70.98039, -4.16957 ], [ -70.90694, -4.13963 ], [ -70.8512, -4.10495 ], [ -70.83013, -4.08314 ], [ -70.79404, -4.07429 ], [ -70.74392, -4.03067 ], [ -70.67552, -4.01974 ] ] ] } },
{ "type": "Feature", "properties": { "UBIGEO_INEI": "160404", "DEPARTAMEN": "LORETO", "PROVINCIA": "MARISCAL RAMON CASTILLA", "DISTRITO": "SAN PABLO" }, "geometry": { "type": "Polygon", "coordinates": [ [ [ -71.31074, -3.18157 ], [ -71.38365, -3.34595 ], [ -71.41549, -3.3782 ], [ -71.41945, -3.40304 ], [ -71.40266, -3.41523 ], [ -71.39617, -3.45191 ], [ -71.37104, -3.48616 ], [ -71.35518, -3.49342 ], [ -71.33794, -3.48916 ], [ -71.29103, -3.51811 ], [ -71.21874, -3.52153 ], [ -71.1804, -3.53511 ], [ -71.16847, -3.55344 ], [ -71.15695, -3.59063 ], [ -71.18861, -3.63333 ], [ -71.17762, -3.6657 ], [ -71.22152, -3.74185 ], [ -71.23293, -3.78354 ], [ -71.18551, -3.88067 ], [ -71.14478, -3.91983 ], [ -71.07948, -3.95873 ], [ -70.98845, -3.92952 ], [ -70.95865, -3.88921 ], [ -70.8882, -3.90208 ], [ -70.86711, -3.93583 ], [ -70.82317, -3.94637 ], [ -70.85884, -3.97916 ], [ -70.86247, -4.02955 ], [ -70.95078, -4.15521 ], [ -70.98613, -4.17148 ], [ -71.07731, -4.17866 ], [ -71.12545, -4.20053 ], [ -71.17562, -4.20133 ], [ -71.20909, -4.21969 ], [ -71.24652, -4.22868 ], [ -71.27027, -4.24775 ], [ -71.37318, -4.24417 ], [ -71.46094, -4.20674 ], [ -71.51506, -4.19643 ], [ -71.59107, -4.15351 ], [ -71.6272, -4.15822 ], [ -71.72344, -4.13207 ], [ -71.70462, -4.11408 ], [ -71.67185, -4.10074 ], [ -71.6635, -4.06246 ], [ -71.63, -4.00039 ], [ -71.61799, -3.87518 ], [ -71.59388, -3.82996 ], [ -71.61244, -3.77595 ], [ -71.57665, -3.79721 ], [ -71.57903, -3.74773 ], [ -71.60203, -3.66654 ], [ -71.6712, -3.63399 ], [ -71.6803, -3.61415 ], [ -71.66737, -3.59007 ], [ -71.60325, -3.55364 ], [ -71.55554, -3.49941 ], [ -71.46127, -3.31902 ], [ -71.45517, -3.29158 ], [ -71.43613, -3.27625 ], [ -71.43486, -3.26618 ], [ -71.33829, -3.20731 ], [ -71.31074, -3.18157 ] ] ] } },
{ "type": "Feature", "properties": { "UBIGEO_INEI": "060901", "DEPARTAMEN": "CAJAMARCA", "PROVINCIA": "SAN IGNACIO", "DISTRITO": "SAN IGNACIO" }, "geometry": { "type": "Polygon", "coordinates": [ [ [ -79.04453, -5.00335 ], [ -79.03395, -5.01355 ], [ -79.01598, -5.01317 ], [ -79.0148, -5.02516 ], [ -78.99728, -5.0418 ], [ -78.95723, -5.06 ], [ -78.95295, -5.08596 ], [ -78.96122, -5.09028 ], [ -78.93977, -5.11247 ], [ -78.94192, -5.1276 ], [ -78.91729, -5.16106 ], [ -78.9003, -5.17202 ], [ -78.89881, -5.19216 ], [ -78.94236, -5.20052 ], [ -78.96, -5.23765 ], [ -78.99902, -5.24999 ], [ -79.0111, -5.26551 ], [ -79.02167, -5.25065 ], [ -79.04166, -5.25746 ], [ -79.07261, -5.197 ], [ -79.07078, -5.1706 ], [ -79.09411, -5.12093 ], [ -79.07202, -5.08074 ], [ -79.0687, -5.03814 ], [ -79.04453, -5.00335 ] ] ] } },
{ "type": "Feature", "properties": { "UBIGEO_INEI": "060902", "DEPARTAMEN": "CAJAMARCA", "PROVINCIA": "SAN IGNACIO", "DISTRITO": "CHIRINOS" }, "geometry": { "type": "Polygon", "coordinates": [ [ [ -78.94236, -5.20052 ], [ -78.89881, -5.19216 ], [ -78.88968, -5.22006 ], [ -78.81292, -5.25786 ], [ -78.80652, -5.289 ], [ -78.81202, -5.30368 ], [ -78.79731, -5.31243 ], [ -78.77877, -5.36891 ], [ -78.76078, -5.37414 ], [ -78.77793, -5.39146 ], [ -78.78668, -5.42846 ], [ -78.83242, -5.44391 ], [ -78.84784, -5.42946 ], [ -78.84256, -5.40241 ], [ -78.85434, -5.39073 ], [ -78.85513, -5.37726 ], [ -78.87691, -5.37132 ], [ -78.9042, -5.33384 ], [ -78.96142, -5.32369 ], [ -78.9873, -5.32944 ], [ -78.9996, -5.32296 ], [ -78.99619, -5.30912 ], [ -79.0152, -5.28511 ], [ -79.01584, -5.26806 ], [ -78.99902, -5.24999 ], [ -78.96, -5.23765 ], [ -78.94236, -5.20052 ] ] ] } },
{ "type": "Feature", "properties": { "UBIGEO_INEI": "060903", "DEPARTAMEN": "CAJAMARCA", "PROVINCIA": "SAN IGNACIO", "DISTRITO": "HUARANGO" }, "geometry": { "type": "Polygon", "coordinates": [ [ [ -78.70505, -4.6246 ], [ -78.66503, -4.65583 ], [ -78.65172, -4.64618 ], [ -78.63787, -4.65642 ], [ -78.64363, -4.68216 ], [ -78.63171, -4.69843 ], [ -78.64, -4.70523 ], [ -78.64503, -4.73483 ], [ -78.62827, -4.73968 ], [ -78.63113, -4.75731 ], [ -78.6207, -4.76793 ], [ -78.64194, -4.80235 ], [ -78.63188, -4.83645 ], [ -78.6438, -4.85815 ], [ -78.6451, -4.90747 ], [ -78.67833, -4.96838 ], [ -78.66622, -4.9795 ], [ -78.65143, -4.97857 ], [ -78.64053, -5.03424 ], [ -78.65771, -5.06742 ], [ -78.68062, -5.07248 ], [ -78.68341, -5.08703 ], [ -78.70062, -5.10408 ], [ -78.70911, -5.17963 ], [ -78.69399, -5.23188 ], [ -78.68409, -5.23903 ], [ -78.68424, -5.26749 ], [ -78.65443, -5.2743 ], [ -78.63844, -5.30533 ], [ -78.58658, -5.30584 ], [ -78.57543, -5.3141 ], [ -78.58851, -5.32221 ], [ -78.59565, -5.33938 ], [ -78.66182, -5.38719 ], [ -78.66269, -5.39772 ], [ -78.68803, -5.40934 ], [ -78.72381, -5.38874 ], [ -78.72736, -5.39551 ], [ -78.7476, -5.39257 ], [ -78.74736, -5.38104 ], [ -78.77877, -5.36891 ], [ -78.79731, -5.31243 ], [ -78.81202, -5.30368 ], [ -78.80652, -5.289 ], [ -78.82354, -5.23105 ], [ -78.8198, -5.19837 ], [ -78.8043, -5.17724 ], [ -78.7986, -5.1489 ], [ -78.80627, -5.05808 ], [ -78.78899, -5.04221 ], [ -78.78168, -5.02434 ], [ -78.78578, -5.01031 ], [ -78.77532, -5.00943 ], [ -78.76966, -4.99461 ], [ -78.75074, -4.98646 ], [ -78.74275, -4.96294 ], [ -78.7282, -4.96159 ], [ -78.71401, -4.92916 ], [ -78.69964, -4.92231 ], [ -78.68199, -4.89736 ], [ -78.68601, -4.85488 ], [ -78.67017, -4.78579 ], [ -78.67981, -4.77563 ], [ -78.66451, -4.76611 ], [ -78.66755, -4.74155 ], [ -78.6828, -4.73736 ], [ -78.69354, -4.71517 ], [ -78.70555, -4.70996 ], [ -78.69913, -4.70168 ], [ -78.71842, -4.66385 ], [ -78.74588, -4.6603 ], [ -78.76868, -4.63971 ], [ -78.76206, -4.62911 ], [ -78.70505, -4.6246 ] ] ] } },
{ "type": "Feature", "properties": { "UBIGEO_INEI": "060904", "DEPARTAMEN": "CAJAMARCA", "PROVINCIA": "SAN IGNACIO", "DISTRITO": "LA COIPA" }, "geometry": { "type": "Polygon", "coordinates": [ [ [ -79.01967, -5.26624 ], [ -79.0152, -5.28511 ], [ -78.99619, -5.30912 ], [ -78.99584, -5.32635 ], [ -78.96142, -5.32369 ], [ -78.90694, -5.33254 ], [ -78.87691, -5.37132 ], [ -78.85525, -5.37713 ], [ -78.85434, -5.39073 ], [ -78.84256, -5.40241 ], [ -78.84784, -5.42946 ], [ -78.83242, -5.44391 ], [ -78.86651, -5.46966 ], [ -78.93624, -5.47718 ], [ -78.99674, -5.46382 ], [ -79.01027, -5.44548 ], [ -79.03619, -5.45259 ], [ -79.06372, -5.44329 ], [ -79.07952, -5.42301 ], [ -79.10116, -5.364 ], [ -79.08054, -5.33577 ], [ -79.08181, -5.31437 ], [ -79.05692, -5.30704 ], [ -79.04804, -5.28411 ], [ -79.01967, -5.26624 ] ] ] } },
{ "type": "Feature", "properties": { "UBIGEO_INEI": "060905", "DEPARTAMEN": "CAJAMARCA", "PROVINCIA": "SAN IGNACIO", "DISTRITO": "NAMBALLE" }, "geometry": { "type": "Polygon", "coordinates": [ [ [ -79.17848, -4.96123 ], [ -79.11071, -4.9794 ], [ -79.07616, -4.97104 ], [ -79.07178, -4.99055 ], [ -79.0565, -4.98904 ], [ -79.04409, -5.00317 ], [ -79.0687, -5.03814 ], [ -79.07202, -5.08074 ], [ -79.09411, -5.1206 ], [ -79.07852, -5.14492 ], [ -79.0692, -5.20264 ], [ -79.09704, -5.21444 ], [ -79.12243, -5.21052 ], [ -79.13517, -5.23159 ], [ -79.17231, -5.24413 ], [ -79.18496, -5.22434 ], [ -79.22468, -5.21108 ], [ -79.25617, -5.20866 ], [ -79.27518, -5.21983 ], [ -79.3043, -5.21094 ], [ -79.33166, -5.16646 ], [ -79.34259, -5.16085 ], [ -79.34207, -5.14315 ], [ -79.33035, -5.12443 ], [ -79.29603, -5.11198 ], [ -79.29619, -5.10122 ], [ -79.27326, -5.07278 ], [ -79.27301, -5.05852 ], [ -79.22602, -5.04753 ], [ -79.21295, -5.00111 ], [ -79.22218, -4.9824 ], [ -79.20968, -4.96522 ], [ -79.17848, -4.96123 ] ] ] } },
{ "type": "Feature", "properties": { "UBIGEO_INEI": "060906", "DEPARTAMEN": "CAJAMARCA", "PROVINCIA": "SAN IGNACIO", "DISTRITO": "SAN JOSE DE LOURDES" }, "geometry": { "type": "Polygon", "coordinates": [ [ [ -78.80476, -4.63793 ], [ -78.76868, -4.63971 ], [ -78.74588, -4.6603 ], [ -78.71842, -4.66385 ], [ -78.69913, -4.70168 ], [ -78.70555, -4.70996 ], [ -78.69354, -4.71517 ], [ -78.6828, -4.73736 ], [ -78.66755, -4.74155 ], [ -78.66449, -4.76577 ], [ -78.67981, -4.77563 ], [ -78.67017, -4.78579 ], [ -78.68601, -4.85488 ], [ -78.68199, -4.89736 ], [ -78.69964, -4.92231 ], [ -78.71401, -4.92916 ], [ -78.7282, -4.96159 ], [ -78.74275, -4.96294 ], [ -78.75074, -4.98646 ], [ -78.76966, -4.99461 ], [ -78.77532, -5.00943 ], [ -78.78578, -5.01031 ], [ -78.78168, -5.02434 ], [ -78.78899, -5.04221 ], [ -78.80752, -5.06159 ], [ -78.80022, -5.07345 ], [ -78.7986, -5.1489 ], [ -78.8043, -5.17724 ], [ -78.82003, -5.19925 ], [ -78.82354, -5.23105 ], [ -78.81531, -5.25536 ], [ -78.8211, -5.25636 ], [ -78.89169, -5.21833 ], [ -78.90041, -5.19993 ], [ -78.90078, -5.17038 ], [ -78.91729, -5.16106 ], [ -78.94192, -5.1276 ], [ -78.93977, -5.11247 ], [ -78.96122, -5.09028 ], [ -78.95295, -5.08596 ], [ -78.95696, -5.06045 ], [ -78.99728, -5.0418 ], [ -79.0148, -5.02516 ], [ -79.015, -5.01543 ], [ -78.99161, -4.96581 ], [ -78.9724, -4.89498 ], [ -78.9456, -4.89826 ], [ -78.89166, -4.88734 ], [ -78.88953, -4.87303 ], [ -78.91186, -4.85164 ], [ -78.8969, -4.8322 ], [ -78.89169, -4.80801 ], [ -78.91542, -4.78086 ], [ -78.88963, -4.76393 ], [ -78.89049, -4.71729 ], [ -78.86322, -4.6906 ], [ -78.86183, -4.67471 ], [ -78.84099, -4.6536 ], [ -78.80476, -4.63793 ] ] ] } },
{ "type": "Feature", "properties": { "UBIGEO_INEI": "060701", "DEPARTAMEN": "CAJAMARCA", "PROVINCIA": "HUALGAYOC", "DISTRITO": "BAMBAMARCA" }, "geometry": { "type": "Polygon", "coordinates": [ [ [ -78.43709, -6.55998 ], [ -78.43589, -6.57351 ], [ -78.40172, -6.61577 ], [ -78.40273, -6.63764 ], [ -78.38867, -6.65566 ], [ -78.38417, -6.67874 ], [ -78.40671, -6.71563 ], [ -78.39427, -6.79281 ], [ -78.40508, -6.80346 ], [ -78.40197, -6.81506 ], [ -78.42641, -6.81434 ], [ -78.43607, -6.83559 ], [ -78.45348, -6.83419 ], [ -78.46596, -6.80684 ], [ -78.48136, -6.80082 ], [ -78.49613, -6.8025 ], [ -78.50485, -6.81969 ], [ -78.5193, -6.81534 ], [ -78.52933, -6.80003 ], [ -78.52646, -6.7742 ], [ -78.53497, -6.75118 ], [ -78.56575, -6.70769 ], [ -78.56129, -6.69304 ], [ -78.57063, -6.67868 ], [ -78.56331, -6.67218 ], [ -78.62331, -6.65334 ], [ -78.61733, -6.64305 ], [ -78.58886, -6.63095 ], [ -78.5604, -6.59785 ], [ -78.52286, -6.60818 ], [ -78.50605, -6.60249 ], [ -78.49888, -6.58751 ], [ -78.45828, -6.56047 ], [ -78.44216, -6.57191 ], [ -78.43709, -6.55998 ] ] ] } },
{ "type": "Feature", "properties": { "UBIGEO_INEI": "060703", "DEPARTAMEN": "CAJAMARCA", "PROVINCIA": "HUALGAYOC", "DISTRITO": "HUALGAYOC" }, "geometry": { "type": "Polygon", "coordinates": [ [ [ -78.63651, -6.65454 ], [ -78.60921, -6.65342 ], [ -78.59246, -6.66627 ], [ -78.56331, -6.67218 ], [ -78.57063, -6.67868 ], [ -78.56129, -6.69304 ], [ -78.56575, -6.70769 ], [ -78.52646, -6.7742 ], [ -78.53982, -6.81455 ], [ -78.59044, -6.85012 ], [ -78.60138, -6.86763 ], [ -78.61566, -6.85017 ], [ -78.61158, -6.83427 ], [ -78.62809, -6.82716 ], [ -78.63314, -6.80889 ], [ -78.62688, -6.79344 ], [ -78.63839, -6.77782 ], [ -78.67789, -6.76091 ], [ -78.68903, -6.74607 ], [ -78.65356, -6.72347 ], [ -78.66547, -6.70257 ], [ -78.65158, -6.69164 ], [ -78.63651, -6.65454 ] ] ] } },
{ "type": "Feature", "properties": { "UBIGEO_INEI": "060907", "DEPARTAMEN": "CAJAMARCA", "PROVINCIA": "SAN IGNACIO", "DISTRITO": "TABACONAS" }, "geometry": { "type": "Polygon", "coordinates": [ [ [ -79.34077, -5.16336 ], [ -79.33166, -5.16646 ], [ -79.3043, -5.21094 ], [ -79.27518, -5.21983 ], [ -79.25617, -5.20866 ], [ -79.22468, -5.21108 ], [ -79.18496, -5.22434 ], [ -79.17378, -5.24413 ], [ -79.13517, -5.23159 ], [ -79.12243, -5.21052 ], [ -79.09704, -5.21444 ], [ -79.0692, -5.20264 ], [ -79.04166, -5.25746 ], [ -79.02167, -5.25065 ], [ -79.01192, -5.26332 ], [ -79.03831, -5.27396 ], [ -79.05692, -5.30704 ], [ -79.08181, -5.31437 ], [ -79.08054, -5.33577 ], [ -79.09809, -5.36625 ], [ -79.12241, -5.38768 ], [ -79.1551, -5.39736 ], [ -79.15285, -5.42211 ], [ -79.17617, -5.45049 ], [ -79.18909, -5.45451 ], [ -79.19014, -5.49033 ], [ -79.20458, -5.50718 ], [ -79.25906, -5.50174 ], [ -79.27872, -5.51757 ], [ -79.28103, -5.48632 ], [ -79.29559, -5.46712 ], [ -79.29451, -5.44025 ], [ -79.30552, -5.42587 ], [ -79.30786, -5.36528 ], [ -79.31974, -5.36227 ], [ -79.32605, -5.34804 ], [ -79.32807, -5.31591 ], [ -79.35905, -5.28863 ], [ -79.34803, -5.23439 ], [ -79.37841, -5.19052 ], [ -79.36748, -5.17451 ], [ -79.34077, -5.16336 ] ] ] } },
{ "type": "Feature", "properties": { "UBIGEO_INEI": "060702", "DEPARTAMEN": "CAJAMARCA", "PROVINCIA": "HUALGAYOC", "DISTRITO": "CHUGUR" }, "geometry": { "type": "Polygon", "coordinates": [ [ [ -78.7583, -6.63228 ], [ -78.72162, -6.62918 ], [ -78.67731, -6.65983 ], [ -78.65854, -6.66382 ], [ -78.65069, -6.69023 ], [ -78.66584, -6.70544 ], [ -78.65455, -6.72496 ], [ -78.70316, -6.75103 ], [ -78.71841, -6.73967 ], [ -78.72544, -6.71468 ], [ -78.73996, -6.70445 ], [ -78.76946, -6.65108 ], [ -78.7583, -6.63228 ] ] ] } },
{ "type": "Feature", "properties": { "UBIGEO_INEI": "200406", "DEPARTAMEN": "PIURA", "PROVINCIA": "MORROPON", "DISTRITO": "SALITRAL" }, "geometry": { "type": "Polygon", "coordinates": [ [ [ -79.8259, -5.26334 ], [ -79.82977, -5.2867 ], [ -79.81927, -5.29164 ], [ -79.81408, -5.32343 ], [ -79.79415, -5.34066 ], [ -79.76519, -5.34497 ], [ -79.75994, -5.36029 ], [ -79.7326, -5.37513 ], [ -79.76482, -5.40378 ], [ -79.76859, -5.42503 ], [ -79.76038, -5.4401 ], [ -79.73365, -5.44398 ], [ -79.66899, -5.47161 ], [ -79.65473, -5.4701 ], [ -79.64248, -5.48413 ], [ -79.65173, -5.50052 ], [ -79.65053, -5.52235 ], [ -79.66164, -5.53207 ], [ -79.68237, -5.53094 ], [ -79.72963, -5.47348 ], [ -79.7376, -5.50956 ], [ -79.75833, -5.54103 ], [ -79.77705, -5.56192 ], [ -79.80074, -5.56226 ], [ -79.83165, -5.6025 ], [ -79.83944, -5.63003 ], [ -79.86442, -5.56342 ], [ -79.854, -5.53074 ], [ -79.87751, -5.50964 ], [ -79.88265, -5.49408 ], [ -79.90154, -5.48102 ], [ -79.90485, -5.49341 ], [ -79.93246, -5.50537 ], [ -79.93973, -5.51683 ], [ -79.95646, -5.50636 ], [ -79.95762, -5.48706 ], [ -79.94251, -5.45858 ], [ -79.94768, -5.43243 ], [ -79.94146, -5.4258 ], [ -79.93812, -5.37348 ], [ -79.89923, -5.34002 ], [ -79.91114, -5.29627 ], [ -79.86619, -5.26448 ], [ -79.8259, -5.26334 ] ] ] } },
{ "type": "Feature", "properties": { "UBIGEO_INEI": "200407", "DEPARTAMEN": "PIURA", "PROVINCIA": "MORROPON", "DISTRITO": "SAN JUAN DE BIGOTE" }, "geometry": { "type": "Polygon", "coordinates": [ [ [ -79.73479, -5.20484 ], [ -79.70777, -5.22618 ], [ -79.6686, -5.29665 ], [ -79.66984, -5.31743 ], [ -79.64731, -5.33573 ], [ -79.67633, -5.38104 ], [ -79.69917, -5.38559 ], [ -79.71247, -5.37662 ], [ -79.73199, -5.37704 ], [ -79.75994, -5.36029 ], [ -79.76519, -5.34497 ], [ -79.80156, -5.33654 ], [ -79.81625, -5.32037 ], [ -79.81927, -5.29164 ], [ -79.82977, -5.2867 ], [ -79.82092, -5.24472 ], [ -79.808, -5.22962 ], [ -79.73479, -5.20484 ] ] ] } },
{ "type": "Feature", "properties": { "UBIGEO_INEI": "200402", "DEPARTAMEN": "PIURA", "PROVINCIA": "MORROPON", "DISTRITO": "BUENOS AIRES" }, "geometry": { "type": "Polygon", "coordinates": [ [ [ -79.9044, -5.18281 ], [ -79.88491, -5.19943 ], [ -79.828, -5.21187 ], [ -79.808, -5.22962 ], [ -79.82577, -5.26268 ], [ -79.86619, -5.26448 ], [ -79.91038, -5.29524 ], [ -79.8994, -5.34058 ], [ -79.91121, -5.34405 ], [ -79.93989, -5.37931 ], [ -79.95018, -5.37518 ], [ -79.96058, -5.34949 ], [ -79.97245, -5.34538 ], [ -80.01283, -5.27632 ], [ -79.99853, -5.23878 ], [ -80.02103, -5.21518 ], [ -80.01712, -5.20724 ], [ -80.01716, -5.21606 ], [ -80.00087, -5.21948 ], [ -79.96298, -5.21487 ], [ -79.9044, -5.18281 ] ] ] } },
{ "type": "Feature", "properties": { "UBIGEO_INEI": "200405", "DEPARTAMEN": "PIURA", "PROVINCIA": "MORROPON", "DISTRITO": "MORROPON" }, "geometry": { "type": "Polygon", "coordinates": [ [ [ -80.00182, -5.05949 ], [ -79.99622, -5.07061 ], [ -80.00257, -5.10245 ], [ -79.9809, -5.09874 ], [ -79.96849, -5.11878 ], [ -79.93403, -5.12 ], [ -79.92186, -5.14368 ], [ -79.92859, -5.15552 ], [ -79.91474, -5.16573 ], [ -79.92429, -5.17312 ], [ -79.9302, -5.19575 ], [ -79.96298, -5.21487 ], [ -80.01716, -5.21606 ], [ -80.01807, -5.19928 ], [ -80.034, -5.17901 ], [ -80.05835, -5.1738 ], [ -80.07554, -5.18176 ], [ -80.09252, -5.16224 ], [ -80.06088, -5.13626 ], [ -80.06027, -5.11456 ], [ -80.02316, -5.08897 ], [ -80.00182, -5.05949 ] ] ] } },
{ "type": "Feature", "properties": { "UBIGEO_INEI": "200410", "DEPARTAMEN": "PIURA", "PROVINCIA": "MORROPON", "DISTRITO": "YAMANGO" }, "geometry": { "type": "Polygon", "coordinates": [ [ [ -79.70596, -5.06656 ], [ -79.67481, -5.09559 ], [ -79.64883, -5.09059 ], [ -79.65044, -5.1031 ], [ -79.64221, -5.10722 ], [ -79.65496, -5.12161 ], [ -79.64692, -5.13845 ], [ -79.66434, -5.15274 ], [ -79.66295, -5.12672 ], [ -79.68358, -5.09939 ], [ -79.71492, -5.12663 ], [ -79.71246, -5.15591 ], [ -79.72033, -5.18209 ], [ -79.70195, -5.19598 ], [ -79.70311, -5.20981 ], [ -79.72004, -5.21525 ], [ -79.73541, -5.20479 ], [ -79.808, -5.22962 ], [ -79.84196, -5.20608 ], [ -79.88862, -5.19748 ], [ -79.88354, -5.17104 ], [ -79.85605, -5.13786 ], [ -79.84672, -5.13941 ], [ -79.84378, -5.15596 ], [ -79.83108, -5.14466 ], [ -79.80693, -5.14416 ], [ -79.76365, -5.09531 ], [ -79.74432, -5.08256 ], [ -79.71739, -5.07947 ], [ -79.70596, -5.06656 ] ] ] } },
{ "type": "Feature", "properties": { "UBIGEO_INEI": "200404", "DEPARTAMEN": "PIURA", "PROVINCIA": "MORROPON", "DISTRITO": "LA MATANZA" }, "geometry": { "type": "Polygon", "coordinates": [ [ [ -80.0963, -5.15929 ], [ -80.07554, -5.18176 ], [ -80.05835, -5.1738 ], [ -80.03539, -5.17827 ], [ -80.025, -5.18874 ], [ -80.01807, -5.19928 ], [ -80.02033, -5.22023 ], [ -79.99853, -5.23878 ], [ -80.01283, -5.27632 ], [ -79.97245, -5.34538 ], [ -79.96058, -5.34949 ], [ -79.95018, -5.37518 ], [ -79.93716, -5.38314 ], [ -79.94768, -5.43243 ], [ -79.94251, -5.45858 ], [ -79.95762, -5.48706 ], [ -79.95646, -5.50636 ], [ -79.94587, -5.515 ], [ -80.02761, -5.54153 ], [ -80.05065, -5.54061 ], [ -80.05312, -5.55503 ], [ -80.08032, -5.56041 ], [ -80.10668, -5.51892 ], [ -80.12683, -5.51081 ], [ -80.25968, -5.32998 ], [ -80.22732, -5.27285 ], [ -80.1948, -5.23915 ], [ -80.17475, -5.19031 ], [ -80.13251, -5.16019 ], [ -80.12099, -5.16731 ], [ -80.0963, -5.15929 ] ] ] } },
{ "type": "Feature", "properties": { "UBIGEO_INEI": "200408", "DEPARTAMEN": "PIURA", "PROVINCIA": "MORROPON", "DISTRITO": "SANTA CATALINA DE MOSSA" }, "geometry": { "type": "Polygon", "coordinates": [ [ [ -79.84346, -5.07304 ], [ -79.82886, -5.06741 ], [ -79.83343, -5.09095 ], [ -79.81988, -5.11478 ], [ -79.84914, -5.12964 ], [ -79.88186, -5.16833 ], [ -79.88759, -5.18703 ], [ -79.90501, -5.1828 ], [ -79.9302, -5.19575 ], [ -79.92429, -5.17312 ], [ -79.91474, -5.16573 ], [ -79.92664, -5.15917 ], [ -79.92609, -5.1481 ], [ -79.91323, -5.14625 ], [ -79.89382, -5.11568 ], [ -79.88486, -5.0721 ], [ -79.84346, -5.07304 ] ] ] } },
{ "type": "Feature", "properties": { "UBIGEO_INEI": "200409", "DEPARTAMEN": "PIURA", "PROVINCIA": "MORROPON", "DISTRITO": "SANTO DOMINGO" }, "geometry": { "type": "Polygon", "coordinates": [ [ [ -79.85281, -4.9536 ], [ -79.84956, -4.97237 ], [ -79.83844, -4.97559 ], [ -79.83091, -4.99429 ], [ -79.79431, -4.9926 ], [ -79.83954, -5.04102 ], [ -79.8707, -5.05478 ], [ -79.88486, -5.0721 ], [ -79.89382, -5.11568 ], [ -79.91323, -5.14625 ], [ -79.92609, -5.1481 ], [ -79.92202, -5.14287 ], [ -79.93565, -5.11894 ], [ -79.96849, -5.11878 ], [ -79.9809, -5.09874 ], [ -80.00257, -5.10245 ], [ -79.99622, -5.07061 ], [ -80.00221, -5.05923 ], [ -79.98935, -5.05221 ], [ -79.9774, -5.02579 ], [ -79.95664, -5.03661 ], [ -79.92528, -5.01938 ], [ -79.90917, -5.0194 ], [ -79.8995, -4.99363 ], [ -79.86398, -4.9756 ], [ -79.86425, -4.96509 ], [ -79.85281, -4.9536 ] ] ] } },
{ "type": "Feature", "properties": { "UBIGEO_INEI": "200403", "DEPARTAMEN": "PIURA", "PROVINCIA": "MORROPON", "DISTRITO": "CHALACO" }, "geometry": { "type": "Polygon", "coordinates": [ [ [ -79.78808, -4.99144 ], [ -79.75463, -5.02484 ], [ -79.73151, -5.01778 ], [ -79.72946, -5.05074 ], [ -79.70596, -5.06656 ], [ -79.71739, -5.07947 ], [ -79.74432, -5.08256 ], [ -79.76365, -5.09531 ], [ -79.80573, -5.14356 ], [ -79.83108, -5.14466 ], [ -79.84378, -5.15596 ], [ -79.84914, -5.12964 ], [ -79.81979, -5.11438 ], [ -79.83343, -5.09095 ], [ -79.82886, -5.06741 ], [ -79.88315, -5.07118 ], [ -79.78808, -4.99144 ] ] ] } },
{ "type": "Feature", "properties": { "UBIGEO_INEI": "200401", "DEPARTAMEN": "PIURA", "PROVINCIA": "MORROPON", "DISTRITO": "CHULUCANAS" }, "geometry": { "type": "Polygon", "coordinates": [ [ [ -80.11053, -4.91296 ], [ -80.10245, -4.92904 ], [ -80.07866, -4.94107 ], [ -80.09029, -4.96944 ], [ -80.08256, -5.00447 ], [ -80.0496, -5.01423 ], [ -80.0388, -5.02636 ], [ -80.00154, -5.01566 ], [ -79.97798, -5.0265 ], [ -79.98935, -5.05221 ], [ -80.00405, -5.06025 ], [ -80.01683, -5.08234 ], [ -80.06071, -5.11506 ], [ -80.05729, -5.13025 ], [ -80.06928, -5.14589 ], [ -80.09252, -5.16224 ], [ -80.12281, -5.16736 ], [ -80.13251, -5.16019 ], [ -80.17475, -5.19031 ], [ -80.1948, -5.23915 ], [ -80.22732, -5.27285 ], [ -80.25968, -5.32998 ], [ -80.33029, -5.28406 ], [ -80.35141, -5.25983 ], [ -80.34666, -5.2332 ], [ -80.36426, -5.2325 ], [ -80.35233, -5.17402 ], [ -80.35372, -5.14015 ], [ -80.33807, -5.13717 ], [ -80.33554, -5.12172 ], [ -80.3146, -5.09603 ], [ -80.29545, -5.08901 ], [ -80.28706, -5.06848 ], [ -80.25417, -5.06914 ], [ -80.22228, -5.05354 ], [ -80.22133, -5.03094 ], [ -80.23386, -5.02287 ], [ -80.23264, -5.0108 ], [ -80.25897, -5.00377 ], [ -80.22829, -4.98967 ], [ -80.20409, -5.00346 ], [ -80.18632, -4.98643 ], [ -80.17612, -4.98809 ], [ -80.15859, -4.9559 ], [ -80.11619, -4.93271 ], [ -80.11053, -4.91296 ] ] ] } }
]
}
