{
"type": "FeatureCollection",
"name": "verificaciones_Q20260921",
"crs": { "type": "name", "properties": { "name": "urn:ogc:def:crs:OGC:1.3:CRS84" } },
"xy_coordinate_resolution": 1e-05,
"features": [
{ "type": "Feature", "properties": { "UBIGEO_INEI": "050802", "DEPARTAMEN": "AYACUCHO", "PROVINCIA": "PAUCAR DEL SARA SARA", "DISTRITO": "COLTA" }, "geometry": { "type": "Polygon", "coordinates": [ [ [ -73.19743, -15.0074 ], [ -73.17841, -15.018 ], [ -73.15773, -15.01384 ], [ -73.14863, -15.03548 ], [ -73.15461, -15.05286 ], [ -73.15687, -15.05681 ], [ -73.16272, -15.05925 ], [ -73.16501, -15.06417 ], [ -73.17565, -15.06733 ], [ -73.18325, -15.07623 ], [ -73.19163, -15.07242 ], [ -73.19935, -15.07736 ], [ -73.19698, -15.08153 ], [ -73.18591, -15.08756 ], [ -73.18105, -15.09667 ], [ -73.18346, -15.10663 ], [ -73.19481, -15.11672 ], [ -73.19712, -15.12219 ], [ -73.19956, -15.1323 ], [ -73.19721, -15.16193 ], [ -73.20272, -15.15963 ], [ -73.21364, -15.14707 ], [ -73.22541, -15.14049 ], [ -73.23123, -15.15313 ], [ -73.22974, -15.15739 ], [ -73.23189, -15.16394 ], [ -73.23934, -15.16903 ], [ -73.24547, -15.18233 ], [ -73.23764, -15.19203 ], [ -73.23679, -15.20786 ], [ -73.24784, -15.21127 ], [ -73.24996, -15.20959 ], [ -73.25543, -15.21702 ], [ -73.26799, -15.21979 ], [ -73.27367, -15.22505 ], [ -73.28149, -15.22508 ], [ -73.28459, -15.22968 ], [ -73.28306, -15.23512 ], [ -73.28614, -15.24145 ], [ -73.28093, -15.26115 ], [ -73.29041, -15.25824 ], [ -73.29636, -15.25908 ], [ -73.29767, -15.26477 ], [ -73.30889, -15.27213 ], [ -73.3159, -15.26885 ], [ -73.32107, -15.2617 ], [ -73.32419, -15.24819 ], [ -73.32179, -15.23816 ], [ -73.32458, -15.2329 ], [ -73.32571, -15.21622 ], [ -73.32357, -15.2119 ], [ -73.31167, -15.20459 ], [ -73.30938, -15.19754 ], [ -73.31561, -15.1878 ], [ -73.33283, -15.18456 ], [ -73.32877, -15.17954 ], [ -73.33068, -15.1765 ], [ -73.32847, -15.17446 ], [ -73.33544, -15.16889 ], [ -73.33871, -15.1556 ], [ -73.33221, -15.14535 ], [ -73.33461, -15.13697 ], [ -73.33345, -15.13057 ], [ -73.33008, -15.1256 ], [ -73.32332, -15.12793 ], [ -73.30547, -15.12661 ], [ -73.28721, -15.11443 ], [ -73.2725, -15.11508 ], [ -73.26914, -15.10991 ], [ -73.27103, -15.097 ], [ -73.26626, -15.08943 ], [ -73.26871, -15.07523 ], [ -73.25666, -15.07364 ], [ -73.25029, -15.06779 ], [ -73.25176, -15.05897 ], [ -73.25632, -15.0557 ], [ -73.25932, -15.04946 ], [ -73.25409, -15.04066 ], [ -73.25165, -15.0306 ], [ -73.24417, -15.02644 ], [ -73.2349, -15.02672 ], [ -73.22768, -15.02042 ], [ -73.20659, -15.01456 ], [ -73.20195, -15.00769 ], [ -73.19743, -15.0074 ] ] ] } },
{ "type": "Feature", "properties": { "UBIGEO_INEI": "050607", "DEPARTAMEN": "AYACUCHO", "PROVINCIA": "LUCANAS", "DISTRITO": "HUAC-HUAS" }, "geometry": { "type": "Polygon", "coordinates": [ [ [ -75.0145, -14.06915 ], [ -74.98901, -14.07498 ], [ -74.97511, -14.07429 ], [ -74.95796, -14.08614 ], [ -74.94892, -14.08727 ], [ -74.9436, -14.09492 ], [ -74.9335, -14.09188 ], [ -74.92516, -14.09942 ], [ -74.90789, -14.09215 ], [ -74.90101, -14.0972 ], [ -74.89486, -14.10987 ], [ -74.88894, -14.11527 ], [ -74.89192, -14.12191 ], [ -74.89181, -14.13189 ], [ -74.89811, -14.13529 ], [ -74.89341, -14.14188 ], [ -74.89881, -14.14777 ], [ -74.9025, -14.15754 ], [ -74.90296, -14.17069 ], [ -74.91327, -14.17978 ], [ -74.92008, -14.19793 ], [ -74.92638, -14.20145 ], [ -74.93202, -14.2088 ], [ -74.93951, -14.21154 ], [ -74.95231, -14.2292 ], [ -74.96542, -14.23685 ], [ -74.97031, -14.24539 ], [ -74.97698, -14.24772 ], [ -74.98205, -14.24477 ], [ -74.98671, -14.24565 ], [ -74.99752, -14.26111 ], [ -75.0041, -14.26285 ], [ -75.01466, -14.275 ], [ -75.02462, -14.27101 ], [ -75.02746, -14.2658 ], [ -75.0322, -14.26568 ], [ -75.03457, -14.2579 ], [ -75.03951, -14.25417 ], [ -75.05512, -14.25521 ], [ -75.06604, -14.25161 ], [ -75.07243, -14.24541 ], [ -75.07367, -14.23561 ], [ -75.08816, -14.2309 ], [ -75.09079, -14.21518 ], [ -75.08611, -14.21038 ], [ -75.08069, -14.19521 ], [ -75.07638, -14.16591 ], [ -75.06741, -14.1512 ], [ -75.06398, -14.13669 ], [ -75.05502, -14.12749 ], [ -75.05461, -14.11523 ], [ -75.04637, -14.10704 ], [ -75.04409, -14.10156 ], [ -75.0365, -14.09793 ], [ -75.02949, -14.08069 ], [ -75.02913, -14.07195 ], [ -75.0145, -14.06915 ] ] ] } },
{ "type": "Feature", "properties": { "UBIGEO_INEI": "051009", "DEPARTAMEN": "AYACUCHO", "PROVINCIA": "VICTOR FAJARDO", "DISTRITO": "HUANCARAYLLA" }, "geometry": { "type": "Polygon", "coordinates": [ [ [ -74.13163, -13.67912 ], [ -74.12658, -13.681 ], [ -74.12241, -13.69014 ], [ -74.10171, -13.70205 ], [ -74.0967, -13.71203 ], [ -74.10095, -13.7231 ], [ -74.09827, -13.73167 ], [ -74.10028, -13.74272 ], [ -74.10531, -13.74579 ], [ -74.11399, -13.7405 ], [ -74.12237, -13.74137 ], [ -74.126, -13.7603 ], [ -74.12442, -13.77677 ], [ -74.11816, -13.79044 ], [ -74.11999, -13.80758 ], [ -74.12698, -13.8064 ], [ -74.13101, -13.81481 ], [ -74.14531, -13.81731 ], [ -74.15167, -13.81336 ], [ -74.16306, -13.79513 ], [ -74.17406, -13.78402 ], [ -74.17884, -13.78502 ], [ -74.18044, -13.79047 ], [ -74.17831, -13.79675 ], [ -74.17925, -13.8052 ], [ -74.18902, -13.81386 ], [ -74.19643, -13.81144 ], [ -74.20561, -13.81268 ], [ -74.21402, -13.80441 ], [ -74.22737, -13.80616 ], [ -74.22576, -13.79982 ], [ -74.22948, -13.78972 ], [ -74.24012, -13.78458 ], [ -74.25406, -13.75899 ], [ -74.24089, -13.75484 ], [ -74.22891, -13.74713 ], [ -74.22983, -13.7385 ], [ -74.23467, -13.7353 ], [ -74.22941, -13.72927 ], [ -74.22426, -13.71603 ], [ -74.2122, -13.71343 ], [ -74.20995, -13.7082 ], [ -74.19198, -13.69965 ], [ -74.18093, -13.70398 ], [ -74.17251, -13.69798 ], [ -74.1704, -13.69005 ], [ -74.1572, -13.68261 ], [ -74.13163, -13.67912 ] ] ] } },
{ "type": "Feature", "properties": { "UBIGEO_INEI": "090604", "DEPARTAMEN": "HUANCAVELICA", "PROVINCIA": "HUAYTARA", "DISTRITO": "HUAYACUNDO ARMA" }, "geometry": { "type": "Polygon", "coordinates": [ [ [ -75.28601, -13.5233 ], [ -75.27424, -13.52857 ], [ -75.24584, -13.52394 ], [ -75.2552, -13.53814 ], [ -75.26354, -13.53847 ], [ -75.27027, -13.5428 ], [ -75.27691, -13.53801 ], [ -75.2851, -13.54046 ], [ -75.28749, -13.54704 ], [ -75.29187, -13.54854 ], [ -75.29812, -13.55799 ], [ -75.29914, -13.56561 ], [ -75.3031, -13.56637 ], [ -75.31395, -13.57773 ], [ -75.32184, -13.58077 ], [ -75.31959, -13.58501 ], [ -75.32702, -13.59374 ], [ -75.34221, -13.595 ], [ -75.36105, -13.59044 ], [ -75.34636, -13.57236 ], [ -75.34281, -13.5618 ], [ -75.33582, -13.55429 ], [ -75.33219, -13.54483 ], [ -75.32171, -13.52993 ], [ -75.31371, -13.52545 ], [ -75.30298, -13.52726 ], [ -75.30082, -13.52506 ], [ -75.28601, -13.5233 ] ] ] } },
{ "type": "Feature", "properties": { "UBIGEO_INEI": "110101", "DEPARTAMEN": "ICA", "PROVINCIA": "ICA", "DISTRITO": "ICA" }, "geometry": { "type": "Polygon", "coordinates": [ [ [ -75.73921, -14.03504 ], [ -75.73533, -14.04282 ], [ -75.72878, -14.04278 ], [ -75.71726, -14.08282 ], [ -75.71909, -14.10495 ], [ -75.72916, -14.13646 ], [ -75.72896, -14.16312 ], [ -75.73467, -14.16391 ], [ -75.74052, -14.17004 ], [ -75.74197, -14.18398 ], [ -75.74661, -14.19055 ], [ -75.75089, -14.18917 ], [ -75.75658, -14.17907 ], [ -75.76467, -14.18061 ], [ -75.77532, -14.19918 ], [ -75.77972, -14.21986 ], [ -75.79468, -14.23471 ], [ -75.79942, -14.23428 ], [ -75.80379, -14.22532 ], [ -75.80946, -14.22339 ], [ -75.828, -14.24237 ], [ -75.84706, -14.24561 ], [ -75.84852, -14.25962 ], [ -75.86269, -14.2672 ], [ -75.8671, -14.27424 ], [ -75.86708, -14.27761 ], [ -75.86214, -14.27945 ], [ -75.86579, -14.29547 ], [ -75.87126, -14.30073 ], [ -75.89308, -14.30969 ], [ -75.90263, -14.31856 ], [ -75.90313, -14.32503 ], [ -75.89372, -14.32897 ], [ -75.8913, -14.33645 ], [ -75.89693, -14.34535 ], [ -75.89612, -14.35064 ], [ -75.90704, -14.35875 ], [ -75.9088, -14.38564 ], [ -75.92938, -14.40281 ], [ -75.93364, -14.41831 ], [ -75.93335, -14.43875 ], [ -75.9415, -14.44736 ], [ -75.94737, -14.44947 ], [ -75.94588, -14.46281 ], [ -75.95918, -14.47181 ], [ -75.96645, -14.49006 ], [ -75.96923, -14.48324 ], [ -75.97226, -14.48148 ], [ -75.97228, -14.4705 ], [ -75.97709, -14.46484 ], [ -75.9891, -14.45569 ], [ -76.00936, -14.44651 ], [ -76.01604, -14.43674 ], [ -76.03668, -14.42605 ], [ -76.02342, -14.40532 ], [ -76.01318, -14.40369 ], [ -76.00384, -14.39178 ], [ -76.00393, -14.36894 ], [ -75.98833, -14.34499 ], [ -75.98848, -14.33916 ], [ -75.98225, -14.32535 ], [ -75.98095, -14.31064 ], [ -75.98413, -14.29965 ], [ -75.99013, -14.2936 ], [ -76.0075, -14.28741 ], [ -76.01749, -14.27854 ], [ -76.02142, -14.27097 ], [ -76.0304, -14.27713 ], [ -76.03897, -14.27289 ], [ -76.04651, -14.265 ], [ -76.0542, -14.25024 ], [ -76.07127, -14.23362 ], [ -76.07233, -14.22904 ], [ -76.06913, -14.22109 ], [ -76.07114, -14.20369 ], [ -76.05788, -14.18216 ], [ -76.04815, -14.15896 ], [ -76.02184, -14.12451 ], [ -76.02098, -14.11606 ], [ -76.02658, -14.1082 ], [ -76.00755, -14.1074 ], [ -75.99501, -14.11644 ], [ -75.98246, -14.11735 ], [ -75.97653, -14.10929 ], [ -75.95777, -14.10689 ], [ -75.94945, -14.10233 ], [ -75.93856, -14.09091 ], [ -75.92779, -14.07081 ], [ -75.92099, -14.0643 ], [ -75.90317, -14.06601 ], [ -75.8944, -14.07432 ], [ -75.88238, -14.0759 ], [ -75.87574, -14.07565 ], [ -75.85005, -14.06576 ], [ -75.82593, -14.0706 ], [ -75.81998, -14.06487 ], [ -75.79895, -14.05577 ], [ -75.76422, -14.04582 ], [ -75.75627, -14.04752 ], [ -75.73921, -14.03504 ] ] ] } },
{ "type": "Feature", "properties": { "UBIGEO_INEI": "230302", "DEPARTAMEN": "TACNA", "PROVINCIA": "JORGE BASADRE", "DISTRITO": "ILABAYA" }, "geometry": { "type": "Polygon", "coordinates": [ [ [ -70.57251, -17.19411 ], [ -70.45427, -17.30064 ], [ -70.45278, -17.3203 ], [ -70.44029, -17.33531 ], [ -70.43529, -17.33468 ], [ -70.36339, -17.37438 ], [ -70.37831, -17.38427 ], [ -70.39008, -17.38584 ], [ -70.40258, -17.39587 ], [ -70.40572, -17.39995 ], [ -70.40421, -17.40851 ], [ -70.40003, -17.4218 ], [ -70.3504, -17.44993 ], [ -70.34411, -17.4571 ], [ -70.34579, -17.46074 ], [ -70.36101, -17.46176 ], [ -70.37346, -17.45956 ], [ -70.38545, -17.46141 ], [ -70.39225, -17.46431 ], [ -70.40404, -17.47775 ], [ -70.41536, -17.47854 ], [ -70.42098, -17.48368 ], [ -70.42902, -17.4839 ], [ -70.43414, -17.50003 ], [ -70.44353, -17.50785 ], [ -70.44683, -17.51591 ], [ -70.5089, -17.54534 ], [ -70.52055, -17.54483 ], [ -70.53406, -17.53455 ], [ -70.54821, -17.53831 ], [ -70.55804, -17.53653 ], [ -70.60357, -17.56723 ], [ -70.62454, -17.57345 ], [ -70.63388, -17.57047 ], [ -70.64642, -17.55422 ], [ -70.64951, -17.55328 ], [ -70.65114, -17.54167 ], [ -70.64757, -17.5297 ], [ -70.63979, -17.52033 ], [ -70.64039, -17.50698 ], [ -70.63148, -17.49542 ], [ -70.6334, -17.48288 ], [ -70.62966, -17.46973 ], [ -70.63252, -17.46573 ], [ -70.62903, -17.45541 ], [ -70.65841, -17.46486 ], [ -70.66876, -17.45828 ], [ -70.68329, -17.45316 ], [ -70.68639, -17.44279 ], [ -70.70361, -17.43772 ], [ -70.73398, -17.45556 ], [ -70.75505, -17.46413 ], [ -70.76205, -17.47192 ], [ -70.76582, -17.46846 ], [ -70.78767, -17.46028 ], [ -70.77848, -17.44929 ], [ -70.77071, -17.44834 ], [ -70.76357, -17.44052 ], [ -70.75463, -17.43758 ], [ -70.75115, -17.42238 ], [ -70.73672, -17.40828 ], [ -70.7356, -17.40123 ], [ -70.74266, -17.39629 ], [ -70.74451, -17.39043 ], [ -70.74871, -17.38797 ], [ -70.7524, -17.38057 ], [ -70.7467, -17.35135 ], [ -70.73387, -17.32319 ], [ -70.71826, -17.30845 ], [ -70.71633, -17.30236 ], [ -70.70565, -17.29118 ], [ -70.71321, -17.28603 ], [ -70.71592, -17.27365 ], [ -70.71386, -17.27042 ], [ -70.70428, -17.26721 ], [ -70.7012, -17.2546 ], [ -70.69298, -17.24118 ], [ -70.68832, -17.23964 ], [ -70.68372, -17.22385 ], [ -70.67113, -17.21979 ], [ -70.66644, -17.21421 ], [ -70.65109, -17.20918 ], [ -70.63355, -17.21084 ], [ -70.63003, -17.21397 ], [ -70.61747, -17.20877 ], [ -70.60998, -17.2145 ], [ -70.58137, -17.20165 ], [ -70.57251, -17.19411 ] ] ] } },
{ "type": "Feature", "properties": { "UBIGEO_INEI": "180302", "DEPARTAMEN": "MOQUEGUA", "PROVINCIA": "ILO", "DISTRITO": "EL ALGARROBAL" }, "geometry": { "type": "Polygon", "coordinates": [ [ [ -71.27406, -17.42715 ], [ -71.2573, -17.44074 ], [ -71.23124, -17.43516 ], [ -71.21587, -17.43467 ], [ -71.19781, -17.44726 ], [ -71.18541, -17.44871 ], [ -71.17356, -17.45348 ], [ -71.15761, -17.45328 ], [ -71.14881, -17.43822 ], [ -71.14449, -17.43676 ], [ -71.14082, -17.43994 ], [ -71.13319, -17.45594 ], [ -71.11589, -17.47482 ], [ -71.10767, -17.47475 ], [ -71.0895, -17.48335 ], [ -71.08282, -17.48257 ], [ -71.07682, -17.48484 ], [ -71.07395, -17.48747 ], [ -71.07255, -17.5258 ], [ -71.05155, -17.54111 ], [ -71.03779, -17.55533 ], [ -71.03116, -17.58566 ], [ -71.02278, -17.59774 ], [ -71.01654, -17.60097 ], [ -70.99454, -17.62197 ], [ -70.94638, -17.63282 ], [ -70.93392, -17.63806 ], [ -70.92987, -17.64437 ], [ -70.91834, -17.64945 ], [ -70.90781, -17.64722 ], [ -70.90959, -17.65472 ], [ -70.90717, -17.66082 ], [ -70.90997, -17.66564 ], [ -70.9125, -17.68737 ], [ -70.93144, -17.68755 ], [ -70.95628, -17.67596 ], [ -70.96456, -17.67602 ], [ -70.97145, -17.68088 ], [ -70.98316, -17.68463 ], [ -70.993, -17.67912 ], [ -71.00335, -17.6837 ], [ -71.00514, -17.6926 ], [ -71.01711, -17.70921 ], [ -71.02692, -17.70387 ], [ -71.03579, -17.70966 ], [ -71.04938, -17.70883 ], [ -71.05792, -17.71808 ], [ -71.07348, -17.71375 ], [ -71.08219, -17.71668 ], [ -71.08412, -17.72128 ], [ -71.08776, -17.72158 ], [ -71.09937, -17.71744 ], [ -71.09719, -17.71281 ], [ -71.09988, -17.70931 ], [ -71.09831, -17.69878 ], [ -71.10602, -17.69213 ], [ -71.11645, -17.69412 ], [ -71.1302, -17.69133 ], [ -71.13919, -17.69231 ], [ -71.14122, -17.68813 ], [ -71.13983, -17.68107 ], [ -71.14704, -17.67492 ], [ -71.15143, -17.67216 ], [ -71.16353, -17.67277 ], [ -71.17292, -17.66515 ], [ -71.19382, -17.66354 ], [ -71.20737, -17.66737 ], [ -71.21548, -17.6665 ], [ -71.22323, -17.67092 ], [ -71.22783, -17.66987 ], [ -71.23395, -17.67281 ], [ -71.26632, -17.66737 ], [ -71.27216, -17.67111 ], [ -71.29099, -17.67589 ], [ -71.29783, -17.66221 ], [ -71.29634, -17.65681 ], [ -71.30316, -17.6561 ], [ -71.3185, -17.62795 ], [ -71.32165, -17.62721 ], [ -71.32123, -17.6204 ], [ -71.30333, -17.60598 ], [ -71.30019, -17.59858 ], [ -71.28181, -17.59234 ], [ -71.27298, -17.58261 ], [ -71.26741, -17.58026 ], [ -71.25844, -17.54247 ], [ -71.26154, -17.53592 ], [ -71.25856, -17.53288 ], [ -71.26225, -17.52799 ], [ -71.26531, -17.5155 ], [ -71.26353, -17.50895 ], [ -71.26813, -17.50125 ], [ -71.27998, -17.49262 ], [ -71.28769, -17.49158 ], [ -71.29088, -17.46906 ], [ -71.30539, -17.46316 ], [ -71.31187, -17.4525 ], [ -71.30834, -17.44559 ], [ -71.30002, -17.44288 ], [ -71.27861, -17.42777 ], [ -71.27406, -17.42715 ] ] ] } },
{ "type": "Feature", "properties": { "UBIGEO_INEI": "230109", "DEPARTAMEN": "TACNA", "PROVINCIA": "TACNA", "DISTRITO": "SAMA" }, "geometry": { "type": "Polygon", "coordinates": [ [ [ -70.71544, -17.77831 ], [ -70.59346, -17.80408 ], [ -70.42374, -17.88983 ], [ -70.48178, -17.94816 ], [ -70.51136, -17.96718 ], [ -70.53475, -17.99721 ], [ -70.54558, -18.0205 ], [ -70.58546, -18.06412 ], [ -70.63856, -18.07165 ], [ -70.63421, -18.08186 ], [ -70.62164, -18.09666 ], [ -70.61319, -18.14842 ], [ -70.59648, -18.1589 ], [ -70.59569, -18.17917 ], [ -70.5993, -18.18026 ], [ -70.60345, -18.18645 ], [ -70.60465, -18.20111 ], [ -70.6795, -18.1618 ], [ -70.68782, -18.15276 ], [ -70.6936, -18.15064 ], [ -70.70178, -18.14033 ], [ -70.70855, -18.13814 ], [ -70.70939, -18.1318 ], [ -70.71723, -18.12366 ], [ -70.72556, -18.11842 ], [ -70.72956, -18.11866 ], [ -70.72712, -18.11784 ], [ -70.73021, -18.11469 ], [ -70.72864, -18.11219 ], [ -70.73003, -18.10828 ], [ -70.73926, -18.09957 ], [ -70.7426, -18.09952 ], [ -70.74679, -18.09396 ], [ -70.75351, -18.09231 ], [ -70.75188, -18.08854 ], [ -70.7595, -18.08225 ], [ -70.7606, -18.07871 ], [ -70.76305, -18.07979 ], [ -70.77729, -18.07092 ], [ -70.77943, -18.06574 ], [ -70.79992, -18.05214 ], [ -70.81167, -18.05025 ], [ -70.81019, -18.04535 ], [ -70.81316, -18.04049 ], [ -70.82358, -18.03479 ], [ -70.84258, -18.03242 ], [ -70.84922, -18.02638 ], [ -70.85526, -18.02708 ], [ -70.86445, -18.01883 ], [ -70.87033, -18.01991 ], [ -70.87197, -18.01539 ], [ -70.879, -18.01497 ], [ -70.8852, -18.00668 ], [ -70.8877, -18.00929 ], [ -70.88927, -18.00379 ], [ -70.88256, -17.99397 ], [ -70.89009, -17.97975 ], [ -70.88947, -17.97652 ], [ -70.88019, -17.97281 ], [ -70.87354, -17.9729 ], [ -70.86334, -17.9668 ], [ -70.84964, -17.9444 ], [ -70.8487, -17.93144 ], [ -70.84149, -17.92594 ], [ -70.83929, -17.91152 ], [ -70.82874, -17.90593 ], [ -70.82286, -17.89394 ], [ -70.80685, -17.88957 ], [ -70.80004, -17.87215 ], [ -70.79479, -17.86847 ], [ -70.7905, -17.85777 ], [ -70.76424, -17.829 ], [ -70.76006, -17.81823 ], [ -70.73333, -17.79408 ], [ -70.72932, -17.78509 ], [ -70.71544, -17.77831 ] ] ] } },
{ "type": "Feature", "properties": { "UBIGEO_INEI": "230402", "DEPARTAMEN": "TACNA", "PROVINCIA": "TARATA", "DISTRITO": "HEROES ALBARRACIN" }, "geometry": { "type": "Polygon", "coordinates": [ [ [ -70.24878, -17.38473 ], [ -70.24399, -17.3893 ], [ -70.24067, -17.40491 ], [ -70.22324, -17.41277 ], [ -70.22048, -17.4161 ], [ -70.22136, -17.42093 ], [ -70.21594, -17.4422 ], [ -70.19886, -17.45028 ], [ -70.1987, -17.45927 ], [ -70.19327, -17.46097 ], [ -70.18886, -17.47065 ], [ -70.17902, -17.46853 ], [ -70.16999, -17.47421 ], [ -70.14628, -17.459 ], [ -70.14294, -17.45922 ], [ -70.14051, -17.46556 ], [ -70.11974, -17.4544 ], [ -70.10772, -17.46332 ], [ -70.08927, -17.45879 ], [ -70.08624, -17.46004 ], [ -70.08485, -17.47681 ], [ -70.07975, -17.48551 ], [ -70.08087, -17.4888 ], [ -70.06661, -17.50556 ], [ -70.06836, -17.51377 ], [ -70.07338, -17.51665 ], [ -70.07612, -17.52166 ], [ -70.07099, -17.53601 ], [ -70.08857, -17.55751 ], [ -70.09526, -17.54989 ], [ -70.1059, -17.55395 ], [ -70.11248, -17.5539 ], [ -70.11787, -17.54955 ], [ -70.12266, -17.55025 ], [ -70.13196, -17.54191 ], [ -70.13293, -17.54625 ], [ -70.14159, -17.5509 ], [ -70.14374, -17.55495 ], [ -70.15794, -17.56259 ], [ -70.15774, -17.57001 ], [ -70.16352, -17.56992 ], [ -70.1643, -17.57268 ], [ -70.16032, -17.57743 ], [ -70.16997, -17.58819 ], [ -70.21249, -17.58851 ], [ -70.22571, -17.59181 ], [ -70.23619, -17.59006 ], [ -70.2597, -17.57828 ], [ -70.26583, -17.57086 ], [ -70.27991, -17.56261 ], [ -70.2876, -17.53756 ], [ -70.29621, -17.54003 ], [ -70.30322, -17.53899 ], [ -70.30593, -17.529 ], [ -70.3096, -17.52678 ], [ -70.31287, -17.51956 ], [ -70.3318, -17.50932 ], [ -70.33465, -17.49732 ], [ -70.33319, -17.49598 ], [ -70.34068, -17.48614 ], [ -70.34059, -17.4719 ], [ -70.34579, -17.46074 ], [ -70.32579, -17.44677 ], [ -70.32175, -17.43625 ], [ -70.31468, -17.43315 ], [ -70.30725, -17.42427 ], [ -70.29507, -17.41703 ], [ -70.29208, -17.40966 ], [ -70.28111, -17.41035 ], [ -70.27746, -17.40856 ], [ -70.27592, -17.40404 ], [ -70.28347, -17.39781 ], [ -70.27975, -17.39323 ], [ -70.27461, -17.38926 ], [ -70.26457, -17.38814 ], [ -70.25971, -17.39011 ], [ -70.24878, -17.38473 ] ] ] } },
{ "type": "Feature", "properties": { "UBIGEO_INEI": "040115", "DEPARTAMEN": "AREQUIPA", "PROVINCIA": "AREQUIPA", "DISTRITO": "QUEQUEÑA" }, "geometry": { "type": "Polygon", "coordinates": [ [ [ -71.49654, -16.51771 ], [ -71.48354, -16.51733 ], [ -71.47799, -16.52289 ], [ -71.46285, -16.52186 ], [ -71.45674, -16.51794 ], [ -71.44059, -16.52229 ], [ -71.43699, -16.52779 ], [ -71.42494, -16.53108 ], [ -71.41847, -16.53677 ], [ -71.41926, -16.5462 ], [ -71.4119, -16.54738 ], [ -71.40515, -16.54411 ], [ -71.39906, -16.54411 ], [ -71.39087, -16.55014 ], [ -71.39989, -16.56818 ], [ -71.41003, -16.57178 ], [ -71.43179, -16.56386 ], [ -71.45076, -16.56497 ], [ -71.46834, -16.55386 ], [ -71.46942, -16.54967 ], [ -71.47655, -16.54207 ], [ -71.48978, -16.53632 ], [ -71.48961, -16.52526 ], [ -71.49356, -16.52408 ], [ -71.49274, -16.51996 ], [ -71.49654, -16.51771 ] ] ] } },
{ "type": "Feature", "properties": { "UBIGEO_INEI": "040127", "DEPARTAMEN": "AREQUIPA", "PROVINCIA": "AREQUIPA", "DISTRITO": "YARABAMBA" }, "geometry": { "type": "Polygon", "coordinates": [ [ [ -71.57413, -16.49108 ], [ -71.56658, -16.49651 ], [ -71.56019, -16.49414 ], [ -71.55284, -16.49726 ], [ -71.54581, -16.49405 ], [ -71.53938, -16.50535 ], [ -71.52884, -16.50493 ], [ -71.52469, -16.50813 ], [ -71.52084, -16.50709 ], [ -71.52052, -16.50334 ], [ -71.51705, -16.50178 ], [ -71.51663, -16.50599 ], [ -71.51344, -16.50653 ], [ -71.50989, -16.51311 ], [ -71.49289, -16.51967 ], [ -71.49356, -16.52408 ], [ -71.48954, -16.52559 ], [ -71.48978, -16.53632 ], [ -71.47655, -16.54207 ], [ -71.46942, -16.54967 ], [ -71.46834, -16.55386 ], [ -71.45223, -16.56432 ], [ -71.43179, -16.56386 ], [ -71.41078, -16.57183 ], [ -71.40168, -16.56881 ], [ -71.40651, -16.59966 ], [ -71.42406, -16.60676 ], [ -71.42525, -16.61745 ], [ -71.43181, -16.62482 ], [ -71.44678, -16.63339 ], [ -71.44396, -16.64221 ], [ -71.44525, -16.64487 ], [ -71.46219, -16.65515 ], [ -71.464, -16.66101 ], [ -71.47076, -16.66511 ], [ -71.47521, -16.67842 ], [ -71.48199, -16.68379 ], [ -71.48154, -16.69007 ], [ -71.47471, -16.70492 ], [ -71.48314, -16.72788 ], [ -71.4776, -16.74042 ], [ -71.47789, -16.75265 ], [ -71.48001, -16.763 ], [ -71.49268, -16.76786 ], [ -71.50179, -16.76606 ], [ -71.51029, -16.75866 ], [ -71.5149, -16.75224 ], [ -71.51286, -16.74504 ], [ -71.51539, -16.74063 ], [ -71.52171, -16.73587 ], [ -71.52932, -16.73401 ], [ -71.53147, -16.72635 ], [ -71.52988, -16.7171 ], [ -71.53095, -16.71258 ], [ -71.53445, -16.71037 ], [ -71.53548, -16.70076 ], [ -71.54512, -16.68931 ], [ -71.5538, -16.68438 ], [ -71.57256, -16.69989 ], [ -71.57484, -16.69596 ], [ -71.59369, -16.68658 ], [ -71.59877, -16.68781 ], [ -71.60549, -16.68341 ], [ -71.62037, -16.68191 ], [ -71.62947, -16.68453 ], [ -71.64056, -16.70587 ], [ -71.64159, -16.70049 ], [ -71.64909, -16.695 ], [ -71.65965, -16.7012 ], [ -71.66698, -16.70163 ], [ -71.67039, -16.69817 ], [ -71.66946, -16.68863 ], [ -71.67471, -16.67178 ], [ -71.67322, -16.66927 ], [ -71.67549, -16.65983 ], [ -71.6687, -16.65732 ], [ -71.67013, -16.65013 ], [ -71.66619, -16.64268 ], [ -71.66964, -16.63579 ], [ -71.65972, -16.63379 ], [ -71.64949, -16.62491 ], [ -71.64374, -16.62639 ], [ -71.63914, -16.62419 ], [ -71.63633, -16.61105 ], [ -71.63312, -16.60837 ], [ -71.63245, -16.59922 ], [ -71.62443, -16.59516 ], [ -71.62424, -16.59018 ], [ -71.62793, -16.58604 ], [ -71.63131, -16.58853 ], [ -71.63885, -16.58791 ], [ -71.64201, -16.58484 ], [ -71.6529, -16.58444 ], [ -71.66357, -16.58916 ], [ -71.66735, -16.59449 ], [ -71.67911, -16.59927 ], [ -71.68916, -16.59275 ], [ -71.69377, -16.59282 ], [ -71.69984, -16.58623 ], [ -71.6967, -16.58492 ], [ -71.68682, -16.56808 ], [ -71.69985, -16.55887 ], [ -71.699, -16.55147 ], [ -71.70395, -16.54653 ], [ -71.70537, -16.54149 ], [ -71.69906, -16.54095 ], [ -71.66446, -16.55573 ], [ -71.64899, -16.55814 ], [ -71.62376, -16.54154 ], [ -71.62057, -16.52263 ], [ -71.61343, -16.5246 ], [ -71.59722, -16.52198 ], [ -71.59249, -16.51863 ], [ -71.58697, -16.51019 ], [ -71.58248, -16.50792 ], [ -71.58373, -16.49734 ], [ -71.57413, -16.49108 ] ] ] } },
{ "type": "Feature", "properties": { "UBIGEO_INEI": "040203", "DEPARTAMEN": "AREQUIPA", "PROVINCIA": "CAMANA", "DISTRITO": "MARIANO NICOLAS VALCARCEL" }, "geometry": { "type": "Polygon", "coordinates": [ [ [ -73.23325, -15.87405 ], [ -73.22111, -15.87809 ], [ -73.21681, -15.8765 ], [ -73.20908, -15.88365 ], [ -73.19924, -15.88367 ], [ -73.18938, -15.89622 ], [ -73.18871, -15.9045 ], [ -73.17149, -15.91547 ], [ -73.16763, -15.9267 ], [ -73.16689, -15.93774 ], [ -73.16119, -15.94735 ], [ -73.1613, -15.9596 ], [ -73.15382, -15.97021 ], [ -73.15117, -15.97967 ], [ -73.15564, -15.98901 ], [ -73.16807, -15.99204 ], [ -73.17635, -16.00054 ], [ -73.17528, -16.00687 ], [ -73.17007, -16.0108 ], [ -73.16454, -16.02006 ], [ -73.13951, -16.00559 ], [ -73.12373, -16.01314 ], [ -73.11829, -15.99823 ], [ -73.11146, -15.99385 ], [ -73.10802, -15.98846 ], [ -73.09842, -15.99737 ], [ -73.09003, -16.00038 ], [ -73.08842, -16.00785 ], [ -73.07678, -16.00973 ], [ -73.06639, -16.0182 ], [ -73.05679, -16.01586 ], [ -73.04099, -16.01787 ], [ -73.03117, -16.01546 ], [ -73.01941, -16.01937 ], [ -72.99789, -16.01932 ], [ -72.98544, -16.02264 ], [ -72.98895, -16.03014 ], [ -72.99508, -16.03583 ], [ -72.99709, -16.04697 ], [ -73.01116, -16.06884 ], [ -73.01255, -16.08831 ], [ -73.02175, -16.09812 ], [ -73.02295, -16.1102 ], [ -73.02864, -16.11422 ], [ -73.03448, -16.1315 ], [ -73.03373, -16.13471 ], [ -73.03877, -16.14153 ], [ -73.03864, -16.16197 ], [ -73.04396, -16.17012 ], [ -73.04322, -16.17586 ], [ -73.06234, -16.1834 ], [ -73.07978, -16.18513 ], [ -73.08766, -16.18869 ], [ -73.09273, -16.19439 ], [ -73.10637, -16.20096 ], [ -73.11087, -16.21081 ], [ -73.13099, -16.23272 ], [ -73.15124, -16.23056 ], [ -73.16192, -16.2372 ], [ -73.17041, -16.237 ], [ -73.18374, -16.23086 ], [ -73.18973, -16.22232 ], [ -73.19985, -16.21954 ], [ -73.19814, -16.20601 ], [ -73.20489, -16.18621 ], [ -73.20377, -16.17529 ], [ -73.20716, -16.169 ], [ -73.20323, -16.15299 ], [ -73.21005, -16.14515 ], [ -73.22204, -16.11923 ], [ -73.2226, -16.08259 ], [ -73.2248, -16.0763 ], [ -73.22352, -16.06498 ], [ -73.22709, -16.05861 ], [ -73.23109, -16.05664 ], [ -73.23001, -16.05071 ], [ -73.23462, -16.0362 ], [ -73.23224, -16.03433 ], [ -73.23213, -16.02817 ], [ -73.24056, -16.00002 ], [ -73.23516, -15.99599 ], [ -73.22677, -15.99635 ], [ -73.22094, -15.9912 ], [ -73.22549, -15.98366 ], [ -73.2233, -15.96203 ], [ -73.22988, -15.95311 ], [ -73.22516, -15.92673 ], [ -73.22922, -15.92431 ], [ -73.22958, -15.91569 ], [ -73.23543, -15.90793 ], [ -73.23299, -15.89103 ], [ -73.2293, -15.88401 ], [ -73.23325, -15.87405 ] ] ] } },
{ "type": "Feature", "properties": { "UBIGEO_INEI": "040308", "DEPARTAMEN": "AREQUIPA", "PROVINCIA": "CARAVELI", "DISTRITO": "CHAPARRA" }, "geometry": { "type": "Polygon", "coordinates": [ [ [ -73.84991, -15.55775 ], [ -73.84146, -15.56554 ], [ -73.84649, -15.57796 ], [ -73.84338, -15.58288 ], [ -73.84623, -15.59028 ], [ -73.8424, -15.60375 ], [ -73.85027, -15.61001 ], [ -73.85226, -15.62621 ], [ -73.851, -15.63673 ], [ -73.86166, -15.66408 ], [ -73.8615, -15.66962 ], [ -73.85493, -15.67655 ], [ -73.84811, -15.6734 ], [ -73.83812, -15.67493 ], [ -73.82215, -15.68894 ], [ -73.79527, -15.68216 ], [ -73.78444, -15.68935 ], [ -73.76704, -15.69007 ], [ -73.7645, -15.69327 ], [ -73.74168, -15.66823 ], [ -73.73419, -15.68824 ], [ -73.73393, -15.70249 ], [ -73.73727, -15.70887 ], [ -73.73039, -15.71969 ], [ -73.73463, -15.72736 ], [ -73.73447, -15.73507 ], [ -73.7279, -15.74936 ], [ -73.71047, -15.76107 ], [ -73.7094, -15.77406 ], [ -73.71214, -15.78392 ], [ -73.7196, -15.78273 ], [ -73.72473, -15.78635 ], [ -73.72497, -15.79153 ], [ -73.72015, -15.79999 ], [ -73.72328, -15.80452 ], [ -73.73688, -15.80524 ], [ -73.73943, -15.80426 ], [ -73.74208, -15.79795 ], [ -73.75639, -15.79415 ], [ -73.76714, -15.79425 ], [ -73.78298, -15.81633 ], [ -73.78983, -15.81826 ], [ -73.78927, -15.83095 ], [ -73.79748, -15.8335 ], [ -73.80418, -15.84279 ], [ -73.80096, -15.87268 ], [ -73.81103, -15.88466 ], [ -73.81292, -15.89856 ], [ -73.819, -15.91394 ], [ -73.82426, -15.91972 ], [ -73.8238, -15.92357 ], [ -73.82929, -15.92982 ], [ -73.84571, -15.97621 ], [ -73.86837, -15.99996 ], [ -73.88164, -16.01835 ], [ -73.88354, -16.02903 ], [ -73.87899, -16.03396 ], [ -73.88293, -16.0399 ], [ -73.87633, -16.04802 ], [ -73.87757, -16.05436 ], [ -73.87405, -16.06481 ], [ -73.876, -16.06843 ], [ -73.8857, -16.06697 ], [ -73.89355, -16.08105 ], [ -73.90166, -16.10358 ], [ -73.92368, -16.09239 ], [ -73.93098, -16.08508 ], [ -73.93629, -16.08409 ], [ -73.95048, -16.07423 ], [ -73.95303, -16.07511 ], [ -73.95911, -16.06082 ], [ -73.97514, -16.05252 ], [ -73.97941, -16.05296 ], [ -73.97957, -16.04691 ], [ -73.98962, -16.03912 ], [ -73.99367, -16.0387 ], [ -73.99858, -16.04225 ], [ -74.00748, -16.03382 ], [ -74.01813, -16.03663 ], [ -74.02046, -16.0258 ], [ -74.02521, -16.02487 ], [ -74.02674, -16.0199 ], [ -74.03317, -16.01757 ], [ -74.03237, -16.00877 ], [ -74.02605, -16.00144 ], [ -74.02493, -15.99405 ], [ -74.03649, -15.97296 ], [ -74.04227, -15.96907 ], [ -74.0425, -15.96417 ], [ -74.05221, -15.95596 ], [ -74.17503, -15.89698 ], [ -74.18618, -15.89289 ], [ -74.20215, -15.89141 ], [ -74.2029, -15.8896 ], [ -74.20709, -15.89072 ], [ -74.20962, -15.88792 ], [ -74.20506, -15.88268 ], [ -74.20434, -15.87585 ], [ -74.19488, -15.85959 ], [ -74.19135, -15.84753 ], [ -74.19121, -15.83747 ], [ -74.18748, -15.83815 ], [ -74.18112, -15.84639 ], [ -74.14984, -15.84138 ], [ -74.13335, -15.8305 ], [ -74.12634, -15.81403 ], [ -74.11536, -15.80717 ], [ -74.11742, -15.79672 ], [ -74.11479, -15.79105 ], [ -74.11724, -15.78709 ], [ -74.11639, -15.78379 ], [ -74.10738, -15.76912 ], [ -74.09842, -15.76567 ], [ -74.10152, -15.76201 ], [ -74.10057, -15.7558 ], [ -74.09076, -15.74769 ], [ -74.08488, -15.72691 ], [ -74.08093, -15.72097 ], [ -74.07571, -15.71808 ], [ -74.0713, -15.69463 ], [ -74.069, -15.68952 ], [ -74.06495, -15.68711 ], [ -74.06405, -15.68018 ], [ -74.05775, -15.67191 ], [ -74.05709, -15.66629 ], [ -74.0417, -15.65897 ], [ -74.04099, -15.65337 ], [ -74.03588, -15.64765 ], [ -74.02386, -15.64774 ], [ -74.00598, -15.64157 ], [ -73.99398, -15.64245 ], [ -73.97344, -15.63298 ], [ -73.95043, -15.62755 ], [ -73.93681, -15.61669 ], [ -73.93197, -15.61027 ], [ -73.93295, -15.60507 ], [ -73.92937, -15.60204 ], [ -73.90674, -15.60271 ], [ -73.89304, -15.59393 ], [ -73.88881, -15.58778 ], [ -73.87696, -15.58773 ], [ -73.87244, -15.58295 ], [ -73.87001, -15.57507 ], [ -73.87197, -15.5714 ], [ -73.86766, -15.56048 ], [ -73.8642, -15.5589 ], [ -73.85709, -15.56074 ], [ -73.84991, -15.55775 ] ] ] } },
{ "type": "Feature", "properties": { "UBIGEO_INEI": "040111", "DEPARTAMEN": "AREQUIPA", "PROVINCIA": "AREQUIPA", "DISTRITO": "MOLLEBAYA" }, "geometry": { "type": "Polygon", "coordinates": [ [ [ -71.46377, -16.48115 ], [ -71.45335, -16.48438 ], [ -71.45075, -16.49466 ], [ -71.43408, -16.50577 ], [ -71.43135, -16.51782 ], [ -71.42494, -16.53108 ], [ -71.43699, -16.52779 ], [ -71.44059, -16.52229 ], [ -71.45674, -16.51794 ], [ -71.46285, -16.52186 ], [ -71.47799, -16.52289 ], [ -71.48354, -16.51733 ], [ -71.50269, -16.5163 ], [ -71.50989, -16.51311 ], [ -71.51344, -16.50653 ], [ -71.51663, -16.50599 ], [ -71.51681, -16.50197 ], [ -71.52474, -16.49168 ], [ -71.5279, -16.49123 ], [ -71.52985, -16.48532 ], [ -71.52281, -16.49018 ], [ -71.50714, -16.49262 ], [ -71.50266, -16.48852 ], [ -71.49081, -16.48502 ], [ -71.47189, -16.48537 ], [ -71.46377, -16.48115 ] ] ] } },
{ "type": "Feature", "properties": { "UBIGEO_INEI": "090611", "DEPARTAMEN": "HUANCAVELICA", "PROVINCIA": "HUAYTARA", "DISTRITO": "SAN FRANCISCO DE SANGAYAICO" }, "geometry": { "type": "Polygon", "coordinates": [ [ [ -75.09184, -13.59194 ], [ -75.08407, -13.60235 ], [ -75.07253, -13.60588 ], [ -75.07154, -13.61584 ], [ -75.07496, -13.62424 ], [ -75.07227, -13.62789 ], [ -75.07394, -13.63215 ], [ -75.07172, -13.6384 ], [ -75.07394, -13.64286 ], [ -75.07262, -13.65052 ], [ -75.05301, -13.66635 ], [ -75.04962, -13.68166 ], [ -75.03856, -13.68077 ], [ -75.03452, -13.6832 ], [ -75.02603, -13.67972 ], [ -75.02306, -13.6858 ], [ -75.01336, -13.692 ], [ -75.0095, -13.70824 ], [ -75.02096, -13.71521 ], [ -75.02537, -13.72065 ], [ -75.04094, -13.71992 ], [ -75.05593, -13.72999 ], [ -75.06357, -13.72513 ], [ -75.08862, -13.71997 ], [ -75.09786, -13.70913 ], [ -75.11286, -13.73165 ], [ -75.12258, -13.726 ], [ -75.13243, -13.72852 ], [ -75.1317, -13.73427 ], [ -75.13962, -13.73971 ], [ -75.13956, -13.75125 ], [ -75.14341, -13.75727 ], [ -75.15712, -13.75905 ], [ -75.17772, -13.78497 ], [ -75.18473, -13.78689 ], [ -75.19153, -13.78265 ], [ -75.19717, -13.77468 ], [ -75.20225, -13.77449 ], [ -75.20725, -13.77784 ], [ -75.2154, -13.79238 ], [ -75.23832, -13.79931 ], [ -75.25135, -13.81029 ], [ -75.25357, -13.81527 ], [ -75.25949, -13.81464 ], [ -75.26437, -13.80947 ], [ -75.27841, -13.80933 ], [ -75.28849, -13.80193 ], [ -75.30653, -13.8075 ], [ -75.31481, -13.80552 ], [ -75.32752, -13.79752 ], [ -75.33087, -13.79887 ], [ -75.34295, -13.79535 ], [ -75.36027, -13.79751 ], [ -75.36626, -13.7939 ], [ -75.37195, -13.79407 ], [ -75.3836, -13.78629 ], [ -75.39316, -13.78519 ], [ -75.37866, -13.77858 ], [ -75.35367, -13.77674 ], [ -75.34387, -13.77302 ], [ -75.33932, -13.77473 ], [ -75.33368, -13.76897 ], [ -75.32144, -13.76786 ], [ -75.31675, -13.76083 ], [ -75.30982, -13.76342 ], [ -75.29729, -13.75988 ], [ -75.29449, -13.76104 ], [ -75.28605, -13.75411 ], [ -75.26276, -13.76227 ], [ -75.24526, -13.75915 ], [ -75.2314, -13.76153 ], [ -75.22751, -13.75866 ], [ -75.2239, -13.76145 ], [ -75.21111, -13.75981 ], [ -75.20188, -13.75489 ], [ -75.18304, -13.75647 ], [ -75.17096, -13.74991 ], [ -75.16569, -13.74562 ], [ -75.16487, -13.73647 ], [ -75.15372, -13.7375 ], [ -75.15008, -13.73395 ], [ -75.14685, -13.72489 ], [ -75.14363, -13.72307 ], [ -75.14491, -13.71145 ], [ -75.14714, -13.70865 ], [ -75.14517, -13.70205 ], [ -75.13093, -13.69234 ], [ -75.12465, -13.67694 ], [ -75.11943, -13.67234 ], [ -75.12143, -13.66615 ], [ -75.11034, -13.65342 ], [ -75.10617, -13.63273 ], [ -75.10654, -13.61953 ], [ -75.10878, -13.6145 ], [ -75.10777, -13.61052 ], [ -75.10479, -13.60901 ], [ -75.10629, -13.6016 ], [ -75.09473, -13.5969 ], [ -75.09184, -13.59194 ] ] ] } },
{ "type": "Feature", "properties": { "UBIGEO_INEI": "080107", "DEPARTAMEN": "CUSCO", "PROVINCIA": "CUSCO", "DISTRITO": "SAYLLA" }, "geometry": { "type": "Polygon", "coordinates": [ [ [ -71.8147, -13.5055 ], [ -71.80463, -13.50826 ], [ -71.81879, -13.5165 ], [ -71.82094, -13.52058 ], [ -71.81511, -13.53848 ], [ -71.81801, -13.54326 ], [ -71.81475, -13.55009 ], [ -71.81804, -13.55851 ], [ -71.81433, -13.56807 ], [ -71.81835, -13.56901 ], [ -71.81591, -13.57624 ], [ -71.83559, -13.59083 ], [ -71.83915, -13.59053 ], [ -71.84185, -13.58237 ], [ -71.84928, -13.57342 ], [ -71.85145, -13.56506 ], [ -71.85385, -13.56172 ], [ -71.85904, -13.56039 ], [ -71.86173, -13.55314 ], [ -71.85843, -13.55214 ], [ -71.85418, -13.55598 ], [ -71.85041, -13.54717 ], [ -71.8448, -13.54473 ], [ -71.83619, -13.53481 ], [ -71.83721, -13.52891 ], [ -71.83281, -13.52653 ], [ -71.82282, -13.50933 ], [ -71.8147, -13.5055 ] ] ] } },
{ "type": "Feature", "properties": { "UBIGEO_INEI": "090616", "DEPARTAMEN": "HUANCAVELICA", "PROVINCIA": "HUAYTARA", "DISTRITO": "TAMBO" }, "geometry": { "type": "Polygon", "coordinates": [ [ [ -75.06912, -13.45759 ], [ -75.06474, -13.46115 ], [ -75.0529, -13.46426 ], [ -75.04682, -13.46928 ], [ -75.05093, -13.48117 ], [ -75.04971, -13.49382 ], [ -75.03525, -13.51973 ], [ -75.04668, -13.52418 ], [ -75.05379, -13.52126 ], [ -75.06153, -13.52734 ], [ -75.06769, -13.52563 ], [ -75.07307, -13.52873 ], [ -75.07597, -13.53827 ], [ -75.08224, -13.54096 ], [ -75.08395, -13.54413 ], [ -75.09766, -13.54237 ], [ -75.11941, -13.54597 ], [ -75.13372, -13.54116 ], [ -75.14265, -13.542 ], [ -75.14882, -13.55238 ], [ -75.14801, -13.55797 ], [ -75.15214, -13.57324 ], [ -75.16205, -13.59202 ], [ -75.16564, -13.5943 ], [ -75.15847, -13.61509 ], [ -75.15212, -13.62061 ], [ -75.16569, -13.63873 ], [ -75.16951, -13.64967 ], [ -75.17992, -13.65334 ], [ -75.1819, -13.66086 ], [ -75.19246, -13.66192 ], [ -75.19685, -13.66863 ], [ -75.21118, -13.66892 ], [ -75.22433, -13.68525 ], [ -75.23753, -13.69532 ], [ -75.247, -13.69773 ], [ -75.25306, -13.70474 ], [ -75.25137, -13.70931 ], [ -75.25641, -13.71326 ], [ -75.27462, -13.70909 ], [ -75.27942, -13.70994 ], [ -75.28164, -13.71156 ], [ -75.28465, -13.72545 ], [ -75.29982, -13.72443 ], [ -75.30432, -13.73009 ], [ -75.30153, -13.70705 ], [ -75.28774, -13.67834 ], [ -75.28855, -13.66499 ], [ -75.28311, -13.64993 ], [ -75.28362, -13.64294 ], [ -75.26297, -13.62689 ], [ -75.24618, -13.62496 ], [ -75.2413, -13.61793 ], [ -75.2358, -13.61628 ], [ -75.23126, -13.60618 ], [ -75.21821, -13.60068 ], [ -75.2112, -13.58993 ], [ -75.20253, -13.58238 ], [ -75.19964, -13.5699 ], [ -75.20312, -13.56252 ], [ -75.1931, -13.55561 ], [ -75.1892, -13.54618 ], [ -75.18034, -13.53813 ], [ -75.17574, -13.53724 ], [ -75.17185, -13.53181 ], [ -75.1639, -13.53325 ], [ -75.15402, -13.52214 ], [ -75.1497, -13.50229 ], [ -75.13897, -13.50151 ], [ -75.12824, -13.49052 ], [ -75.11908, -13.48952 ], [ -75.11107, -13.48257 ], [ -75.10583, -13.47345 ], [ -75.07778, -13.46448 ], [ -75.07722, -13.45883 ], [ -75.06912, -13.45759 ] ] ] } },
{ "type": "Feature", "properties": { "UBIGEO_INEI": "090115", "DEPARTAMEN": "HUANCAVELICA", "PROVINCIA": "HUANCAVELICA", "DISTRITO": "PILCHACA" }, "geometry": { "type": "Polygon", "coordinates": [ [ [ -75.10081, -12.37737 ], [ -75.09011, -12.3879 ], [ -75.06713, -12.39365 ], [ -75.06099, -12.40152 ], [ -75.06658, -12.40838 ], [ -75.05815, -12.41235 ], [ -75.06203, -12.43394 ], [ -75.05999, -12.44076 ], [ -75.0547, -12.4448 ], [ -75.04919, -12.45444 ], [ -75.07571, -12.45289 ], [ -75.07873, -12.44738 ], [ -75.10671, -12.4298 ], [ -75.10887, -12.4185 ], [ -75.12303, -12.40673 ], [ -75.13101, -12.3785 ], [ -75.10936, -12.38234 ], [ -75.10081, -12.37737 ] ] ] } },
{ "type": "Feature", "properties": { "UBIGEO_INEI": "120804", "DEPARTAMEN": "JUNIN", "PROVINCIA": "YAULI", "DISTRITO": "MARCAPOMACOCHA" }, "geometry": { "type": "Polygon", "coordinates": [ [ [ -76.18816, -11.23885 ], [ -76.18108, -11.23903 ], [ -76.17737, -11.24237 ], [ -76.17213, -11.25476 ], [ -76.16758, -11.25799 ], [ -76.16496, -11.27079 ], [ -76.15656, -11.27856 ], [ -76.15292, -11.28696 ], [ -76.14673, -11.28887 ], [ -76.14112, -11.29433 ], [ -76.13867, -11.30596 ], [ -76.13405, -11.31008 ], [ -76.13698, -11.31465 ], [ -76.12949, -11.3192 ], [ -76.12421, -11.32581 ], [ -76.12205, -11.32476 ], [ -76.11832, -11.32959 ], [ -76.10812, -11.33549 ], [ -76.10544, -11.35295 ], [ -76.09665, -11.36124 ], [ -76.09487, -11.37227 ], [ -76.0867, -11.37997 ], [ -76.0824, -11.38796 ], [ -76.08608, -11.39146 ], [ -76.08627, -11.39918 ], [ -76.08924, -11.40235 ], [ -76.09248, -11.41499 ], [ -76.10856, -11.44408 ], [ -76.12093, -11.45828 ], [ -76.13515, -11.46654 ], [ -76.15329, -11.48223 ], [ -76.15577, -11.4927 ], [ -76.15901, -11.49648 ], [ -76.1638, -11.49848 ], [ -76.16804, -11.50431 ], [ -76.1814, -11.50529 ], [ -76.19485, -11.51399 ], [ -76.20564, -11.52868 ], [ -76.20656, -11.53388 ], [ -76.21829, -11.54125 ], [ -76.21984, -11.55 ], [ -76.23212, -11.55644 ], [ -76.2327, -11.56173 ], [ -76.23741, -11.56901 ], [ -76.24293, -11.56646 ], [ -76.25454, -11.56903 ], [ -76.26473, -11.56719 ], [ -76.26974, -11.57236 ], [ -76.27309, -11.58201 ], [ -76.28679, -11.59123 ], [ -76.29286, -11.58878 ], [ -76.29765, -11.59617 ], [ -76.29746, -11.59151 ], [ -76.30163, -11.58305 ], [ -76.29996, -11.57521 ], [ -76.30437, -11.56753 ], [ -76.30918, -11.56367 ], [ -76.31751, -11.5627 ], [ -76.32127, -11.55321 ], [ -76.32583, -11.55212 ], [ -76.32786, -11.54432 ], [ -76.35, -11.5423 ], [ -76.34857, -11.52879 ], [ -76.35065, -11.52041 ], [ -76.3594, -11.52287 ], [ -76.3619, -11.5197 ], [ -76.36176, -11.51457 ], [ -76.37336, -11.50229 ], [ -76.37684, -11.50149 ], [ -76.38099, -11.48605 ], [ -76.37944, -11.48198 ], [ -76.37365, -11.48056 ], [ -76.37148, -11.47648 ], [ -76.37741, -11.44422 ], [ -76.38799, -11.44643 ], [ -76.39434, -11.44501 ], [ -76.41165, -11.41588 ], [ -76.40429, -11.40923 ], [ -76.40142, -11.40285 ], [ -76.41344, -11.38493 ], [ -76.41411, -11.37955 ], [ -76.42006, -11.37509 ], [ -76.42268, -11.35486 ], [ -76.42781, -11.35152 ], [ -76.43035, -11.34586 ], [ -76.44834, -11.34592 ], [ -76.45727, -11.33259 ], [ -76.45021, -11.32848 ], [ -76.44545, -11.33015 ], [ -76.42561, -11.32488 ], [ -76.42215, -11.31854 ], [ -76.42793, -11.30961 ], [ -76.42241, -11.30313 ], [ -76.41684, -11.30324 ], [ -76.41395, -11.30064 ], [ -76.40199, -11.30381 ], [ -76.39682, -11.31555 ], [ -76.39181, -11.31759 ], [ -76.3747, -11.31325 ], [ -76.36475, -11.30775 ], [ -76.35794, -11.31339 ], [ -76.3384, -11.30663 ], [ -76.33498, -11.30737 ], [ -76.32394, -11.29575 ], [ -76.31552, -11.29326 ], [ -76.30899, -11.29349 ], [ -76.30285, -11.29945 ], [ -76.28858, -11.30346 ], [ -76.28515, -11.29665 ], [ -76.27476, -11.29079 ], [ -76.26726, -11.28239 ], [ -76.26307, -11.28249 ], [ -76.2522, -11.27547 ], [ -76.25041, -11.26977 ], [ -76.25282, -11.26191 ], [ -76.24853, -11.25451 ], [ -76.24328, -11.25542 ], [ -76.23665, -11.25068 ], [ -76.22641, -11.25051 ], [ -76.20889, -11.24215 ], [ -76.19793, -11.24224 ], [ -76.18816, -11.23885 ] ] ] } },
{ "type": "Feature", "properties": { "UBIGEO_INEI": "170303", "DEPARTAMEN": "MADRE DE DIOS", "PROVINCIA": "TAHUAMANU", "DISTRITO": "TAHUAMANU" }, "geometry": { "type": "Polygon", "coordinates": [ [ [ -69.22833, -11.49982 ], [ -69.10345, -11.68135 ], [ -68.99984, -11.86111 ], [ -68.97029, -11.91315 ], [ -68.9709, -11.9141 ], [ -68.97282, -11.90942 ], [ -68.97681, -11.91146 ], [ -68.98173, -11.90791 ], [ -68.9866, -11.91274 ], [ -68.98895, -11.9135 ], [ -68.99013, -11.9109 ], [ -68.994, -11.91487 ], [ -68.99546, -11.91317 ], [ -68.9956, -11.91495 ], [ -68.99951, -11.91523 ], [ -68.99819, -11.91299 ], [ -69.00279, -11.91236 ], [ -69.00967, -11.91495 ], [ -69.01226, -11.91255 ], [ -69.01877, -11.91991 ], [ -69.02577, -11.91637 ], [ -69.02673, -11.91336 ], [ -69.03337, -11.91348 ], [ -69.03711, -11.91662 ], [ -69.03847, -11.91516 ], [ -69.04028, -11.91789 ], [ -69.04635, -11.91401 ], [ -69.04656, -11.91694 ], [ -69.05, -11.91659 ], [ -69.0492, -11.91469 ], [ -69.0528, -11.91265 ], [ -69.05598, -11.91465 ], [ -69.05733, -11.90863 ], [ -69.05904, -11.9099 ], [ -69.06049, -11.90704 ], [ -69.06066, -11.90914 ], [ -69.06573, -11.91008 ], [ -69.06646, -11.90782 ], [ -69.07125, -11.90974 ], [ -69.08202, -11.90611 ], [ -69.08645, -11.91052 ], [ -69.0917, -11.9094 ], [ -69.09569, -11.92124 ], [ -69.10008, -11.9202 ], [ -69.09762, -11.92426 ], [ -69.10098, -11.92193 ], [ -69.1026, -11.92532 ], [ -69.10416, -11.92203 ], [ -69.10718, -11.92658 ], [ -69.10834, -11.9249 ], [ -69.11581, -11.93184 ], [ -69.11758, -11.92954 ], [ -69.11977, -11.93079 ], [ -69.12025, -11.92756 ], [ -69.12496, -11.92805 ], [ -69.12494, -11.92536 ], [ -69.12759, -11.92452 ], [ -69.12546, -11.92126 ], [ -69.12879, -11.92174 ], [ -69.13383, -11.91547 ], [ -69.14042, -11.91829 ], [ -69.14661, -11.91515 ], [ -69.14912, -11.91673 ], [ -69.14899, -11.91156 ], [ -69.16171, -11.91489 ], [ -69.16727, -11.91454 ], [ -69.17106, -11.91045 ], [ -69.17675, -11.91439 ], [ -69.17771, -11.91265 ], [ -69.1804, -11.91394 ], [ -69.18021, -11.91097 ], [ -69.18306, -11.91405 ], [ -69.1852, -11.91048 ], [ -69.18658, -11.91257 ], [ -69.19037, -11.91134 ], [ -69.19017, -11.90565 ], [ -69.19317, -11.90167 ], [ -69.1969, -11.89957 ], [ -69.19909, -11.9019 ], [ -69.20272, -11.90017 ], [ -69.20215, -11.89807 ], [ -69.20521, -11.89935 ], [ -69.20669, -11.89522 ], [ -69.20799, -11.89658 ], [ -69.21307, -11.89304 ], [ -69.21739, -11.89897 ], [ -69.21956, -11.89735 ], [ -69.2185, -11.89554 ], [ -69.22372, -11.89252 ], [ -69.22219, -11.88973 ], [ -69.22855, -11.89008 ], [ -69.23172, -11.88422 ], [ -69.23581, -11.88261 ], [ -69.24447, -11.88271 ], [ -69.24541, -11.88897 ], [ -69.24754, -11.88784 ], [ -69.24776, -11.89138 ], [ -69.25171, -11.89181 ], [ -69.25252, -11.89656 ], [ -69.25855, -11.89287 ], [ -69.26019, -11.89755 ], [ -69.26169, -11.89549 ], [ -69.26268, -11.89804 ], [ -69.26534, -11.89752 ], [ -69.26503, -11.89547 ], [ -69.26833, -11.89582 ], [ -69.27197, -11.89806 ], [ -69.2728, -11.90179 ], [ -69.27979, -11.90081 ], [ -69.28179, -11.90491 ], [ -69.29026, -11.89824 ], [ -69.29599, -11.90456 ], [ -69.30088, -11.90311 ], [ -69.30318, -11.90642 ], [ -69.30604, -11.90499 ], [ -69.30602, -11.9076 ], [ -69.30887, -11.90711 ], [ -69.31139, -11.91042 ], [ -69.3119, -11.90827 ], [ -69.31339, -11.91048 ], [ -69.3176, -11.90846 ], [ -69.31849, -11.90333 ], [ -69.32065, -11.90429 ], [ -69.32389, -11.90075 ], [ -69.32544, -11.90393 ], [ -69.33114, -11.90422 ], [ -69.33308, -11.90206 ], [ -69.33613, -11.90804 ], [ -69.33853, -11.90706 ], [ -69.33825, -11.90385 ], [ -69.34815, -11.90078 ], [ -69.35025, -11.902 ], [ -69.35065, -11.89952 ], [ -69.35216, -11.90212 ], [ -69.35683, -11.90237 ], [ -69.35913, -11.89689 ], [ -69.36411, -11.8944 ], [ -69.3656, -11.89596 ], [ -69.36555, -11.89337 ], [ -69.36812, -11.89392 ], [ -69.36713, -11.89202 ], [ -69.36985, -11.89219 ], [ -69.37498, -11.88573 ], [ -69.38493, -11.88068 ], [ -69.38654, -11.88387 ], [ -69.39305, -11.87758 ], [ -69.39559, -11.87992 ], [ -69.40638, -11.8732 ], [ -69.40991, -11.87397 ], [ -69.41396, -11.86676 ], [ -69.41579, -11.86841 ], [ -69.42496, -11.86603 ], [ -69.43321, -11.87245 ], [ -69.44062, -11.86799 ], [ -69.45179, -11.87304 ], [ -69.45162, -11.87536 ], [ -69.46738, -11.87234 ], [ -69.47309, -11.86166 ], [ -69.47796, -11.86059 ], [ -69.48005, -11.85644 ], [ -69.48412, -11.85728 ], [ -69.495, -11.84494 ], [ -69.50439, -11.84473 ], [ -69.50491, -11.84733 ], [ -69.50931, -11.84353 ], [ -69.51238, -11.84547 ], [ -69.51428, -11.8405 ], [ -69.51968, -11.84027 ], [ -69.52029, -11.842 ], [ -69.52436, -11.83947 ], [ -69.52716, -11.84176 ], [ -69.52535, -11.83653 ], [ -69.52816, -11.83652 ], [ -69.52836, -11.83315 ], [ -69.52541, -11.83148 ], [ -69.52692, -11.82729 ], [ -69.52887, -11.82758 ], [ -69.52866, -11.82519 ], [ -69.53747, -11.82443 ], [ -69.53651, -11.82035 ], [ -69.54887, -11.82028 ], [ -69.54683, -11.81384 ], [ -69.55324, -11.81181 ], [ -69.5524, -11.80794 ], [ -69.55495, -11.80748 ], [ -69.5552, -11.80265 ], [ -69.55805, -11.8002 ], [ -69.56296, -11.79903 ], [ -69.56439, -11.80075 ], [ -69.56698, -11.79685 ], [ -69.56879, -11.80112 ], [ -69.57303, -11.79726 ], [ -69.58427, -11.79563 ], [ -69.58508, -11.79187 ], [ -69.58197, -11.78678 ], [ -69.58598, -11.78506 ], [ -69.58338, -11.78197 ], [ -69.5887, -11.78113 ], [ -69.58779, -11.77728 ], [ -69.58955, -11.77896 ], [ -69.61211, -11.77413 ], [ -69.61397, -11.77132 ], [ -69.61205, -11.7675 ], [ -69.62661, -11.76022 ], [ -69.63164, -11.76284 ], [ -69.63224, -11.76628 ], [ -69.63691, -11.76195 ], [ -69.6443, -11.76544 ], [ -69.64317, -11.76755 ], [ -69.64758, -11.77048 ], [ -69.65334, -11.76538 ], [ -69.6552, -11.75878 ], [ -69.66773, -11.75839 ], [ -69.66875, -11.76162 ], [ -69.66674, -11.76353 ], [ -69.66997, -11.76246 ], [ -69.66969, -11.76623 ], [ -69.67427, -11.76714 ], [ -69.67616, -11.77003 ], [ -69.67789, -11.76507 ], [ -69.68262, -11.76944 ], [ -69.68566, -11.76844 ], [ -69.69072, -11.77157 ], [ -69.69421, -11.76968 ], [ -69.69789, -11.77818 ], [ -69.69642, -11.78068 ], [ -69.70233, -11.78079 ], [ -69.70235, -11.78289 ], [ -69.70728, -11.78392 ], [ -69.70558, -11.7864 ], [ -69.71051, -11.79482 ], [ -69.71647, -11.78943 ], [ -69.72086, -11.79046 ], [ -69.72674, -11.80042 ], [ -69.7252, -11.80339 ], [ -69.72254, -11.80322 ], [ -69.72503, -11.80624 ], [ -69.7302, -11.80305 ], [ -69.73433, -11.8034 ], [ -69.73585, -11.80054 ], [ -69.73409, -11.79887 ], [ -69.73959, -11.79628 ], [ -69.74202, -11.79894 ], [ -69.75522, -11.80225 ], [ -69.75489, -11.8068 ], [ -69.75751, -11.80475 ], [ -69.75879, -11.80721 ], [ -69.75996, -11.80411 ], [ -69.76761, -11.8023 ], [ -69.7682, -11.79899 ], [ -69.77219, -11.79867 ], [ -69.7732, -11.79615 ], [ -69.7786, -11.79923 ], [ -69.78289, -11.79624 ], [ -69.78453, -11.79867 ], [ -69.78502, -11.79521 ], [ -69.78817, -11.79408 ], [ -69.79477, -11.79731 ], [ -69.79716, -11.79485 ], [ -69.8032, -11.79571 ], [ -69.80876, -11.79121 ], [ -69.8062, -11.79103 ], [ -69.80857, -11.78797 ], [ -69.80741, -11.78599 ], [ -69.81399, -11.78287 ], [ -69.81466, -11.78588 ], [ -69.81728, -11.78279 ], [ -69.81746, -11.78474 ], [ -69.82848, -11.79005 ], [ -69.83942, -11.78472 ], [ -69.84123, -11.78109 ], [ -69.85021, -11.78183 ], [ -69.85371, -11.77746 ], [ -69.86072, -11.77928 ], [ -69.86375, -11.77397 ], [ -69.86826, -11.77519 ], [ -69.86839, -11.77184 ], [ -69.87332, -11.76658 ], [ -69.87831, -11.76655 ], [ -69.87972, -11.76918 ], [ -69.88578, -11.76282 ], [ -69.89055, -11.76377 ], [ -69.89819, -11.75983 ], [ -69.90179, -11.75451 ], [ -69.90131, -11.75116 ], [ -69.90888, -11.74555 ], [ -69.90811, -11.73729 ], [ -69.91664, -11.73596 ], [ -69.92099, -11.73945 ], [ -69.92294, -11.72699 ], [ -69.92749, -11.72587 ], [ -69.93126, -11.72882 ], [ -69.9318, -11.73268 ], [ -69.93643, -11.73273 ], [ -69.93649, -11.73525 ], [ -69.93906, -11.73402 ], [ -69.93776, -11.73149 ], [ -69.94215, -11.72629 ], [ -69.94514, -11.72891 ], [ -69.94635, -11.72556 ], [ -69.95406, -11.72046 ], [ -69.95326, -11.71721 ], [ -69.96078, -11.70958 ], [ -69.96535, -11.70846 ], [ -69.96638, -11.71038 ], [ -69.96935, -11.70821 ], [ -69.97421, -11.71441 ], [ -69.98393, -11.71291 ], [ -69.99571, -11.70141 ], [ -70.00312, -11.70618 ], [ -70.00546, -11.70398 ], [ -70.00954, -11.70671 ], [ -70.0141, -11.70641 ], [ -70.01378, -11.70828 ], [ -70.03099, -11.70998 ], [ -70.03406, -11.70319 ], [ -70.04071, -11.7033 ], [ -70.04781, -11.69673 ], [ -70.04954, -11.69018 ], [ -70.05578, -11.68512 ], [ -70.06146, -11.68538 ], [ -70.07206, -11.681 ], [ -70.0723, -11.67655 ], [ -70.07736, -11.67022 ], [ -70.09027, -11.67559 ], [ -70.09643, -11.67087 ], [ -70.11582, -11.6666 ], [ -70.12927, -11.65362 ], [ -70.13258, -11.65576 ], [ -70.13518, -11.64416 ], [ -70.13926, -11.64524 ], [ -70.14164, -11.64213 ], [ -70.14437, -11.64453 ], [ -70.14949, -11.63823 ], [ -70.15628, -11.63787 ], [ -70.17806, -11.62652 ], [ -70.1873, -11.61651 ], [ -70.19165, -11.60218 ], [ -70.21443, -11.58528 ], [ -70.21792, -11.57159 ], [ -70.22513, -11.56913 ], [ -70.23236, -11.56185 ], [ -70.24005, -11.55844 ], [ -70.24106, -11.54286 ], [ -70.25669, -11.53093 ], [ -70.26117, -11.51967 ], [ -70.2613, -11.51051 ], [ -70.27431, -11.49612 ], [ -70.27877, -11.48783 ], [ -70.27926, -11.47489 ], [ -70.28754, -11.47043 ], [ -70.28987, -11.46119 ], [ -70.30442, -11.45205 ], [ -70.31179, -11.45292 ], [ -70.31954, -11.44971 ], [ -70.32934, -11.45262 ], [ -70.34158, -11.44558 ], [ -70.35396, -11.45381 ], [ -70.35777, -11.4538 ], [ -70.36253, -11.44511 ], [ -70.37267, -11.4371 ], [ -70.3613, -11.43564 ], [ -70.33368, -11.43853 ], [ -70.32216, -11.43393 ], [ -70.30709, -11.43503 ], [ -70.29344, -11.44185 ], [ -70.28519, -11.44279 ], [ -70.27632, -11.44031 ], [ -70.26438, -11.45016 ], [ -70.2591, -11.45126 ], [ -70.25303, -11.45848 ], [ -70.23445, -11.4667 ], [ -70.23099, -11.47438 ], [ -70.21864, -11.47936 ], [ -70.20866, -11.47912 ], [ -70.2043, -11.48728 ], [ -70.19487, -11.49171 ], [ -70.17773, -11.49438 ], [ -70.15931, -11.50427 ], [ -70.15151, -11.50071 ], [ -70.13267, -11.50325 ], [ -70.12835, -11.50922 ], [ -70.11162, -11.51279 ], [ -70.09791, -11.5098 ], [ -70.09016, -11.50521 ], [ -70.0839, -11.50507 ], [ -70.07895, -11.50132 ], [ -70.07374, -11.50155 ], [ -70.06882, -11.49496 ], [ -70.0689, -11.49095 ], [ -70.05573, -11.48781 ], [ -70.05646, -11.49629 ], [ -70.04335, -11.50839 ], [ -70.02321, -11.51124 ], [ -70.01241, -11.50649 ], [ -70.00594, -11.51723 ], [ -70.0, -11.52197 ], [ -69.98524, -11.52163 ], [ -69.9801, -11.52621 ], [ -69.95712, -11.533 ], [ -69.94708, -11.5446 ], [ -69.94589, -11.55414 ], [ -69.93832, -11.56163 ], [ -69.91889, -11.56214 ], [ -69.91092, -11.57048 ], [ -69.90144, -11.57002 ], [ -69.88958, -11.56503 ], [ -69.87605, -11.56505 ], [ -69.86743, -11.57359 ], [ -69.87256, -11.58304 ], [ -69.8715, -11.58998 ], [ -69.86817, -11.59377 ], [ -69.86773, -11.60276 ], [ -69.84998, -11.61579 ], [ -69.84092, -11.61138 ], [ -69.83571, -11.61642 ], [ -69.82618, -11.61657 ], [ -69.81662, -11.61099 ], [ -69.81317, -11.60269 ], [ -69.80724, -11.60437 ], [ -69.80378, -11.61007 ], [ -69.79862, -11.61302 ], [ -69.79183, -11.61028 ], [ -69.78975, -11.60623 ], [ -69.78287, -11.60514 ], [ -69.76691, -11.61493 ], [ -69.75992, -11.62369 ], [ -69.73772, -11.63551 ], [ -69.73404, -11.63432 ], [ -69.73112, -11.62732 ], [ -69.72224, -11.62863 ], [ -69.71709, -11.62462 ], [ -69.70982, -11.6268 ], [ -69.69483, -11.63722 ], [ -69.69311, -11.64077 ], [ -69.68669, -11.63853 ], [ -69.68401, -11.64265 ], [ -69.67118, -11.6292 ], [ -69.66572, -11.62775 ], [ -69.6597, -11.63259 ], [ -69.65389, -11.63355 ], [ -69.65537, -11.63637 ], [ -69.64748, -11.63842 ], [ -69.64626, -11.63556 ], [ -69.63998, -11.63299 ], [ -69.63677, -11.63961 ], [ -69.62858, -11.64454 ], [ -69.62825, -11.64153 ], [ -69.62159, -11.64306 ], [ -69.61929, -11.63792 ], [ -69.61537, -11.63768 ], [ -69.6124, -11.64777 ], [ -69.60667, -11.64881 ], [ -69.60391, -11.64529 ], [ -69.60392, -11.64894 ], [ -69.59759, -11.64704 ], [ -69.59463, -11.65269 ], [ -69.5907, -11.65254 ], [ -69.59059, -11.657 ], [ -69.58626, -11.65407 ], [ -69.5875, -11.65813 ], [ -69.57523, -11.65616 ], [ -69.564, -11.66958 ], [ -69.56581, -11.67088 ], [ -69.56295, -11.67487 ], [ -69.55946, -11.67416 ], [ -69.55898, -11.67676 ], [ -69.55791, -11.67446 ], [ -69.55424, -11.67648 ], [ -69.53941, -11.67421 ], [ -69.53864, -11.67935 ], [ -69.533, -11.68062 ], [ -69.53176, -11.6839 ], [ -69.52521, -11.67713 ], [ -69.51905, -11.68021 ], [ -69.5145, -11.67895 ], [ -69.51215, -11.68184 ], [ -69.51141, -11.67828 ], [ -69.50761, -11.67891 ], [ -69.33658, -11.32809 ], [ -69.22833, -11.49982 ] ] ] } },
{ "type": "Feature", "properties": { "UBIGEO_INEI": "211203", "DEPARTAMEN": "PUNO", "PROVINCIA": "SANDIA", "DISTRITO": "LIMBANI" }, "geometry": { "type": "Polygon", "coordinates": [ [ [ -69.64749, -13.34131 ], [ -69.63973, -13.35601 ], [ -69.62977, -13.36404 ], [ -69.61102, -13.36823 ], [ -69.59707, -13.3659 ], [ -69.58185, -13.36754 ], [ -69.56321, -13.36227 ], [ -69.5569, -13.36858 ], [ -69.55709, -13.37911 ], [ -69.56098, -13.38725 ], [ -69.53389, -13.40011 ], [ -69.51865, -13.4008 ], [ -69.49416, -13.39405 ], [ -69.48418, -13.39631 ], [ -69.48202, -13.40072 ], [ -69.48288, -13.4146 ], [ -69.47903, -13.42499 ], [ -69.47507, -13.42818 ], [ -69.47503, -13.43693 ], [ -69.47274, -13.43879 ], [ -69.46482, -13.43765 ], [ -69.46254, -13.43975 ], [ -69.46989, -13.44314 ], [ -69.46843, -13.44687 ], [ -69.47186, -13.45003 ], [ -69.46779, -13.45205 ], [ -69.46545, -13.45764 ], [ -69.46394, -13.45598 ], [ -69.46319, -13.45902 ], [ -69.4661, -13.46054 ], [ -69.45678, -13.47135 ], [ -69.47176, -13.47701 ], [ -69.47636, -13.48315 ], [ -69.47781, -13.4911 ], [ -69.47401, -13.49408 ], [ -69.47446, -13.50736 ], [ -69.46919, -13.5133 ], [ -69.45241, -13.51319 ], [ -69.45096, -13.51846 ], [ -69.45521, -13.52358 ], [ -69.45498, -13.53367 ], [ -69.44824, -13.53609 ], [ -69.44554, -13.53985 ], [ -69.44643, -13.54301 ], [ -69.46994, -13.55799 ], [ -69.46772, -13.56422 ], [ -69.46413, -13.56687 ], [ -69.46708, -13.57421 ], [ -69.47129, -13.57751 ], [ -69.46843, -13.58469 ], [ -69.47359, -13.59356 ], [ -69.47347, -13.60221 ], [ -69.46135, -13.60951 ], [ -69.45629, -13.61591 ], [ -69.44157, -13.61618 ], [ -69.43778, -13.62282 ], [ -69.42738, -13.6216 ], [ -69.4139, -13.62409 ], [ -69.41316, -13.6299 ], [ -69.40726, -13.63375 ], [ -69.39733, -13.63259 ], [ -69.39, -13.63724 ], [ -69.39109, -13.64445 ], [ -69.38362, -13.65135 ], [ -69.38132, -13.66333 ], [ -69.37136, -13.66746 ], [ -69.36351, -13.68008 ], [ -69.35543, -13.68589 ], [ -69.36129, -13.7097 ], [ -69.34908, -13.72043 ], [ -69.35277, -13.73224 ], [ -69.33483, -13.75019 ], [ -69.3342, -13.76195 ], [ -69.32809, -13.77232 ], [ -69.33196, -13.79125 ], [ -69.33826, -13.80029 ], [ -69.34853, -13.80309 ], [ -69.35121, -13.81113 ], [ -69.34326, -13.82628 ], [ -69.3486, -13.8393 ], [ -69.35664, -13.84219 ], [ -69.35731, -13.84911 ], [ -69.36406, -13.85324 ], [ -69.3636, -13.86158 ], [ -69.36772, -13.86851 ], [ -69.38841, -13.86348 ], [ -69.39918, -13.85512 ], [ -69.39837, -13.85165 ], [ -69.40384, -13.84268 ], [ -69.41743, -13.84124 ], [ -69.42122, -13.83316 ], [ -69.42988, -13.83417 ], [ -69.4425, -13.82715 ], [ -69.44852, -13.82876 ], [ -69.45368, -13.82507 ], [ -69.46114, -13.82844 ], [ -69.47498, -13.8548 ], [ -69.49228, -13.84797 ], [ -69.49885, -13.84151 ], [ -69.51367, -13.85083 ], [ -69.53516, -13.84494 ], [ -69.54039, -13.85107 ], [ -69.54914, -13.85213 ], [ -69.56945, -13.86663 ], [ -69.57065, -13.88537 ], [ -69.55462, -13.90446 ], [ -69.55128, -13.91559 ], [ -69.57693, -13.91741 ], [ -69.58555, -13.92551 ], [ -69.60131, -13.92271 ], [ -69.59869, -13.91574 ], [ -69.60725, -13.91855 ], [ -69.611, -13.93083 ], [ -69.62185, -13.9412 ], [ -69.62158, -13.94719 ], [ -69.6136, -13.955 ], [ -69.61605, -13.95728 ], [ -69.61404, -13.96254 ], [ -69.62096, -13.96793 ], [ -69.6185, -13.97208 ], [ -69.62034, -13.97939 ], [ -69.61843, -13.98269 ], [ -69.62751, -13.98734 ], [ -69.62901, -13.99431 ], [ -69.64193, -14.00644 ], [ -69.63484, -14.01129 ], [ -69.62929, -14.02279 ], [ -69.60907, -14.03767 ], [ -69.60889, -14.04287 ], [ -69.61398, -14.04978 ], [ -69.61263, -14.05276 ], [ -69.62152, -14.06189 ], [ -69.62292, -14.06969 ], [ -69.62949, -14.07406 ], [ -69.63232, -14.08229 ], [ -69.63613, -14.0834 ], [ -69.64063, -14.09152 ], [ -69.6408, -14.09518 ], [ -69.65336, -14.10917 ], [ -69.65732, -14.10999 ], [ -69.6701, -14.10332 ], [ -69.68225, -14.10634 ], [ -69.69061, -14.10564 ], [ -69.68858, -14.11051 ], [ -69.67983, -14.11346 ], [ -69.67249, -14.12775 ], [ -69.67656, -14.14127 ], [ -69.67803, -14.15937 ], [ -69.67389, -14.1733 ], [ -69.68349, -14.18452 ], [ -69.68116, -14.19711 ], [ -69.69129, -14.20096 ], [ -69.697, -14.22094 ], [ -69.70746, -14.22556 ], [ -69.70598, -14.22917 ], [ -69.71779, -14.25035 ], [ -69.71938, -14.26458 ], [ -69.71274, -14.26751 ], [ -69.71329, -14.27538 ], [ -69.72813, -14.28162 ], [ -69.72815, -14.28602 ], [ -69.73727, -14.30232 ], [ -69.73197, -14.3178 ], [ -69.73535, -14.3237 ], [ -69.73626, -14.33375 ], [ -69.75588, -14.33584 ], [ -69.76713, -14.32796 ], [ -69.7694, -14.31787 ], [ -69.78323, -14.31199 ], [ -69.78029, -14.30445 ], [ -69.78153, -14.2848 ], [ -69.78633, -14.27499 ], [ -69.79451, -14.27299 ], [ -69.80048, -14.26823 ], [ -69.81149, -14.27137 ], [ -69.81711, -14.26893 ], [ -69.82399, -14.26845 ], [ -69.82783, -14.27134 ], [ -69.83189, -14.26934 ], [ -69.84007, -14.27463 ], [ -69.84336, -14.26632 ], [ -69.85159, -14.26213 ], [ -69.85351, -14.25489 ], [ -69.84994, -14.25147 ], [ -69.84908, -14.24638 ], [ -69.8511, -14.23172 ], [ -69.84332, -14.22117 ], [ -69.85045, -14.21217 ], [ -69.84124, -14.20664 ], [ -69.84033, -14.19211 ], [ -69.83297, -14.18512 ], [ -69.82678, -14.1737 ], [ -69.82703, -14.16754 ], [ -69.82333, -14.1619 ], [ -69.8261, -14.15439 ], [ -69.82524, -14.14722 ], [ -69.83251, -14.14392 ], [ -69.83291, -14.13817 ], [ -69.82113, -14.13112 ], [ -69.81521, -14.11173 ], [ -69.80838, -14.10365 ], [ -69.80606, -14.08332 ], [ -69.79783, -14.07238 ], [ -69.79754, -14.06667 ], [ -69.79213, -14.06591 ], [ -69.77959, -14.05422 ], [ -69.77817, -14.04582 ], [ -69.76804, -14.03699 ], [ -69.76476, -14.03693 ], [ -69.76466, -14.03084 ], [ -69.75272, -14.03493 ], [ -69.72538, -14.01916 ], [ -69.7232, -13.97697 ], [ -69.70493, -13.9521 ], [ -69.70221, -13.93578 ], [ -69.6993, -13.93229 ], [ -69.67579, -13.92063 ], [ -69.66497, -13.90536 ], [ -69.66558, -13.89545 ], [ -69.66314, -13.89252 ], [ -69.66446, -13.88238 ], [ -69.67163, -13.87392 ], [ -69.67684, -13.8742 ], [ -69.67767, -13.87039 ], [ -69.6978, -13.86695 ], [ -69.70852, -13.85886 ], [ -69.72002, -13.84174 ], [ -69.72845, -13.84109 ], [ -69.73456, -13.83141 ], [ -69.73117, -13.82727 ], [ -69.73373, -13.81636 ], [ -69.73246, -13.81169 ], [ -69.74944, -13.80573 ], [ -69.75309, -13.79606 ], [ -69.76171, -13.79224 ], [ -69.76363, -13.78473 ], [ -69.77094, -13.77639 ], [ -69.7759, -13.77417 ], [ -69.77524, -13.77143 ], [ -69.77912, -13.7661 ], [ -69.77777, -13.7589 ], [ -69.78391, -13.75437 ], [ -69.7858, -13.7497 ], [ -69.7842, -13.74312 ], [ -69.7787, -13.7389 ], [ -69.77403, -13.73908 ], [ -69.76909, -13.74557 ], [ -69.76197, -13.73806 ], [ -69.75372, -13.73789 ], [ -69.75389, -13.72606 ], [ -69.74941, -13.7238 ], [ -69.74832, -13.71831 ], [ -69.75147, -13.7122 ], [ -69.74601, -13.6906 ], [ -69.75224, -13.68046 ], [ -69.75236, -13.67653 ], [ -69.74416, -13.65861 ], [ -69.73497, -13.64892 ], [ -69.73153, -13.63847 ], [ -69.72629, -13.63469 ], [ -69.72854, -13.63226 ], [ -69.72589, -13.63084 ], [ -69.72641, -13.62325 ], [ -69.72394, -13.62277 ], [ -69.72233, -13.61727 ], [ -69.72353, -13.61321 ], [ -69.72179, -13.61136 ], [ -69.7236, -13.61066 ], [ -69.72083, -13.6041 ], [ -69.71854, -13.60428 ], [ -69.72605, -13.592 ], [ -69.72213, -13.59109 ], [ -69.7232, -13.58886 ], [ -69.72037, -13.58741 ], [ -69.72189, -13.58363 ], [ -69.7181, -13.57849 ], [ -69.71961, -13.57808 ], [ -69.71664, -13.57135 ], [ -69.71667, -13.56352 ], [ -69.71406, -13.5644 ], [ -69.71272, -13.56156 ], [ -69.71249, -13.55157 ], [ -69.70697, -13.54933 ], [ -69.71142, -13.54208 ], [ -69.71091, -13.53733 ], [ -69.7093, -13.53458 ], [ -69.70194, -13.53413 ], [ -69.70277, -13.53113 ], [ -69.69966, -13.52993 ], [ -69.69624, -13.5217 ], [ -69.69694, -13.51896 ], [ -69.70016, -13.52171 ], [ -69.70566, -13.51898 ], [ -69.71458, -13.52102 ], [ -69.71887, -13.51714 ], [ -69.71919, -13.51333 ], [ -69.72726, -13.51202 ], [ -69.73064, -13.5086 ], [ -69.73442, -13.50949 ], [ -69.73706, -13.5057 ], [ -69.73233, -13.50287 ], [ -69.72879, -13.49415 ], [ -69.72377, -13.49223 ], [ -69.71861, -13.49546 ], [ -69.71314, -13.50558 ], [ -69.70709, -13.50421 ], [ -69.7044, -13.49967 ], [ -69.69098, -13.50446 ], [ -69.68356, -13.50149 ], [ -69.67191, -13.48436 ], [ -69.66895, -13.47521 ], [ -69.67195, -13.46602 ], [ -69.6792, -13.46184 ], [ -69.6792, -13.45772 ], [ -69.66551, -13.45486 ], [ -69.65444, -13.45861 ], [ -69.65627, -13.45189 ], [ -69.64994, -13.43239 ], [ -69.65118, -13.42674 ], [ -69.643, -13.4168 ], [ -69.64182, -13.40837 ], [ -69.63789, -13.41026 ], [ -69.63231, -13.40826 ], [ -69.63864, -13.40272 ], [ -69.63961, -13.39793 ], [ -69.64701, -13.39176 ], [ -69.64904, -13.38374 ], [ -69.65413, -13.37979 ], [ -69.65292, -13.37486 ], [ -69.65511, -13.37153 ], [ -69.64986, -13.34172 ], [ -69.64749, -13.34131 ] ] ] } },
{ "type": "Feature", "properties": { "UBIGEO_INEI": "150127", "DEPARTAMEN": "LIMA", "PROVINCIA": "LIMA", "DISTRITO": "PUNTA NEGRA" }, "geometry": { "type": "Polygon", "coordinates": [ [ [ -76.64305, -12.21215 ], [ -76.6375, -12.21922 ], [ -76.62211, -12.22532 ], [ -76.62096, -12.23817 ], [ -76.62537, -12.24528 ], [ -76.62509, -12.25175 ], [ -76.63679, -12.27936 ], [ -76.65138, -12.28625 ], [ -76.65417, -12.30506 ], [ -76.663, -12.30874 ], [ -76.66986, -12.31967 ], [ -76.67399, -12.31952 ], [ -76.67842, -12.33349 ], [ -76.69646, -12.34066 ], [ -76.70244, -12.33887 ], [ -76.73214, -12.34351 ], [ -76.75519, -12.35703 ], [ -76.7662, -12.36803 ], [ -76.7892, -12.38393 ], [ -76.78963, -12.37924 ], [ -76.79949, -12.36847 ], [ -76.79942, -12.36228 ], [ -76.81712, -12.35236 ], [ -76.81712, -12.34597 ], [ -76.79199, -12.32663 ], [ -76.7745, -12.32132 ], [ -76.77049, -12.31528 ], [ -76.764, -12.31136 ], [ -76.76252, -12.30658 ], [ -76.7546, -12.30943 ], [ -76.74317, -12.29609 ], [ -76.72658, -12.295 ], [ -76.71844, -12.28533 ], [ -76.70189, -12.27242 ], [ -76.69354, -12.26984 ], [ -76.66562, -12.24377 ], [ -76.66144, -12.23504 ], [ -76.66171, -12.23052 ], [ -76.65417, -12.22125 ], [ -76.65368, -12.2159 ], [ -76.64305, -12.21215 ] ] ] } },
{ "type": "Feature", "properties": { "UBIGEO_INEI": "150801", "DEPARTAMEN": "LIMA", "PROVINCIA": "HUAURA", "DISTRITO": "HUACHO" }, "geometry": { "type": "Polygon", "coordinates": [ [ [ -77.59603, -11.10005 ], [ -77.59345, -11.12336 ], [ -77.58685, -11.12537 ], [ -77.57697, -11.13406 ], [ -77.56465, -11.12693 ], [ -77.56016, -11.11945 ], [ -77.5508, -11.12434 ], [ -77.53667, -11.12035 ], [ -77.52629, -11.12231 ], [ -77.52182, -11.11698 ], [ -77.51999, -11.10752 ], [ -77.50259, -11.10604 ], [ -77.48554, -11.11238 ], [ -77.47892, -11.1232 ], [ -77.46524, -11.13053 ], [ -77.45911, -11.139 ], [ -77.45339, -11.14049 ], [ -77.4489, -11.15018 ], [ -77.42344, -11.15572 ], [ -77.41557, -11.15996 ], [ -77.41245, -11.1686 ], [ -77.41637, -11.1792 ], [ -77.42619, -11.194 ], [ -77.44226, -11.2028 ], [ -77.44742, -11.23196 ], [ -77.44566, -11.24313 ], [ -77.42494, -11.25717 ], [ -77.40864, -11.26415 ], [ -77.40225, -11.273 ], [ -77.39351, -11.27503 ], [ -77.38897, -11.28465 ], [ -77.39163, -11.29336 ], [ -77.38741, -11.30547 ], [ -77.38021, -11.31377 ], [ -77.37386, -11.31713 ], [ -77.35604, -11.31917 ], [ -77.34361, -11.31276 ], [ -77.33575, -11.31185 ], [ -77.32704, -11.31377 ], [ -77.32229, -11.31743 ], [ -77.33119, -11.33429 ], [ -77.33299, -11.34419 ], [ -77.32943, -11.35436 ], [ -77.32004, -11.3653 ], [ -77.32398, -11.38548 ], [ -77.33432, -11.39852 ], [ -77.34492, -11.40238 ], [ -77.35456, -11.40294 ], [ -77.37005, -11.41467 ], [ -77.37789, -11.4282 ], [ -77.37743, -11.43561 ], [ -77.38241, -11.4427 ], [ -77.38269, -11.44718 ], [ -77.49814, -11.37715 ], [ -77.60162, -11.32337 ], [ -77.63253, -11.30859 ], [ -77.64615, -11.30472 ], [ -77.64697, -11.30159 ], [ -77.64835, -11.30274 ], [ -77.64587, -11.2964 ], [ -77.65423, -11.29124 ], [ -77.64329, -11.29052 ], [ -77.64009, -11.27561 ], [ -77.64591, -11.25647 ], [ -77.6486, -11.25423 ], [ -77.64637, -11.24923 ], [ -77.6499, -11.24464 ], [ -77.64927, -11.2397 ], [ -77.64557, -11.23865 ], [ -77.64382, -11.23516 ], [ -77.64715, -11.22173 ], [ -77.64343, -11.21974 ], [ -77.64165, -11.21451 ], [ -77.63616, -11.21553 ], [ -77.63099, -11.21183 ], [ -77.62873, -11.21206 ], [ -77.62975, -11.21513 ], [ -77.6255, -11.21777 ], [ -77.61109, -11.21236 ], [ -77.60297, -11.21481 ], [ -77.59442, -11.20019 ], [ -77.59235, -11.18208 ], [ -77.59536, -11.16558 ], [ -77.60783, -11.14043 ], [ -77.62013, -11.1269 ], [ -77.61827, -11.12188 ], [ -77.61537, -11.12387 ], [ -77.61237, -11.12058 ], [ -77.61244, -11.11388 ], [ -77.61736, -11.10711 ], [ -77.6144, -11.1038 ], [ -77.6004, -11.10295 ], [ -77.59603, -11.10005 ] ] ] } },
{ "type": "Feature", "properties": { "UBIGEO_INEI": "151015", "DEPARTAMEN": "LIMA", "PROVINCIA": "YAUYOS", "DISTRITO": "HUANGASCAR" }, "geometry": { "type": "Polygon", "coordinates": [ [ [ -75.86031, -12.882 ], [ -75.85702, -12.8853 ], [ -75.83361, -12.88881 ], [ -75.82777, -12.89648 ], [ -75.8253, -12.90821 ], [ -75.81744, -12.9172 ], [ -75.7976, -12.92416 ], [ -75.7869, -12.93442 ], [ -75.79636, -12.95797 ], [ -75.7881, -12.9655 ], [ -75.78503, -12.97423 ], [ -75.78593, -12.9781 ], [ -75.79287, -12.98379 ], [ -75.79196, -12.98909 ], [ -75.7991, -12.98763 ], [ -75.80279, -12.98221 ], [ -75.81452, -12.98268 ], [ -75.8311, -12.97605 ], [ -75.84722, -12.96293 ], [ -75.84688, -12.95374 ], [ -75.85715, -12.92642 ], [ -75.84025, -12.92642 ], [ -75.83882, -12.92346 ], [ -75.84458, -12.91587 ], [ -75.85143, -12.89431 ], [ -75.86012, -12.88367 ], [ -75.86463, -12.88187 ], [ -75.86031, -12.882 ] ] ] } },
{ "type": "Feature", "properties": { "UBIGEO_INEI": "151023", "DEPARTAMEN": "LIMA", "PROVINCIA": "YAUYOS", "DISTRITO": "PUTINZA" }, "geometry": { "type": "Polygon", "coordinates": [ [ [ -75.9646, -12.61931 ], [ -75.94878, -12.62407 ], [ -75.93784, -12.63375 ], [ -75.92872, -12.63511 ], [ -75.92344, -12.63979 ], [ -75.91129, -12.64218 ], [ -75.90741, -12.64632 ], [ -75.85801, -12.66517 ], [ -75.853, -12.66953 ], [ -75.84955, -12.67687 ], [ -75.87925, -12.69396 ], [ -75.88889, -12.6924 ], [ -75.89944, -12.69716 ], [ -75.91202, -12.69761 ], [ -75.92231, -12.69475 ], [ -75.93293, -12.69527 ], [ -75.95234, -12.7051 ], [ -75.96779, -12.70497 ], [ -75.96359, -12.69118 ], [ -75.96281, -12.67308 ], [ -75.95749, -12.66421 ], [ -75.96654, -12.64777 ], [ -75.97274, -12.64624 ], [ -75.97862, -12.63277 ], [ -75.97112, -12.61993 ], [ -75.9646, -12.61931 ] ] ] } },
{ "type": "Feature", "properties": { "UBIGEO_INEI": "151002", "DEPARTAMEN": "LIMA", "PROVINCIA": "YAUYOS", "DISTRITO": "ALIS" }, "geometry": { "type": "Polygon", "coordinates": [ [ [ -75.77784, -12.23272 ], [ -75.77113, -12.24285 ], [ -75.76046, -12.23993 ], [ -75.75282, -12.24712 ], [ -75.74883, -12.2632 ], [ -75.73629, -12.28363 ], [ -75.73641, -12.29288 ], [ -75.73094, -12.29103 ], [ -75.72724, -12.27438 ], [ -75.72412, -12.27002 ], [ -75.7175, -12.27101 ], [ -75.704, -12.26296 ], [ -75.68901, -12.26957 ], [ -75.68009, -12.26723 ], [ -75.67067, -12.26809 ], [ -75.64494, -12.25686 ], [ -75.64107, -12.24704 ], [ -75.62943, -12.24605 ], [ -75.61612, -12.25649 ], [ -75.61589, -12.26478 ], [ -75.60916, -12.26772 ], [ -75.59145, -12.29734 ], [ -75.58641, -12.30078 ], [ -75.59018, -12.30538 ], [ -75.59254, -12.31556 ], [ -75.60153, -12.30665 ], [ -75.60759, -12.29597 ], [ -75.61534, -12.29248 ], [ -75.62182, -12.29795 ], [ -75.62722, -12.29879 ], [ -75.63047, -12.30773 ], [ -75.6504, -12.31428 ], [ -75.6746, -12.32779 ], [ -75.68318, -12.34268 ], [ -75.68991, -12.3455 ], [ -75.70299, -12.33787 ], [ -75.70888, -12.34118 ], [ -75.71572, -12.33715 ], [ -75.72545, -12.32544 ], [ -75.72701, -12.31896 ], [ -75.73944, -12.3156 ], [ -75.74828, -12.30725 ], [ -75.76315, -12.31476 ], [ -75.77468, -12.30455 ], [ -75.80197, -12.29824 ], [ -75.80713, -12.29281 ], [ -75.80416, -12.28589 ], [ -75.80491, -12.27613 ], [ -75.80709, -12.27212 ], [ -75.81335, -12.27361 ], [ -75.81133, -12.26795 ], [ -75.81278, -12.26392 ], [ -75.79773, -12.25832 ], [ -75.79007, -12.25203 ], [ -75.786, -12.25245 ], [ -75.78189, -12.23782 ], [ -75.77784, -12.23272 ] ] ] } },
{ "type": "Feature", "properties": { "UBIGEO_INEI": "151003", "DEPARTAMEN": "LIMA", "PROVINCIA": "YAUYOS", "DISTRITO": "ALLAUCA" }, "geometry": { "type": "Polygon", "coordinates": [ [ [ -76.02347, -12.42011 ], [ -76.01635, -12.42245 ], [ -76.01272, -12.42744 ], [ -76.01272, -12.43607 ], [ -76.01899, -12.44967 ], [ -76.03052, -12.45979 ], [ -76.0338, -12.46884 ], [ -76.03846, -12.47399 ], [ -76.03721, -12.4883 ], [ -76.04492, -12.505 ], [ -76.04557, -12.52093 ], [ -76.03769, -12.52718 ], [ -76.03529, -12.53257 ], [ -76.02987, -12.53406 ], [ -76.02655, -12.54361 ], [ -76.01547, -12.54892 ], [ -76.00994, -12.55553 ], [ -76.00428, -12.55656 ], [ -75.99451, -12.5522 ], [ -75.99367, -12.56679 ], [ -75.98928, -12.57229 ], [ -75.98706, -12.58061 ], [ -75.99119, -12.59333 ], [ -75.98999, -12.60361 ], [ -75.9864, -12.60837 ], [ -75.97274, -12.64624 ], [ -75.96654, -12.64777 ], [ -75.95789, -12.66195 ], [ -75.95733, -12.66566 ], [ -75.96281, -12.67308 ], [ -75.96359, -12.69118 ], [ -75.96832, -12.70813 ], [ -75.96534, -12.71256 ], [ -75.95238, -12.71924 ], [ -75.94601, -12.73502 ], [ -75.94337, -12.74801 ], [ -75.94721, -12.75679 ], [ -75.94618, -12.76612 ], [ -75.94067, -12.7724 ], [ -75.91688, -12.78157 ], [ -75.91067, -12.79005 ], [ -75.89212, -12.79401 ], [ -75.89314, -12.80052 ], [ -75.90232, -12.81262 ], [ -75.91398, -12.81828 ], [ -75.91827, -12.82914 ], [ -75.92989, -12.83615 ], [ -75.93697, -12.84492 ], [ -75.94507, -12.84183 ], [ -75.95834, -12.8491 ], [ -75.95483, -12.83693 ], [ -75.94113, -12.81951 ], [ -75.94253, -12.80214 ], [ -75.96474, -12.79121 ], [ -75.97044, -12.78508 ], [ -75.98393, -12.7823 ], [ -75.98791, -12.77477 ], [ -75.98827, -12.76747 ], [ -75.99628, -12.75656 ], [ -76.00002, -12.75689 ], [ -76.00094, -12.76073 ], [ -76.00474, -12.76335 ], [ -76.00753, -12.77577 ], [ -76.01665, -12.78098 ], [ -76.02163, -12.78935 ], [ -76.04517, -12.78196 ], [ -76.0481, -12.78205 ], [ -76.05457, -12.78954 ], [ -76.06082, -12.79279 ], [ -76.07266, -12.79242 ], [ -76.07694, -12.78642 ], [ -76.08346, -12.79368 ], [ -76.09155, -12.79559 ], [ -76.09723, -12.80131 ], [ -76.101, -12.80164 ], [ -76.10657, -12.80098 ], [ -76.11413, -12.79279 ], [ -76.12542, -12.78662 ], [ -76.12234, -12.78356 ], [ -76.11827, -12.76069 ], [ -76.10945, -12.75675 ], [ -76.10024, -12.75939 ], [ -76.08843, -12.7524 ], [ -76.08362, -12.74272 ], [ -76.08129, -12.73045 ], [ -76.07539, -12.72419 ], [ -76.07658, -12.71068 ], [ -76.07311, -12.70281 ], [ -76.07881, -12.68454 ], [ -76.08435, -12.67486 ], [ -76.09516, -12.66736 ], [ -76.0962, -12.63759 ], [ -76.0889, -12.62667 ], [ -76.08771, -12.61937 ], [ -76.09729, -12.61632 ], [ -76.10624, -12.59883 ], [ -76.11587, -12.59696 ], [ -76.11783, -12.58563 ], [ -76.10878, -12.56772 ], [ -76.12337, -12.55219 ], [ -76.12293, -12.54897 ], [ -76.12813, -12.54191 ], [ -76.12922, -12.53112 ], [ -76.13886, -12.52334 ], [ -76.1433, -12.51187 ], [ -76.14285, -12.50524 ], [ -76.13244, -12.48714 ], [ -76.12731, -12.46951 ], [ -76.12377, -12.46643 ], [ -76.11434, -12.46622 ], [ -76.10738, -12.45278 ], [ -76.09278, -12.46707 ], [ -76.08319, -12.45501 ], [ -76.06821, -12.44179 ], [ -76.05187, -12.4391 ], [ -76.05017, -12.43099 ], [ -76.03776, -12.43031 ], [ -76.03407, -12.42096 ], [ -76.02347, -12.42011 ] ] ] } },
{ "type": "Feature", "properties": { "UBIGEO_INEI": "151005", "DEPARTAMEN": "LIMA", "PROVINCIA": "YAUYOS", "DISTRITO": "AZANGARO" }, "geometry": { "type": "Polygon", "coordinates": [ [ [ -75.84722, -12.96293 ], [ -75.8311, -12.97605 ], [ -75.81452, -12.98268 ], [ -75.80279, -12.98221 ], [ -75.7991, -12.98763 ], [ -75.78916, -12.9901 ], [ -75.77545, -13.00904 ], [ -75.76446, -13.01586 ], [ -75.77248, -13.03786 ], [ -75.79835, -13.05952 ], [ -75.80206, -13.06043 ], [ -75.80775, -13.05157 ], [ -75.81432, -13.05401 ], [ -75.81792, -13.05215 ], [ -75.82165, -13.03324 ], [ -75.82429, -13.03051 ], [ -75.83533, -13.02946 ], [ -75.84965, -13.03618 ], [ -75.87187, -13.02464 ], [ -75.87878, -13.01599 ], [ -75.87303, -12.99812 ], [ -75.87365, -12.99328 ], [ -75.87807, -12.98931 ], [ -75.87977, -12.98397 ], [ -75.87723, -12.96905 ], [ -75.86658, -12.96374 ], [ -75.85222, -12.96511 ], [ -75.84722, -12.96293 ] ] ] } },
{ "type": "Feature", "properties": { "UBIGEO_INEI": "151007", "DEPARTAMEN": "LIMA", "PROVINCIA": "YAUYOS", "DISTRITO": "CARANIA" }, "geometry": { "type": "Polygon", "coordinates": [ [ [ -75.88785, -12.28586 ], [ -75.87067, -12.30139 ], [ -75.86673, -12.31138 ], [ -75.86174, -12.31062 ], [ -75.85353, -12.31459 ], [ -75.83856, -12.32709 ], [ -75.82773, -12.32546 ], [ -75.82436, -12.33284 ], [ -75.82801, -12.34046 ], [ -75.82457, -12.35021 ], [ -75.83233, -12.35424 ], [ -75.83429, -12.35791 ], [ -75.83194, -12.36675 ], [ -75.84568, -12.37753 ], [ -75.84496, -12.38108 ], [ -75.84922, -12.38662 ], [ -75.84953, -12.40338 ], [ -75.85696, -12.40971 ], [ -75.85589, -12.41891 ], [ -75.85087, -12.42304 ], [ -75.85145, -12.42591 ], [ -75.85825, -12.43061 ], [ -75.85255, -12.43641 ], [ -75.85026, -12.44327 ], [ -75.85573, -12.44504 ], [ -75.856, -12.44846 ], [ -75.86293, -12.44599 ], [ -75.87078, -12.45122 ], [ -75.88499, -12.42993 ], [ -75.88294, -12.41967 ], [ -75.88773, -12.41238 ], [ -75.88839, -12.40619 ], [ -75.8995, -12.39519 ], [ -75.90775, -12.39657 ], [ -75.90471, -12.38694 ], [ -75.90541, -12.3805 ], [ -75.92675, -12.35895 ], [ -75.92889, -12.35043 ], [ -75.93548, -12.33969 ], [ -75.94982, -12.33282 ], [ -75.94796, -12.32412 ], [ -75.93046, -12.31479 ], [ -75.92088, -12.30161 ], [ -75.91061, -12.2969 ], [ -75.90029, -12.28819 ], [ -75.88785, -12.28586 ] ] ] } },
{ "type": "Feature", "properties": { "UBIGEO_INEI": "151013", "DEPARTAMEN": "LIMA", "PROVINCIA": "YAUYOS", "DISTRITO": "HUAMPARA" }, "geometry": { "type": "Polygon", "coordinates": [ [ [ -76.22344, -12.29909 ], [ -76.21451, -12.29971 ], [ -76.20521, -12.30433 ], [ -76.19388, -12.32001 ], [ -76.19253, -12.32573 ], [ -76.18887, -12.33063 ], [ -76.18282, -12.33305 ], [ -76.17382, -12.34655 ], [ -76.16664, -12.35244 ], [ -76.16607, -12.35757 ], [ -76.16061, -12.36425 ], [ -76.15053, -12.36571 ], [ -76.14691, -12.38897 ], [ -76.14813, -12.41625 ], [ -76.15531, -12.41104 ], [ -76.16706, -12.40966 ], [ -76.19317, -12.38289 ], [ -76.19905, -12.38025 ], [ -76.20473, -12.35497 ], [ -76.21321, -12.3465 ], [ -76.21617, -12.33861 ], [ -76.23766, -12.33255 ], [ -76.24262, -12.32701 ], [ -76.24155, -12.31499 ], [ -76.24692, -12.30901 ], [ -76.23364, -12.30901 ], [ -76.23057, -12.3014 ], [ -76.22344, -12.29909 ] ] ] } },
{ "type": "Feature", "properties": { "UBIGEO_INEI": "151018", "DEPARTAMEN": "LIMA", "PROVINCIA": "YAUYOS", "DISTRITO": "LARAOS" }, "geometry": { "type": "Polygon", "coordinates": [ [ [ -75.61534, -12.29248 ], [ -75.60759, -12.29597 ], [ -75.60153, -12.30665 ], [ -75.5939, -12.31338 ], [ -75.5886, -12.325 ], [ -75.58424, -12.32804 ], [ -75.57023, -12.33007 ], [ -75.56553, -12.33459 ], [ -75.55454, -12.35944 ], [ -75.5487, -12.36424 ], [ -75.55119, -12.37581 ], [ -75.56159, -12.3901 ], [ -75.55977, -12.39725 ], [ -75.56595, -12.40344 ], [ -75.56702, -12.41107 ], [ -75.56501, -12.41337 ], [ -75.55887, -12.4121 ], [ -75.5601, -12.41999 ], [ -75.55544, -12.43122 ], [ -75.55741, -12.45659 ], [ -75.55011, -12.47394 ], [ -75.56751, -12.48014 ], [ -75.61014, -12.52037 ], [ -75.61828, -12.50603 ], [ -75.61861, -12.49901 ], [ -75.61608, -12.49666 ], [ -75.61415, -12.48681 ], [ -75.62797, -12.46654 ], [ -75.62905, -12.45491 ], [ -75.63508, -12.43975 ], [ -75.63439, -12.42878 ], [ -75.64727, -12.41617 ], [ -75.65479, -12.41535 ], [ -75.66026, -12.42125 ], [ -75.66504, -12.42115 ], [ -75.66854, -12.43412 ], [ -75.67395, -12.4404 ], [ -75.68407, -12.4445 ], [ -75.68688, -12.45003 ], [ -75.68449, -12.45697 ], [ -75.69062, -12.45861 ], [ -75.69317, -12.46451 ], [ -75.70801, -12.44299 ], [ -75.71603, -12.43798 ], [ -75.72179, -12.44034 ], [ -75.72749, -12.43674 ], [ -75.73129, -12.43867 ], [ -75.73204, -12.44348 ], [ -75.74225, -12.44911 ], [ -75.74187, -12.43949 ], [ -75.75136, -12.43064 ], [ -75.7551, -12.42092 ], [ -75.76162, -12.4184 ], [ -75.76823, -12.41142 ], [ -75.77684, -12.40972 ], [ -75.78267, -12.39485 ], [ -75.79469, -12.38763 ], [ -75.79423, -12.38365 ], [ -75.80114, -12.37373 ], [ -75.80474, -12.3788 ], [ -75.81175, -12.3806 ], [ -75.81535, -12.38484 ], [ -75.81915, -12.38512 ], [ -75.8409, -12.39816 ], [ -75.8495, -12.39375 ], [ -75.84922, -12.38662 ], [ -75.84496, -12.38108 ], [ -75.84568, -12.37753 ], [ -75.83185, -12.36655 ], [ -75.83435, -12.35881 ], [ -75.83281, -12.35482 ], [ -75.82457, -12.35021 ], [ -75.82801, -12.34046 ], [ -75.82436, -12.33284 ], [ -75.82808, -12.32585 ], [ -75.82015, -12.3206 ], [ -75.81794, -12.31094 ], [ -75.81356, -12.31104 ], [ -75.81344, -12.2972 ], [ -75.81021, -12.29356 ], [ -75.80713, -12.29281 ], [ -75.80197, -12.29824 ], [ -75.7781, -12.30293 ], [ -75.76315, -12.31476 ], [ -75.74828, -12.30725 ], [ -75.73944, -12.3156 ], [ -75.72701, -12.31896 ], [ -75.72545, -12.32544 ], [ -75.71368, -12.33883 ], [ -75.70738, -12.3413 ], [ -75.70299, -12.33787 ], [ -75.68991, -12.3455 ], [ -75.68318, -12.34268 ], [ -75.6746, -12.32779 ], [ -75.6504, -12.31428 ], [ -75.63047, -12.30773 ], [ -75.62566, -12.29735 ], [ -75.62182, -12.29795 ], [ -75.61534, -12.29248 ] ] ] } },
{ "type": "Feature", "properties": { "UBIGEO_INEI": "151027", "DEPARTAMEN": "LIMA", "PROVINCIA": "YAUYOS", "DISTRITO": "SAN PEDRO DE PILAS" }, "geometry": { "type": "Polygon", "coordinates": [ [ [ -76.20676, -12.44448 ], [ -76.18925, -12.44511 ], [ -76.18256, -12.45018 ], [ -76.1776, -12.44814 ], [ -76.16554, -12.44911 ], [ -76.14471, -12.46223 ], [ -76.13408, -12.46174 ], [ -76.12731, -12.46951 ], [ -76.13244, -12.48714 ], [ -76.14285, -12.50524 ], [ -76.1433, -12.51187 ], [ -76.13886, -12.52334 ], [ -76.14742, -12.53033 ], [ -76.16406, -12.53414 ], [ -76.18132, -12.54376 ], [ -76.18453, -12.551 ], [ -76.1874, -12.55176 ], [ -76.19668, -12.54925 ], [ -76.21098, -12.53642 ], [ -76.21815, -12.53513 ], [ -76.2285, -12.51604 ], [ -76.23628, -12.51139 ], [ -76.24427, -12.5004 ], [ -76.24274, -12.49658 ], [ -76.22707, -12.48556 ], [ -76.21426, -12.48035 ], [ -76.22339, -12.47084 ], [ -76.23179, -12.46919 ], [ -76.23716, -12.45799 ], [ -76.24166, -12.4544 ], [ -76.24284, -12.44798 ], [ -76.23571, -12.44638 ], [ -76.2288, -12.45003 ], [ -76.22116, -12.45009 ], [ -76.20676, -12.44448 ] ] ] } },
{ "type": "Feature", "properties": { "UBIGEO_INEI": "151030", "DEPARTAMEN": "LIMA", "PROVINCIA": "YAUYOS", "DISTRITO": "TOMAS" }, "geometry": { "type": "Polygon", "coordinates": [ [ [ -75.74146, -12.03696 ], [ -75.7302, -12.04238 ], [ -75.72205, -12.04267 ], [ -75.71673, -12.04652 ], [ -75.70876, -12.0454 ], [ -75.70109, -12.04816 ], [ -75.6943, -12.04269 ], [ -75.68523, -12.0522 ], [ -75.67389, -12.05792 ], [ -75.67673, -12.06636 ], [ -75.68171, -12.0672 ], [ -75.68469, -12.07126 ], [ -75.68822, -12.08213 ], [ -75.67993, -12.08281 ], [ -75.66358, -12.09093 ], [ -75.65775, -12.09572 ], [ -75.65474, -12.10273 ], [ -75.63456, -12.11464 ], [ -75.6387, -12.12153 ], [ -75.63039, -12.12806 ], [ -75.62701, -12.13483 ], [ -75.62752, -12.14174 ], [ -75.64192, -12.14995 ], [ -75.64918, -12.16362 ], [ -75.64847, -12.17421 ], [ -75.65823, -12.17505 ], [ -75.65976, -12.18057 ], [ -75.6687, -12.18342 ], [ -75.67126, -12.19246 ], [ -75.66255, -12.19563 ], [ -75.65273, -12.20567 ], [ -75.65208, -12.21448 ], [ -75.64511, -12.22011 ], [ -75.64214, -12.22962 ], [ -75.62943, -12.24605 ], [ -75.64107, -12.24704 ], [ -75.64494, -12.25686 ], [ -75.67067, -12.26809 ], [ -75.68009, -12.26723 ], [ -75.68901, -12.26957 ], [ -75.704, -12.26296 ], [ -75.7175, -12.27101 ], [ -75.72412, -12.27002 ], [ -75.72724, -12.27438 ], [ -75.73094, -12.29103 ], [ -75.73534, -12.29317 ], [ -75.7371, -12.29169 ], [ -75.73629, -12.28363 ], [ -75.74883, -12.2632 ], [ -75.75282, -12.24712 ], [ -75.76046, -12.23993 ], [ -75.77113, -12.24285 ], [ -75.77892, -12.22739 ], [ -75.77863, -12.22089 ], [ -75.77403, -12.21555 ], [ -75.77292, -12.20745 ], [ -75.76947, -12.20679 ], [ -75.76026, -12.19433 ], [ -75.75994, -12.17546 ], [ -75.7648, -12.16774 ], [ -75.76379, -12.15999 ], [ -75.76618, -12.15495 ], [ -75.76059, -12.14455 ], [ -75.76293, -12.13711 ], [ -75.75931, -12.13176 ], [ -75.75356, -12.12917 ], [ -75.74912, -12.11889 ], [ -75.75405, -12.11108 ], [ -75.75261, -12.10348 ], [ -75.76157, -12.08888 ], [ -75.76566, -12.05963 ], [ -75.7615, -12.05662 ], [ -75.75112, -12.05486 ], [ -75.74279, -12.04637 ], [ -75.74146, -12.03696 ] ] ] } },
{ "type": "Feature", "properties": { "UBIGEO_INEI": "070105", "DEPARTAMEN": "CALLAO", "PROVINCIA": "CALLAO", "DISTRITO": "LA PUNTA" }, "geometry": { "type": "Polygon", "coordinates": [ [ [ -77.15878, -12.06647 ], [ -77.15641, -12.06819 ], [ -77.15906, -12.07426 ], [ -77.16984, -12.07454 ], [ -77.17092, -12.07195 ], [ -77.16693, -12.06764 ], [ -77.16837, -12.07147 ], [ -77.16683, -12.06863 ], [ -77.16525, -12.07008 ], [ -77.15878, -12.06647 ] ] ] } },
{ "type": "Feature", "properties": { "UBIGEO_INEI": "150102", "DEPARTAMEN": "LIMA", "PROVINCIA": "LIMA", "DISTRITO": "ANCON" }, "geometry": { "type": "Polygon", "coordinates": [ [ [ -77.06652, -11.57251 ], [ -77.06414, -11.57723 ], [ -77.05496, -11.5756 ], [ -77.04581, -11.57873 ], [ -77.03677, -11.58893 ], [ -77.02817, -11.5923 ], [ -77.02213, -11.59631 ], [ -77.01784, -11.60342 ], [ -77.00764, -11.6082 ], [ -77.00476, -11.61427 ], [ -77.0104, -11.61701 ], [ -77.01451, -11.62284 ], [ -77.01619, -11.63319 ], [ -77.03519, -11.65182 ], [ -77.02463, -11.6766 ], [ -77.02441, -11.69174 ], [ -77.02632, -11.70022 ], [ -77.0325, -11.70868 ], [ -77.04347, -11.71247 ], [ -77.04433, -11.71471 ], [ -77.03706, -11.72667 ], [ -77.03245, -11.74079 ], [ -77.03938, -11.75248 ], [ -77.05307, -11.76511 ], [ -77.05415, -11.7792 ], [ -77.05701, -11.78582 ], [ -77.07275, -11.79195 ], [ -77.07486, -11.79639 ], [ -77.08225, -11.80087 ], [ -77.09698, -11.80516 ], [ -77.11348, -11.82034 ], [ -77.13527, -11.81783 ], [ -77.14404, -11.82096 ], [ -77.14711, -11.81928 ], [ -77.13915, -11.80011 ], [ -77.15827, -11.7811 ], [ -77.1864, -11.78919 ], [ -77.19206, -11.78421 ], [ -77.19825, -11.78324 ], [ -77.19534, -11.78016 ], [ -77.1988, -11.77267 ], [ -77.19687, -11.77127 ], [ -77.19821, -11.7681 ], [ -77.19125, -11.76795 ], [ -77.18695, -11.7739 ], [ -77.18189, -11.77326 ], [ -77.18102, -11.77578 ], [ -77.17496, -11.77192 ], [ -77.17138, -11.76454 ], [ -77.17181, -11.75398 ], [ -77.16921, -11.74607 ], [ -77.17283, -11.73022 ], [ -77.19591, -11.69794 ], [ -77.1912, -11.69658 ], [ -77.18211, -11.68591 ], [ -77.16646, -11.69444 ], [ -77.16084, -11.70156 ], [ -77.15453, -11.7017 ], [ -77.15688, -11.6965 ], [ -77.15451, -11.68579 ], [ -77.15828, -11.68174 ], [ -77.15216, -11.67063 ], [ -77.13313, -11.65769 ], [ -77.12634, -11.66038 ], [ -77.12207, -11.65736 ], [ -77.12634, -11.65034 ], [ -77.13096, -11.64783 ], [ -77.13119, -11.63989 ], [ -77.13696, -11.63753 ], [ -77.1347, -11.62664 ], [ -77.12771, -11.62595 ], [ -77.11635, -11.63036 ], [ -77.10739, -11.62684 ], [ -77.10617, -11.61968 ], [ -77.08527, -11.60424 ], [ -77.08432, -11.59526 ], [ -77.07847, -11.5855 ], [ -77.0777, -11.57702 ], [ -77.06652, -11.57251 ] ] ] } },
{ "type": "Feature", "properties": { "UBIGEO_INEI": "120609", "DEPARTAMEN": "JUNIN", "PROVINCIA": "SATIPO", "DISTRITO": "VIZCATÁN DEL ENE" }, "geometry": { "type": "Polygon", "coordinates": [ [ [ -74.27428, -12.06318 ], [ -74.26466, -12.08357 ], [ -74.2575, -12.09009 ], [ -74.25256, -12.10524 ], [ -74.24668, -12.10282 ], [ -74.24235, -12.10736 ], [ -74.2296, -12.10365 ], [ -74.22552, -12.10684 ], [ -74.20627, -12.11195 ], [ -74.20323, -12.12011 ], [ -74.19249, -12.12253 ], [ -74.19229, -12.12634 ], [ -74.18261, -12.13721 ], [ -74.18151, -12.14568 ], [ -74.17348, -12.14937 ], [ -74.16542, -12.1589 ], [ -74.15731, -12.16141 ], [ -74.15777, -12.16383 ], [ -74.1512, -12.16956 ], [ -74.13776, -12.17838 ], [ -74.13306, -12.1942 ], [ -74.12093, -12.18341 ], [ -74.11247, -12.17043 ], [ -74.11151, -12.16405 ], [ -74.0928, -12.1601 ], [ -74.0826, -12.15036 ], [ -74.08031, -12.14436 ], [ -74.08078, -12.13209 ], [ -74.06885, -12.13853 ], [ -74.06512, -12.14215 ], [ -74.06295, -12.14926 ], [ -74.06512, -12.15389 ], [ -74.07387, -12.16089 ], [ -74.07466, -12.16598 ], [ -74.07272, -12.16872 ], [ -74.06528, -12.17278 ], [ -74.06135, -12.17249 ], [ -74.0492, -12.16296 ], [ -74.04337, -12.16246 ], [ -74.03045, -12.17081 ], [ -74.02749, -12.17399 ], [ -74.02201, -12.19512 ], [ -74.01404, -12.21031 ], [ -74.01235, -12.21848 ], [ -74.00033, -12.22392 ], [ -73.99293, -12.23486 ], [ -73.98106, -12.24149 ], [ -73.98657, -12.25801 ], [ -73.98638, -12.26832 ], [ -73.9888, -12.27399 ], [ -73.99772, -12.28251 ], [ -74.00311, -12.28391 ], [ -74.00968, -12.27886 ], [ -74.02188, -12.27736 ], [ -74.03979, -12.26141 ], [ -74.04481, -12.2664 ], [ -74.05505, -12.26932 ], [ -74.05928, -12.27655 ], [ -74.06462, -12.27845 ], [ -74.07101, -12.2771 ], [ -74.07622, -12.28182 ], [ -74.09735, -12.28371 ], [ -74.10412, -12.31324 ], [ -74.11229, -12.31926 ], [ -74.11912, -12.332 ], [ -74.12517, -12.33386 ], [ -74.13079, -12.32884 ], [ -74.13116, -12.31461 ], [ -74.14194, -12.31696 ], [ -74.14461, -12.32395 ], [ -74.14733, -12.32438 ], [ -74.16018, -12.32068 ], [ -74.16623, -12.3124 ], [ -74.1756, -12.31369 ], [ -74.17968, -12.31742 ], [ -74.18489, -12.31615 ], [ -74.18805, -12.31374 ], [ -74.18674, -12.30435 ], [ -74.19014, -12.30242 ], [ -74.19989, -12.30255 ], [ -74.20695, -12.29828 ], [ -74.21327, -12.30344 ], [ -74.2187, -12.30174 ], [ -74.22208, -12.29759 ], [ -74.2156, -12.29122 ], [ -74.22081, -12.28677 ], [ -74.21804, -12.27808 ], [ -74.2252, -12.27662 ], [ -74.23263, -12.26751 ], [ -74.24098, -12.27059 ], [ -74.24551, -12.26948 ], [ -74.24759, -12.26702 ], [ -74.24776, -12.25804 ], [ -74.25754, -12.25644 ], [ -74.26983, -12.23935 ], [ -74.28407, -12.24064 ], [ -74.29156, -12.23044 ], [ -74.29149, -12.22305 ], [ -74.30014, -12.22635 ], [ -74.31159, -12.22379 ], [ -74.31493, -12.2311 ], [ -74.32187, -12.22978 ], [ -74.33652, -12.21493 ], [ -74.32973, -12.21124 ], [ -74.33274, -12.20641 ], [ -74.33419, -12.19446 ], [ -74.33667, -12.19243 ], [ -74.34424, -12.19533 ], [ -74.34475, -12.1901 ], [ -74.3517, -12.178 ], [ -74.3436, -12.17184 ], [ -74.34355, -12.16856 ], [ -74.34706, -12.16506 ], [ -74.35534, -12.16391 ], [ -74.36095, -12.15645 ], [ -74.35945, -12.14981 ], [ -74.35238, -12.14776 ], [ -74.35172, -12.13698 ], [ -74.35643, -12.13551 ], [ -74.36166, -12.13862 ], [ -74.36564, -12.13456 ], [ -74.35651, -12.12507 ], [ -74.35083, -12.10831 ], [ -74.3411, -12.09318 ], [ -74.33217, -12.08738 ], [ -74.32151, -12.07444 ], [ -74.30409, -12.07022 ], [ -74.30002, -12.06655 ], [ -74.2934, -12.06665 ], [ -74.28536, -12.07154 ], [ -74.28027, -12.06553 ], [ -74.27428, -12.06318 ] ] ] } },
{ "type": "Feature", "properties": { "UBIGEO_INEI": "080910", "DEPARTAMEN": "CUSCO", "PROVINCIA": "LA CONVENCION", "DISTRITO": "PICHARI" }, "geometry": { "type": "Polygon", "coordinates": [ [ [ -73.76175, -12.25295 ], [ -73.75117, -12.25582 ], [ -73.7375, -12.26662 ], [ -73.7208, -12.26376 ], [ -73.70311, -12.27049 ], [ -73.69088, -12.291 ], [ -73.68907, -12.29941 ], [ -73.67513, -12.31492 ], [ -73.66496, -12.32113 ], [ -73.65992, -12.32875 ], [ -73.66078, -12.33671 ], [ -73.65598, -12.35166 ], [ -73.65803, -12.3591 ], [ -73.65129, -12.36104 ], [ -73.64448, -12.37205 ], [ -73.65603, -12.38432 ], [ -73.66844, -12.3887 ], [ -73.66779, -12.39417 ], [ -73.67348, -12.40293 ], [ -73.67433, -12.41198 ], [ -73.67849, -12.4132 ], [ -73.68363, -12.42435 ], [ -73.71092, -12.44074 ], [ -73.71804, -12.45439 ], [ -73.71864, -12.46092 ], [ -73.72543, -12.46891 ], [ -73.72488, -12.47885 ], [ -73.72018, -12.48377 ], [ -73.71941, -12.48979 ], [ -73.70983, -12.50445 ], [ -73.70838, -12.51039 ], [ -73.72472, -12.51707 ], [ -73.73602, -12.51425 ], [ -73.74558, -12.52835 ], [ -73.74656, -12.53484 ], [ -73.75429, -12.54983 ], [ -73.76662, -12.55451 ], [ -73.7739, -12.55063 ], [ -73.77773, -12.55112 ], [ -73.79595, -12.55883 ], [ -73.80445, -12.56956 ], [ -73.80511, -12.57527 ], [ -73.81189, -12.5584 ], [ -73.82255, -12.54475 ], [ -73.82239, -12.53726 ], [ -73.82571, -12.53202 ], [ -73.83435, -12.53109 ], [ -73.83993, -12.53805 ], [ -73.84419, -12.53946 ], [ -73.85319, -12.53436 ], [ -73.85536, -12.5299 ], [ -73.85288, -12.52303 ], [ -73.85501, -12.51284 ], [ -73.85214, -12.50267 ], [ -73.85431, -12.48906 ], [ -73.87259, -12.45378 ], [ -73.88485, -12.40816 ], [ -73.88679, -12.4054 ], [ -73.89993, -12.40296 ], [ -73.90529, -12.3933 ], [ -73.92104, -12.38252 ], [ -73.91438, -12.37648 ], [ -73.90421, -12.38037 ], [ -73.89931, -12.37733 ], [ -73.88635, -12.37824 ], [ -73.87237, -12.37228 ], [ -73.85543, -12.38153 ], [ -73.83906, -12.3816 ], [ -73.83582, -12.38405 ], [ -73.83079, -12.38271 ], [ -73.82226, -12.38561 ], [ -73.81293, -12.38064 ], [ -73.81483, -12.38677 ], [ -73.80455, -12.37946 ], [ -73.79998, -12.37895 ], [ -73.79193, -12.38734 ], [ -73.77662, -12.3902 ], [ -73.76103, -12.40453 ], [ -73.73893, -12.40887 ], [ -73.73733, -12.39003 ], [ -73.73333, -12.37784 ], [ -73.72619, -12.37423 ], [ -73.71812, -12.35417 ], [ -73.71214, -12.35151 ], [ -73.71351, -12.34257 ], [ -73.72275, -12.33711 ], [ -73.727, -12.32672 ], [ -73.73554, -12.31861 ], [ -73.76274, -12.30755 ], [ -73.78683, -12.2941 ], [ -73.81058, -12.28585 ], [ -73.81278, -12.28257 ], [ -73.81179, -12.27783 ], [ -73.79562, -12.26228 ], [ -73.77898, -12.26278 ], [ -73.76175, -12.25295 ] ] ] } },
{ "type": "Feature", "properties": { "UBIGEO_INEI": "100110", "DEPARTAMEN": "HUANUCO", "PROVINCIA": "HUANUCO", "DISTRITO": "YARUMAYO" }, "geometry": { "type": "Polygon", "coordinates": [ [ [ -76.42517, -9.918 ], [ -76.40274, -9.92764 ], [ -76.39759, -9.92589 ], [ -76.39187, -9.92847 ], [ -76.37812, -9.94083 ], [ -76.37485, -9.94676 ], [ -76.3889, -9.95679 ], [ -76.41654, -9.96392 ], [ -76.42187, -9.96062 ], [ -76.4276, -9.96301 ], [ -76.43325, -9.97505 ], [ -76.4418, -9.98142 ], [ -76.44102, -9.99001 ], [ -76.44438, -9.99539 ], [ -76.45291, -9.99919 ], [ -76.4603, -10.00644 ], [ -76.46659, -10.00661 ], [ -76.47829, -9.99423 ], [ -76.4842, -9.99411 ], [ -76.48737, -9.99148 ], [ -76.48279, -9.98432 ], [ -76.48168, -9.97351 ], [ -76.47368, -9.95469 ], [ -76.48075, -9.9362 ], [ -76.46819, -9.93104 ], [ -76.46242, -9.92212 ], [ -76.4584, -9.92193 ], [ -76.45612, -9.92642 ], [ -76.44939, -9.92697 ], [ -76.44409, -9.92388 ], [ -76.4324, -9.92397 ], [ -76.42517, -9.918 ] ] ] } },
{ "type": "Feature", "properties": { "UBIGEO_INEI": "101102", "DEPARTAMEN": "HUANUCO", "PROVINCIA": "YAROWILCA", "DISTRITO": "CAHUAC" }, "geometry": { "type": "Polygon", "coordinates": [ [ [ -76.64111, -9.82792 ], [ -76.63327, -9.84526 ], [ -76.6223, -9.8507 ], [ -76.62257, -9.85879 ], [ -76.61747, -9.86243 ], [ -76.60633, -9.88255 ], [ -76.62109, -9.88447 ], [ -76.64004, -9.88346 ], [ -76.64776, -9.87208 ], [ -76.66147, -9.86813 ], [ -76.67832, -9.88458 ], [ -76.67614, -9.89765 ], [ -76.68012, -9.90528 ], [ -76.68687, -9.90204 ], [ -76.68567, -9.88351 ], [ -76.68824, -9.86919 ], [ -76.68473, -9.85167 ], [ -76.67743, -9.85704 ], [ -76.66538, -9.86116 ], [ -76.66244, -9.8602 ], [ -76.66, -9.85651 ], [ -76.66244, -9.85214 ], [ -76.66222, -9.8434 ], [ -76.64111, -9.82792 ] ] ] } },
{ "type": "Feature", "properties": { "UBIGEO_INEI": "101103", "DEPARTAMEN": "HUANUCO", "PROVINCIA": "YAROWILCA", "DISTRITO": "CHACABAMBA" }, "geometry": { "type": "Polygon", "coordinates": [ [ [ -76.64092, -9.88188 ], [ -76.62387, -9.88443 ], [ -76.60917, -9.8832 ], [ -76.60551, -9.88852 ], [ -76.61138, -9.90494 ], [ -76.6199, -9.90807 ], [ -76.62654, -9.91919 ], [ -76.64363, -9.9178 ], [ -76.65053, -9.92002 ], [ -76.65928, -9.9099 ], [ -76.65467, -9.90854 ], [ -76.65124, -9.89503 ], [ -76.64092, -9.88188 ] ] ] } },
{ "type": "Feature", "properties": { "UBIGEO_INEI": "101107", "DEPARTAMEN": "HUANUCO", "PROVINCIA": "YAROWILCA", "DISTRITO": "PAMPAMARCA" }, "geometry": { "type": "Polygon", "coordinates": [ [ [ -76.70331, -9.69046 ], [ -76.69762, -9.69759 ], [ -76.6633, -9.7155 ], [ -76.65654, -9.7296 ], [ -76.65573, -9.7447 ], [ -76.67412, -9.74461 ], [ -76.68964, -9.74906 ], [ -76.69964, -9.77726 ], [ -76.69492, -9.78889 ], [ -76.69414, -9.80827 ], [ -76.71294, -9.82859 ], [ -76.7177, -9.82685 ], [ -76.71863, -9.82197 ], [ -76.72856, -9.81938 ], [ -76.72061, -9.84491 ], [ -76.72454, -9.84726 ], [ -76.74815, -9.84191 ], [ -76.75802, -9.84246 ], [ -76.74976, -9.83676 ], [ -76.74676, -9.81948 ], [ -76.73574, -9.79139 ], [ -76.7358, -9.78417 ], [ -76.73328, -9.77939 ], [ -76.73576, -9.75298 ], [ -76.71311, -9.75146 ], [ -76.70206, -9.74698 ], [ -76.70305, -9.73734 ], [ -76.71468, -9.72817 ], [ -76.72319, -9.70959 ], [ -76.72121, -9.70208 ], [ -76.70331, -9.69046 ] ] ] } },
{ "type": "Feature", "properties": { "UBIGEO_INEI": "190203", "DEPARTAMEN": "PASCO", "PROVINCIA": "DANIEL ALCIDES CARRION", "DISTRITO": "GOYLLARISQUIZGA" }, "geometry": { "type": "Polygon", "coordinates": [ [ [ -76.4181, -10.45647 ], [ -76.40958, -10.45737 ], [ -76.4082, -10.46062 ], [ -76.39319, -10.4695 ], [ -76.389, -10.47634 ], [ -76.38215, -10.47782 ], [ -76.3825, -10.49004 ], [ -76.38979, -10.49792 ], [ -76.38849, -10.5068 ], [ -76.39705, -10.51943 ], [ -76.4117, -10.50248 ], [ -76.42277, -10.49847 ], [ -76.42659, -10.49238 ], [ -76.42429, -10.48557 ], [ -76.41902, -10.4806 ], [ -76.42276, -10.47937 ], [ -76.42218, -10.47246 ], [ -76.41363, -10.46467 ], [ -76.41568, -10.45979 ], [ -76.41895, -10.45823 ], [ -76.4181, -10.45647 ] ] ] } },
{ "type": "Feature", "properties": { "UBIGEO_INEI": "190202", "DEPARTAMEN": "PASCO", "PROVINCIA": "DANIEL ALCIDES CARRION", "DISTRITO": "CHACAYAN" }, "geometry": { "type": "Polygon", "coordinates": [ [ [ -76.33054, -10.31635 ], [ -76.32789, -10.33358 ], [ -76.33569, -10.35265 ], [ -76.34441, -10.36006 ], [ -76.35554, -10.36399 ], [ -76.37137, -10.35967 ], [ -76.37875, -10.37041 ], [ -76.38627, -10.37488 ], [ -76.3865, -10.39383 ], [ -76.38322, -10.40696 ], [ -76.38752, -10.41946 ], [ -76.37829, -10.42302 ], [ -76.37461, -10.42731 ], [ -76.38237, -10.43162 ], [ -76.3865, -10.43688 ], [ -76.39263, -10.45274 ], [ -76.39153, -10.46595 ], [ -76.39319, -10.4695 ], [ -76.4082, -10.46062 ], [ -76.40958, -10.45737 ], [ -76.41858, -10.4564 ], [ -76.41363, -10.46467 ], [ -76.42218, -10.47246 ], [ -76.42276, -10.47937 ], [ -76.41902, -10.4806 ], [ -76.42677, -10.49051 ], [ -76.42434, -10.49694 ], [ -76.41215, -10.50209 ], [ -76.39767, -10.51959 ], [ -76.38849, -10.5068 ], [ -76.38645, -10.51669 ], [ -76.38088, -10.522 ], [ -76.37696, -10.52123 ], [ -76.37186, -10.52418 ], [ -76.36875, -10.53059 ], [ -76.3516, -10.54523 ], [ -76.34889, -10.56849 ], [ -76.35354, -10.57866 ], [ -76.33762, -10.5791 ], [ -76.33313, -10.59002 ], [ -76.34587, -10.59573 ], [ -76.35014, -10.61094 ], [ -76.35914, -10.61631 ], [ -76.36254, -10.62729 ], [ -76.36756, -10.62398 ], [ -76.37027, -10.61032 ], [ -76.3746, -10.60551 ], [ -76.3874, -10.60519 ], [ -76.39582, -10.61279 ], [ -76.41584, -10.60519 ], [ -76.41899, -10.58698 ], [ -76.41342, -10.58268 ], [ -76.40211, -10.57959 ], [ -76.39731, -10.57081 ], [ -76.41905, -10.54868 ], [ -76.41743, -10.52367 ], [ -76.42012, -10.51945 ], [ -76.42522, -10.51728 ], [ -76.42496, -10.51247 ], [ -76.42968, -10.50346 ], [ -76.43754, -10.4987 ], [ -76.43999, -10.49267 ], [ -76.44014, -10.47675 ], [ -76.4471, -10.44616 ], [ -76.44781, -10.43046 ], [ -76.43802, -10.42172 ], [ -76.43648, -10.41728 ], [ -76.43117, -10.41646 ], [ -76.43137, -10.41369 ], [ -76.41826, -10.39803 ], [ -76.4122, -10.38023 ], [ -76.41366, -10.35969 ], [ -76.40818, -10.34787 ], [ -76.39954, -10.34719 ], [ -76.39552, -10.34302 ], [ -76.38964, -10.3444 ], [ -76.38602, -10.34176 ], [ -76.3857, -10.33812 ], [ -76.37898, -10.33736 ], [ -76.37933, -10.33495 ], [ -76.37389, -10.33061 ], [ -76.37124, -10.33143 ], [ -76.36918, -10.33646 ], [ -76.34258, -10.33634 ], [ -76.33467, -10.32712 ], [ -76.33357, -10.319 ], [ -76.33054, -10.31635 ] ] ] } },
{ "type": "Feature", "properties": { "UBIGEO_INEI": "221004", "DEPARTAMEN": "SAN MARTIN", "PROVINCIA": "TOCACHE", "DISTRITO": "SHUNTE" }, "geometry": { "type": "Polygon", "coordinates": [ [ [ -76.86112, -8.25587 ], [ -76.83822, -8.26689 ], [ -76.82204, -8.26698 ], [ -76.8078, -8.2597 ], [ -76.80217, -8.26234 ], [ -76.79818, -8.26094 ], [ -76.78534, -8.27539 ], [ -76.78082, -8.27683 ], [ -76.75437, -8.27055 ], [ -76.73976, -8.28239 ], [ -76.73176, -8.28263 ], [ -76.72526, -8.2864 ], [ -76.70298, -8.2907 ], [ -76.69581, -8.31533 ], [ -76.68058, -8.32911 ], [ -76.67249, -8.33281 ], [ -76.66878, -8.34757 ], [ -76.6733, -8.359 ], [ -76.6718, -8.36493 ], [ -76.68592, -8.36609 ], [ -76.69255, -8.36362 ], [ -76.69747, -8.36727 ], [ -76.69593, -8.37598 ], [ -76.69976, -8.38802 ], [ -76.69503, -8.39796 ], [ -76.68551, -8.40777 ], [ -76.69337, -8.42611 ], [ -76.69283, -8.44005 ], [ -76.70242, -8.44289 ], [ -76.70861, -8.45324 ], [ -76.70773, -8.47545 ], [ -76.70019, -8.48466 ], [ -76.7121, -8.49051 ], [ -76.71952, -8.5028 ], [ -76.73246, -8.5079 ], [ -76.7299, -8.51482 ], [ -76.73252, -8.51797 ], [ -76.74099, -8.52465 ], [ -76.75459, -8.51964 ], [ -76.76842, -8.52681 ], [ -76.77768, -8.52155 ], [ -76.78478, -8.52445 ], [ -76.79015, -8.52364 ], [ -76.79675, -8.51085 ], [ -76.8067, -8.51119 ], [ -76.82304, -8.51856 ], [ -76.83073, -8.51635 ], [ -76.84318, -8.52612 ], [ -76.84284, -8.53245 ], [ -76.84586, -8.53588 ], [ -76.84727, -8.54648 ], [ -76.85219, -8.55068 ], [ -76.86254, -8.55254 ], [ -76.8647, -8.56635 ], [ -76.8709, -8.56404 ], [ -76.87489, -8.5582 ], [ -76.88444, -8.55825 ], [ -76.88736, -8.5548 ], [ -76.89616, -8.562 ], [ -76.89708, -8.56875 ], [ -76.90384, -8.56581 ], [ -76.92109, -8.56996 ], [ -76.93667, -8.56658 ], [ -76.93698, -8.5624 ], [ -76.94238, -8.55684 ], [ -76.94012, -8.55196 ], [ -76.94889, -8.54567 ], [ -76.95537, -8.54559 ], [ -76.96702, -8.55959 ], [ -76.9773, -8.5606 ], [ -76.99484, -8.55563 ], [ -77.0116, -8.53769 ], [ -77.02343, -8.5429 ], [ -77.03142, -8.54088 ], [ -77.03498, -8.54475 ], [ -77.03737, -8.55334 ], [ -77.0498, -8.55372 ], [ -77.05611, -8.5497 ], [ -77.05643, -8.54538 ], [ -77.06062, -8.54276 ], [ -77.061, -8.53778 ], [ -77.0745, -8.53503 ], [ -77.07588, -8.52665 ], [ -77.08433, -8.52562 ], [ -77.09165, -8.51698 ], [ -77.09068, -8.51304 ], [ -77.08549, -8.50995 ], [ -77.08496, -8.50204 ], [ -77.08011, -8.49704 ], [ -77.08194, -8.48726 ], [ -77.09028, -8.48233 ], [ -77.10132, -8.4882 ], [ -77.1033, -8.48333 ], [ -77.10873, -8.47983 ], [ -77.1184, -8.47895 ], [ -77.12358, -8.48381 ], [ -77.13993, -8.48046 ], [ -77.14249, -8.47553 ], [ -77.13812, -8.46617 ], [ -77.1335, -8.46239 ], [ -77.13105, -8.45428 ], [ -77.13103, -8.44488 ], [ -77.13384, -8.44002 ], [ -77.11978, -8.44765 ], [ -77.10459, -8.44476 ], [ -77.10242, -8.43719 ], [ -77.0932, -8.43447 ], [ -77.0939, -8.42737 ], [ -77.08548, -8.40622 ], [ -77.0742, -8.40536 ], [ -77.07069, -8.3983 ], [ -77.06681, -8.39648 ], [ -77.04707, -8.40389 ], [ -77.03401, -8.40471 ], [ -77.00043, -8.3824 ], [ -76.99247, -8.39014 ], [ -76.99168, -8.3963 ], [ -76.98185, -8.39324 ], [ -76.9769, -8.39614 ], [ -76.9718, -8.39115 ], [ -76.97435, -8.37825 ], [ -76.96837, -8.37124 ], [ -76.96594, -8.36964 ], [ -76.95613, -8.37163 ], [ -76.95125, -8.37571 ], [ -76.94586, -8.36938 ], [ -76.94268, -8.35995 ], [ -76.93176, -8.3613 ], [ -76.927, -8.35926 ], [ -76.92618, -8.35049 ], [ -76.93193, -8.3426 ], [ -76.91375, -8.32609 ], [ -76.91155, -8.31941 ], [ -76.91247, -8.31271 ], [ -76.907, -8.30443 ], [ -76.91052, -8.29507 ], [ -76.90547, -8.28602 ], [ -76.90124, -8.28347 ], [ -76.90445, -8.27195 ], [ -76.9033, -8.26809 ], [ -76.89337, -8.26463 ], [ -76.87811, -8.26991 ], [ -76.87282, -8.26301 ], [ -76.86693, -8.26058 ], [ -76.86561, -8.25639 ], [ -76.86112, -8.25587 ] ] ] } },
{ "type": "Feature", "properties": { "UBIGEO_INEI": "020305", "DEPARTAMEN": "ANCASH", "PROVINCIA": "ANTONIO RAYMONDI", "DISTRITO": "MIRGAS" }, "geometry": { "type": "Polygon", "coordinates": [ [ [ -77.11288, -9.00897 ], [ -77.09916, -9.01185 ], [ -77.0942, -9.01816 ], [ -77.09791, -9.03798 ], [ -77.09517, -9.04922 ], [ -77.09895, -9.05501 ], [ -77.08993, -9.06003 ], [ -77.08561, -9.06592 ], [ -77.06813, -9.07588 ], [ -77.05915, -9.09443 ], [ -77.063, -9.09742 ], [ -77.05543, -9.10954 ], [ -77.06745, -9.11601 ], [ -77.07197, -9.12162 ], [ -77.06183, -9.1374 ], [ -77.05207, -9.17227 ], [ -77.04722, -9.17953 ], [ -77.05321, -9.17834 ], [ -77.05983, -9.17066 ], [ -77.06523, -9.16995 ], [ -77.08742, -9.18446 ], [ -77.09603, -9.18558 ], [ -77.09874, -9.19173 ], [ -77.10292, -9.19413 ], [ -77.11049, -9.19113 ], [ -77.12387, -9.20014 ], [ -77.14221, -9.20242 ], [ -77.14602, -9.19833 ], [ -77.14711, -9.19025 ], [ -77.15152, -9.18747 ], [ -77.15741, -9.17269 ], [ -77.17387, -9.15996 ], [ -77.16689, -9.15003 ], [ -77.15775, -9.14708 ], [ -77.15428, -9.14273 ], [ -77.16064, -9.13398 ], [ -77.16014, -9.13006 ], [ -77.1653, -9.12731 ], [ -77.16835, -9.12206 ], [ -77.16375, -9.11797 ], [ -77.16304, -9.11258 ], [ -77.16671, -9.10855 ], [ -77.15749, -9.10018 ], [ -77.15589, -9.09582 ], [ -77.14411, -9.09566 ], [ -77.14102, -9.09134 ], [ -77.13999, -9.08343 ], [ -77.14363, -9.07842 ], [ -77.14139, -9.0556 ], [ -77.14865, -9.04651 ], [ -77.15239, -9.03372 ], [ -77.14733, -9.02812 ], [ -77.14167, -9.02916 ], [ -77.12583, -9.02296 ], [ -77.11288, -9.00897 ] ] ] } },
{ "type": "Feature", "properties": { "UBIGEO_INEI": "021011", "DEPARTAMEN": "ANCASH", "PROVINCIA": "HUARI", "DISTRITO": "PONTO" }, "geometry": { "type": "Polygon", "coordinates": [ [ [ -76.99294, -9.27087 ], [ -76.99036, -9.27415 ], [ -76.9781, -9.27463 ], [ -76.97411, -9.28084 ], [ -76.97291, -9.28855 ], [ -76.96075, -9.29786 ], [ -76.95969, -9.30397 ], [ -76.94881, -9.31931 ], [ -76.95094, -9.32816 ], [ -76.94693, -9.34961 ], [ -76.94821, -9.35355 ], [ -76.94053, -9.35967 ], [ -76.93714, -9.37014 ], [ -76.92396, -9.38253 ], [ -76.92413, -9.39153 ], [ -76.93065, -9.39314 ], [ -76.93433, -9.39746 ], [ -76.93608, -9.40585 ], [ -76.94968, -9.4042 ], [ -76.95436, -9.40922 ], [ -76.97693, -9.41261 ], [ -76.98211, -9.41006 ], [ -76.98893, -9.40107 ], [ -77.0, -9.39474 ], [ -77.00345, -9.38969 ], [ -77.00212, -9.38256 ], [ -77.007, -9.38031 ], [ -77.02029, -9.37986 ], [ -77.02644, -9.38303 ], [ -77.03067, -9.38226 ], [ -77.03147, -9.37255 ], [ -77.03924, -9.35679 ], [ -77.03591, -9.34582 ], [ -77.03907, -9.32474 ], [ -77.0285, -9.3176 ], [ -77.01768, -9.30209 ], [ -77.0118, -9.29828 ], [ -77.00829, -9.28549 ], [ -77.00003, -9.27387 ], [ -76.99294, -9.27087 ] ] ] } },
{ "type": "Feature", "properties": { "UBIGEO_INEI": "021012", "DEPARTAMEN": "ANCASH", "PROVINCIA": "HUARI", "DISTRITO": "RAHUAPAMPA" }, "geometry": { "type": "Polygon", "coordinates": [ [ [ -77.03885, -9.32488 ], [ -77.03825, -9.33134 ], [ -77.041, -9.33494 ], [ -77.04327, -9.35115 ], [ -77.04805, -9.35694 ], [ -77.05155, -9.35955 ], [ -77.05676, -9.35942 ], [ -77.05691, -9.36524 ], [ -77.06283, -9.36256 ], [ -77.07051, -9.37292 ], [ -77.07572, -9.36661 ], [ -77.0803, -9.3719 ], [ -77.0796, -9.37416 ], [ -77.08645, -9.37715 ], [ -77.09019, -9.3666 ], [ -77.05894, -9.34705 ], [ -77.0409, -9.32948 ], [ -77.03885, -9.32488 ] ] ] } },
{ "type": "Feature", "properties": { "UBIGEO_INEI": "021014", "DEPARTAMEN": "ANCASH", "PROVINCIA": "HUARI", "DISTRITO": "SAN MARCOS" }, "geometry": { "type": "Polygon", "coordinates": [ [ [ -77.15783, -9.42906 ], [ -77.14157, -9.44174 ], [ -77.12965, -9.45565 ], [ -77.11974, -9.46152 ], [ -77.11655, -9.4614 ], [ -77.11514, -9.45758 ], [ -77.1099, -9.45965 ], [ -77.10663, -9.45722 ], [ -77.10104, -9.45729 ], [ -77.09348, -9.4661 ], [ -77.08963, -9.47977 ], [ -77.08531, -9.48502 ], [ -77.07584, -9.486 ], [ -77.06638, -9.49273 ], [ -77.06609, -9.4982 ], [ -77.07104, -9.49776 ], [ -77.07198, -9.5005 ], [ -77.06276, -9.50838 ], [ -77.04886, -9.50985 ], [ -77.03988, -9.49183 ], [ -77.03129, -9.49345 ], [ -77.01712, -9.48786 ], [ -77.00791, -9.5169 ], [ -76.9977, -9.52573 ], [ -76.99366, -9.53572 ], [ -76.98644, -9.54212 ], [ -76.97498, -9.56337 ], [ -76.98152, -9.56542 ], [ -76.98315, -9.57727 ], [ -76.99021, -9.57937 ], [ -76.98824, -9.59249 ], [ -76.99527, -9.60344 ], [ -77.01267, -9.60998 ], [ -77.0153, -9.61427 ], [ -77.02367, -9.61066 ], [ -77.02924, -9.613 ], [ -77.0318, -9.61964 ], [ -77.04497, -9.6283 ], [ -77.04715, -9.63253 ], [ -77.04408, -9.6429 ], [ -77.04849, -9.64746 ], [ -77.04731, -9.65394 ], [ -77.04135, -9.65886 ], [ -77.04076, -9.66801 ], [ -77.0331, -9.68013 ], [ -77.02688, -9.69704 ], [ -77.02227, -9.70225 ], [ -77.03433, -9.70935 ], [ -77.0357, -9.71885 ], [ -77.02823, -9.72387 ], [ -77.02547, -9.72864 ], [ -77.03065, -9.73381 ], [ -77.02622, -9.74854 ], [ -77.03098, -9.75518 ], [ -77.02763, -9.76363 ], [ -77.03884, -9.7791 ], [ -77.04946, -9.78287 ], [ -77.04646, -9.79286 ], [ -77.04771, -9.79518 ], [ -77.05544, -9.79688 ], [ -77.06016, -9.80215 ], [ -77.06998, -9.79703 ], [ -77.07606, -9.79703 ], [ -77.09898, -9.80621 ], [ -77.09849, -9.81285 ], [ -77.101, -9.81826 ], [ -77.09279, -9.83675 ], [ -77.09565, -9.8411 ], [ -77.10283, -9.8411 ], [ -77.11544, -9.83318 ], [ -77.12517, -9.83962 ], [ -77.14166, -9.83323 ], [ -77.14201, -9.82199 ], [ -77.13297, -9.80264 ], [ -77.13908, -9.78881 ], [ -77.13396, -9.77369 ], [ -77.13911, -9.72904 ], [ -77.1362, -9.71889 ], [ -77.13792, -9.71289 ], [ -77.13601, -9.70423 ], [ -77.13828, -9.69983 ], [ -77.13277, -9.68847 ], [ -77.14813, -9.67126 ], [ -77.15877, -9.67487 ], [ -77.17305, -9.67339 ], [ -77.17819, -9.66609 ], [ -77.18624, -9.66165 ], [ -77.18975, -9.64971 ], [ -77.19935, -9.64599 ], [ -77.20224, -9.63493 ], [ -77.1882, -9.62448 ], [ -77.1781, -9.6076 ], [ -77.17394, -9.58507 ], [ -77.17509, -9.5674 ], [ -77.17194, -9.56304 ], [ -77.17268, -9.55956 ], [ -77.16926, -9.55851 ], [ -77.16532, -9.54953 ], [ -77.15793, -9.521 ], [ -77.15033, -9.50704 ], [ -77.15135, -9.49664 ], [ -77.14112, -9.4754 ], [ -77.14225, -9.46858 ], [ -77.15334, -9.45636 ], [ -77.15937, -9.43436 ], [ -77.15783, -9.42906 ] ] ] } },
{ "type": "Feature", "properties": { "UBIGEO_INEI": "021015", "DEPARTAMEN": "ANCASH", "PROVINCIA": "HUARI", "DISTRITO": "SAN PEDRO DE CHANA" }, "geometry": { "type": "Polygon", "coordinates": [ [ [ -77.01861, -9.38008 ], [ -77.00212, -9.38256 ], [ -77.00345, -9.38969 ], [ -77.0, -9.39474 ], [ -76.98893, -9.40107 ], [ -76.98211, -9.41006 ], [ -76.97693, -9.41261 ], [ -76.95436, -9.40922 ], [ -76.94968, -9.4042 ], [ -76.93608, -9.40585 ], [ -76.92924, -9.42613 ], [ -76.9303, -9.43319 ], [ -76.94042, -9.44858 ], [ -76.94848, -9.45269 ], [ -76.94905, -9.45941 ], [ -76.95329, -9.46748 ], [ -76.93862, -9.4917 ], [ -76.93811, -9.50388 ], [ -76.94023, -9.51012 ], [ -76.93755, -9.52537 ], [ -76.94519, -9.53584 ], [ -76.9551, -9.54269 ], [ -76.95289, -9.54781 ], [ -76.95511, -9.5603 ], [ -76.97498, -9.56337 ], [ -76.98644, -9.54212 ], [ -76.99366, -9.53572 ], [ -76.9977, -9.52573 ], [ -77.00791, -9.5169 ], [ -77.02102, -9.47852 ], [ -77.02662, -9.4757 ], [ -77.03736, -9.43695 ], [ -77.0346, -9.42938 ], [ -77.02534, -9.41836 ], [ -77.02325, -9.40567 ], [ -77.03067, -9.38226 ], [ -77.02644, -9.38303 ], [ -77.01861, -9.38008 ] ] ] } },
{ "type": "Feature", "properties": { "UBIGEO_INEI": "021409", "DEPARTAMEN": "ANCASH", "PROVINCIA": "OCROS", "DISTRITO": "SAN PEDRO" }, "geometry": { "type": "Polygon", "coordinates": [ [ [ -77.48875, -10.3444 ], [ -77.47973, -10.34831 ], [ -77.47797, -10.35981 ], [ -77.45894, -10.37024 ], [ -77.45746, -10.36683 ], [ -77.4464, -10.36764 ], [ -77.43981, -10.36294 ], [ -77.42788, -10.36465 ], [ -77.43128, -10.3843 ], [ -77.43398, -10.38713 ], [ -77.4305, -10.40369 ], [ -77.432, -10.40886 ], [ -77.43731, -10.41347 ], [ -77.43687, -10.43373 ], [ -77.44388, -10.44048 ], [ -77.44443, -10.44715 ], [ -77.45058, -10.45623 ], [ -77.45222, -10.47315 ], [ -77.45763, -10.47844 ], [ -77.46008, -10.48578 ], [ -77.45696, -10.49188 ], [ -77.45765, -10.49781 ], [ -77.46438, -10.51833 ], [ -77.4643, -10.52552 ], [ -77.47017, -10.53468 ], [ -77.46651, -10.53924 ], [ -77.47194, -10.54629 ], [ -77.48674, -10.55349 ], [ -77.49135, -10.56195 ], [ -77.49949, -10.56588 ], [ -77.51231, -10.56071 ], [ -77.52041, -10.56297 ], [ -77.53226, -10.55612 ], [ -77.53975, -10.55599 ], [ -77.54513, -10.5652 ], [ -77.56678, -10.57093 ], [ -77.57665, -10.58375 ], [ -77.59599, -10.58541 ], [ -77.60494, -10.59013 ], [ -77.60805, -10.59547 ], [ -77.61931, -10.60229 ], [ -77.61951, -10.61425 ], [ -77.62847, -10.61121 ], [ -77.63816, -10.6029 ], [ -77.64534, -10.58286 ], [ -77.63949, -10.57765 ], [ -77.63821, -10.56303 ], [ -77.63123, -10.56012 ], [ -77.63081, -10.55687 ], [ -77.62528, -10.55462 ], [ -77.62107, -10.54816 ], [ -77.61458, -10.54639 ], [ -77.61287, -10.53818 ], [ -77.61633, -10.52467 ], [ -77.61224, -10.52098 ], [ -77.59965, -10.51745 ], [ -77.60247, -10.50824 ], [ -77.61097, -10.50693 ], [ -77.61441, -10.50327 ], [ -77.62023, -10.50571 ], [ -77.62474, -10.50203 ], [ -77.6301, -10.50687 ], [ -77.62995, -10.51213 ], [ -77.63327, -10.51583 ], [ -77.64108, -10.51385 ], [ -77.65139, -10.53013 ], [ -77.66199, -10.53228 ], [ -77.66924, -10.54057 ], [ -77.67615, -10.53764 ], [ -77.68778, -10.5373 ], [ -77.694, -10.5395 ], [ -77.6984, -10.54394 ], [ -77.70882, -10.54806 ], [ -77.71008, -10.56017 ], [ -77.71573, -10.55969 ], [ -77.72091, -10.55456 ], [ -77.72756, -10.55271 ], [ -77.72989, -10.56301 ], [ -77.73574, -10.56848 ], [ -77.74479, -10.56078 ], [ -77.74669, -10.55311 ], [ -77.74296, -10.54624 ], [ -77.74495, -10.53391 ], [ -77.74314, -10.52897 ], [ -77.73794, -10.52079 ], [ -77.72858, -10.5137 ], [ -77.72188, -10.51189 ], [ -77.72064, -10.50303 ], [ -77.71059, -10.50385 ], [ -77.70941, -10.5004 ], [ -77.71241, -10.49165 ], [ -77.70734, -10.48906 ], [ -77.7084, -10.48491 ], [ -77.7014, -10.46881 ], [ -77.69763, -10.46408 ], [ -77.69363, -10.46326 ], [ -77.68818, -10.45377 ], [ -77.68929, -10.44082 ], [ -77.68392, -10.43139 ], [ -77.67666, -10.43192 ], [ -77.67046, -10.42748 ], [ -77.66578, -10.42712 ], [ -77.66303, -10.41833 ], [ -77.6528, -10.41623 ], [ -77.6453, -10.40866 ], [ -77.63456, -10.41227 ], [ -77.6154, -10.39914 ], [ -77.59811, -10.38285 ], [ -77.59358, -10.38313 ], [ -77.58954, -10.38699 ], [ -77.5802, -10.38852 ], [ -77.56947, -10.38674 ], [ -77.56108, -10.39018 ], [ -77.53354, -10.3863 ], [ -77.52272, -10.3872 ], [ -77.51649, -10.37045 ], [ -77.51633, -10.36353 ], [ -77.50295, -10.35749 ], [ -77.50048, -10.34798 ], [ -77.48875, -10.3444 ] ] ] } },
{ "type": "Feature", "properties": { "UBIGEO_INEI": "021703", "DEPARTAMEN": "ANCASH", "PROVINCIA": "RECUAY", "DISTRITO": "COTAPARACO" }, "geometry": { "type": "Polygon", "coordinates": [ [ [ -77.5364, -9.86145 ], [ -77.53054, -9.86273 ], [ -77.52369, -9.86809 ], [ -77.51824, -9.8659 ], [ -77.50797, -9.86628 ], [ -77.5041, -9.86935 ], [ -77.50328, -9.87476 ], [ -77.49106, -9.8707 ], [ -77.48287, -9.87169 ], [ -77.47235, -9.87658 ], [ -77.47368, -9.88527 ], [ -77.46469, -9.89318 ], [ -77.46283, -9.90273 ], [ -77.45993, -9.90622 ], [ -77.46005, -9.92009 ], [ -77.45609, -9.92658 ], [ -77.45936, -9.93367 ], [ -77.45468, -9.93977 ], [ -77.45635, -9.94267 ], [ -77.46371, -9.94959 ], [ -77.46753, -9.95021 ], [ -77.47822, -9.94144 ], [ -77.48866, -9.94283 ], [ -77.49773, -9.96099 ], [ -77.50629, -9.96638 ], [ -77.51572, -9.97899 ], [ -77.52574, -9.97945 ], [ -77.53606, -9.99141 ], [ -77.54325, -9.99274 ], [ -77.55444, -9.98671 ], [ -77.55528, -9.99183 ], [ -77.56131, -9.99492 ], [ -77.56845, -9.99661 ], [ -77.58325, -9.99532 ], [ -77.58852, -9.99925 ], [ -77.59019, -10.00396 ], [ -77.61081, -10.01803 ], [ -77.61766, -10.02613 ], [ -77.63141, -10.02202 ], [ -77.62873, -9.9983 ], [ -77.62023, -9.97706 ], [ -77.61172, -9.97464 ], [ -77.60817, -9.95014 ], [ -77.59819, -9.94217 ], [ -77.5954, -9.9316 ], [ -77.5858, -9.92343 ], [ -77.57834, -9.90922 ], [ -77.56864, -9.90071 ], [ -77.56375, -9.9004 ], [ -77.56192, -9.89507 ], [ -77.55807, -9.89363 ], [ -77.55025, -9.87906 ], [ -77.55249, -9.87218 ], [ -77.54628, -9.86993 ], [ -77.54219, -9.86331 ], [ -77.5364, -9.86145 ] ] ] } },
{ "type": "Feature", "properties": { "UBIGEO_INEI": "021002", "DEPARTAMEN": "ANCASH", "PROVINCIA": "HUARI", "DISTRITO": "ANRA" }, "geometry": { "type": "Polygon", "coordinates": [ [ [ -76.87899, -9.21208 ], [ -76.8726, -9.21821 ], [ -76.86775, -9.21944 ], [ -76.86579, -9.22862 ], [ -76.86144, -9.23274 ], [ -76.86151, -9.23822 ], [ -76.86494, -9.24365 ], [ -76.8633, -9.24959 ], [ -76.86131, -9.25142 ], [ -76.84956, -9.25124 ], [ -76.84284, -9.26173 ], [ -76.84671, -9.26421 ], [ -76.84794, -9.27218 ], [ -76.85333, -9.27854 ], [ -76.85456, -9.28852 ], [ -76.8679, -9.29127 ], [ -76.87091, -9.30154 ], [ -76.88296, -9.30244 ], [ -76.89321, -9.29712 ], [ -76.8972, -9.28896 ], [ -76.90775, -9.28518 ], [ -76.91669, -9.27595 ], [ -76.91728, -9.27223 ], [ -76.92331, -9.26918 ], [ -76.92804, -9.2609 ], [ -76.93604, -9.25511 ], [ -76.95558, -9.25747 ], [ -76.96276, -9.25616 ], [ -76.96884, -9.25876 ], [ -76.98341, -9.24756 ], [ -76.98367, -9.24499 ], [ -76.97849, -9.24289 ], [ -76.97335, -9.23547 ], [ -76.96992, -9.22702 ], [ -76.97002, -9.22034 ], [ -76.96499, -9.21786 ], [ -76.95668, -9.21784 ], [ -76.94708, -9.2222 ], [ -76.93636, -9.22318 ], [ -76.91966, -9.21794 ], [ -76.91903, -9.22545 ], [ -76.90567, -9.22738 ], [ -76.87899, -9.21208 ] ] ] } },
{ "type": "Feature", "properties": { "UBIGEO_INEI": "021004", "DEPARTAMEN": "ANCASH", "PROVINCIA": "HUARI", "DISTRITO": "CHAVIN DE HUANTAR" }, "geometry": { "type": "Polygon", "coordinates": [ [ [ -77.14931, -9.49462 ], [ -77.1515, -9.49724 ], [ -77.14978, -9.50408 ], [ -77.15253, -9.51346 ], [ -77.15793, -9.521 ], [ -77.16536, -9.54963 ], [ -77.16926, -9.55851 ], [ -77.17268, -9.55956 ], [ -77.17194, -9.56304 ], [ -77.17509, -9.5674 ], [ -77.17394, -9.58507 ], [ -77.1781, -9.6076 ], [ -77.1882, -9.62448 ], [ -77.20231, -9.63385 ], [ -77.19935, -9.64599 ], [ -77.18975, -9.64971 ], [ -77.18624, -9.66165 ], [ -77.17819, -9.66609 ], [ -77.17305, -9.67339 ], [ -77.15877, -9.67487 ], [ -77.14813, -9.67126 ], [ -77.13279, -9.68841 ], [ -77.13828, -9.69983 ], [ -77.13601, -9.70423 ], [ -77.13792, -9.71289 ], [ -77.1362, -9.71889 ], [ -77.13911, -9.72904 ], [ -77.13396, -9.77369 ], [ -77.13908, -9.78881 ], [ -77.13297, -9.80264 ], [ -77.14201, -9.82199 ], [ -77.14166, -9.83323 ], [ -77.16219, -9.82705 ], [ -77.18475, -9.83694 ], [ -77.18881, -9.83403 ], [ -77.20282, -9.8311 ], [ -77.20659, -9.82121 ], [ -77.20968, -9.82453 ], [ -77.21694, -9.82393 ], [ -77.22154, -9.81132 ], [ -77.22572, -9.80664 ], [ -77.23462, -9.80605 ], [ -77.23969, -9.80905 ], [ -77.24403, -9.80759 ], [ -77.23848, -9.78532 ], [ -77.23953, -9.77981 ], [ -77.24339, -9.7781 ], [ -77.24554, -9.77323 ], [ -77.23766, -9.75583 ], [ -77.23079, -9.74749 ], [ -77.23241, -9.74509 ], [ -77.23044, -9.73706 ], [ -77.23612, -9.7258 ], [ -77.23202, -9.71616 ], [ -77.22773, -9.71324 ], [ -77.23026, -9.70629 ], [ -77.2414, -9.7023 ], [ -77.25063, -9.69186 ], [ -77.25219, -9.68546 ], [ -77.24906, -9.67981 ], [ -77.2545, -9.67547 ], [ -77.2566, -9.66638 ], [ -77.2653, -9.66028 ], [ -77.26361, -9.65627 ], [ -77.26971, -9.64874 ], [ -77.26562, -9.64589 ], [ -77.2667, -9.6369 ], [ -77.27386, -9.63423 ], [ -77.28312, -9.61955 ], [ -77.2857, -9.59936 ], [ -77.29179, -9.58697 ], [ -77.29889, -9.57884 ], [ -77.30812, -9.57904 ], [ -77.30983, -9.57206 ], [ -77.30081, -9.55501 ], [ -77.30908, -9.54232 ], [ -77.30467, -9.53528 ], [ -77.31124, -9.51701 ], [ -77.29462, -9.5061 ], [ -77.29154, -9.50583 ], [ -77.2894, -9.5097 ], [ -77.27794, -9.51063 ], [ -77.27484, -9.5134 ], [ -77.2608, -9.50914 ], [ -77.2533, -9.50208 ], [ -77.24069, -9.51327 ], [ -77.23803, -9.5134 ], [ -77.23715, -9.50752 ], [ -77.23084, -9.5052 ], [ -77.21541, -9.50624 ], [ -77.21027, -9.51832 ], [ -77.20284, -9.51379 ], [ -77.19862, -9.51439 ], [ -77.18997, -9.50314 ], [ -77.17768, -9.50336 ], [ -77.17104, -9.49703 ], [ -77.14931, -9.49462 ] ] ] } },
{ "type": "Feature", "properties": { "UBIGEO_INEI": "021005", "DEPARTAMEN": "ANCASH", "PROVINCIA": "HUARI", "DISTRITO": "HUACACHI" }, "geometry": { "type": "Polygon", "coordinates": [ [ [ -76.98376, -9.24535 ], [ -76.97592, -9.255 ], [ -76.96884, -9.25876 ], [ -76.96276, -9.25616 ], [ -76.95558, -9.25747 ], [ -76.93604, -9.25511 ], [ -76.92804, -9.2609 ], [ -76.92331, -9.26918 ], [ -76.91728, -9.27223 ], [ -76.91669, -9.27595 ], [ -76.90775, -9.28518 ], [ -76.8972, -9.28896 ], [ -76.89321, -9.29712 ], [ -76.88296, -9.30244 ], [ -76.8701, -9.30091 ], [ -76.8662, -9.30533 ], [ -76.87026, -9.31443 ], [ -76.87823, -9.31804 ], [ -76.88183, -9.32668 ], [ -76.89292, -9.33196 ], [ -76.89957, -9.34936 ], [ -76.9006, -9.35907 ], [ -76.90959, -9.36855 ], [ -76.9179, -9.36951 ], [ -76.92396, -9.38253 ], [ -76.93714, -9.37014 ], [ -76.94053, -9.35967 ], [ -76.94821, -9.35355 ], [ -76.94693, -9.34961 ], [ -76.95094, -9.32816 ], [ -76.94881, -9.31931 ], [ -76.95969, -9.30397 ], [ -76.96075, -9.29786 ], [ -76.97012, -9.29232 ], [ -76.9781, -9.27463 ], [ -76.99036, -9.27415 ], [ -76.99294, -9.27087 ], [ -76.98934, -9.26455 ], [ -76.99086, -9.26079 ], [ -76.98933, -9.25003 ], [ -76.98376, -9.24535 ] ] ] } },
{ "type": "Feature", "properties": { "UBIGEO_INEI": "021007", "DEPARTAMEN": "ANCASH", "PROVINCIA": "HUARI", "DISTRITO": "HUACHIS" }, "geometry": { "type": "Polygon", "coordinates": [ [ [ -77.03824, -9.33136 ], [ -77.03591, -9.34582 ], [ -77.03924, -9.35679 ], [ -77.03147, -9.37255 ], [ -77.03029, -9.38377 ], [ -77.0231, -9.4044 ], [ -77.02534, -9.41836 ], [ -77.0346, -9.42938 ], [ -77.03734, -9.43726 ], [ -77.02662, -9.4757 ], [ -77.02126, -9.4782 ], [ -77.01712, -9.48786 ], [ -77.03129, -9.49345 ], [ -77.03988, -9.49183 ], [ -77.04387, -9.49708 ], [ -77.04721, -9.50874 ], [ -77.05586, -9.51021 ], [ -77.06276, -9.50838 ], [ -77.07156, -9.50166 ], [ -77.07104, -9.49776 ], [ -77.06609, -9.4982 ], [ -77.06638, -9.49273 ], [ -77.07584, -9.486 ], [ -77.08531, -9.48502 ], [ -77.08963, -9.47977 ], [ -77.09348, -9.4661 ], [ -77.10104, -9.45729 ], [ -77.10663, -9.45722 ], [ -77.1099, -9.45965 ], [ -77.11514, -9.45758 ], [ -77.11655, -9.4614 ], [ -77.11974, -9.46152 ], [ -77.12965, -9.45565 ], [ -77.14157, -9.44174 ], [ -77.15819, -9.42851 ], [ -77.15421, -9.42583 ], [ -77.15312, -9.41534 ], [ -77.14717, -9.39992 ], [ -77.14138, -9.3942 ], [ -77.11817, -9.3869 ], [ -77.11301, -9.38232 ], [ -77.10921, -9.37246 ], [ -77.10352, -9.36831 ], [ -77.09019, -9.3666 ], [ -77.08879, -9.37336 ], [ -77.08396, -9.37748 ], [ -77.07572, -9.36661 ], [ -77.07051, -9.37292 ], [ -77.06283, -9.36256 ], [ -77.05691, -9.36524 ], [ -77.05676, -9.35942 ], [ -77.05027, -9.35914 ], [ -77.04327, -9.35115 ], [ -77.041, -9.33494 ], [ -77.03824, -9.33136 ] ] ] } },
{ "type": "Feature", "properties": { "UBIGEO_INEI": "021408", "DEPARTAMEN": "ANCASH", "PROVINCIA": "OCROS", "DISTRITO": "SAN CRISTOBAL DE RAJAN" }, "geometry": { "type": "Polygon", "coordinates": [ [ [ -77.25691, -10.35781 ], [ -77.2491, -10.36177 ], [ -77.24618, -10.36888 ], [ -77.23151, -10.38255 ], [ -77.22107, -10.38288 ], [ -77.21573, -10.38537 ], [ -77.1913, -10.4092 ], [ -77.18924, -10.41765 ], [ -77.17301, -10.44375 ], [ -77.18908, -10.45745 ], [ -77.18943, -10.46052 ], [ -77.20326, -10.45592 ], [ -77.21528, -10.45819 ], [ -77.23345, -10.45624 ], [ -77.2504, -10.44806 ], [ -77.26259, -10.43636 ], [ -77.26301, -10.43324 ], [ -77.25886, -10.42966 ], [ -77.25755, -10.41768 ], [ -77.26561, -10.40936 ], [ -77.26135, -10.40319 ], [ -77.26239, -10.39499 ], [ -77.26532, -10.39166 ], [ -77.28104, -10.38781 ], [ -77.27366, -10.37339 ], [ -77.25691, -10.35781 ] ] ] } },
{ "type": "Feature", "properties": { "UBIGEO_INEI": "021801", "DEPARTAMEN": "ANCASH", "PROVINCIA": "SANTA", "DISTRITO": "CHIMBOTE" }, "geometry": { "type": "Polygon", "coordinates": [ [ [ -78.23557, -8.65368 ], [ -78.23856, -8.65908 ], [ -78.23615, -8.68789 ], [ -78.23252, -8.69383 ], [ -78.22604, -8.72237 ], [ -78.2127, -8.73596 ], [ -78.20759, -8.74745 ], [ -78.19832, -8.7552 ], [ -78.19797, -8.758 ], [ -78.20661, -8.7666 ], [ -78.21315, -8.78091 ], [ -78.22766, -8.77915 ], [ -78.23541, -8.78082 ], [ -78.24708, -8.79028 ], [ -78.25369, -8.80037 ], [ -78.25176, -8.80672 ], [ -78.25279, -8.81854 ], [ -78.24842, -8.82324 ], [ -78.24491, -8.83896 ], [ -78.22665, -8.84522 ], [ -78.21246, -8.85627 ], [ -78.20449, -8.85658 ], [ -78.20192, -8.85996 ], [ -78.2012, -8.86467 ], [ -78.23599, -8.89032 ], [ -78.23758, -8.90022 ], [ -78.23524, -8.90796 ], [ -78.22968, -8.91383 ], [ -78.22535, -8.92358 ], [ -78.2126, -8.93363 ], [ -78.20214, -8.93425 ], [ -78.19075, -8.93974 ], [ -78.19172, -8.94623 ], [ -78.18714, -8.95384 ], [ -78.18522, -8.96385 ], [ -78.18215, -8.96678 ], [ -78.19509, -8.9817 ], [ -78.19585, -8.98597 ], [ -78.21957, -8.99 ], [ -78.22788, -9.00159 ], [ -78.2351, -9.00445 ], [ -78.2522, -9.00561 ], [ -78.25933, -9.01184 ], [ -78.26684, -9.01108 ], [ -78.27175, -9.00652 ], [ -78.2764, -9.01398 ], [ -78.2837, -9.01936 ], [ -78.28603, -9.01533 ], [ -78.29501, -9.01042 ], [ -78.30302, -9.00843 ], [ -78.30994, -9.0097 ], [ -78.31886, -9.00651 ], [ -78.32524, -9.00899 ], [ -78.32617, -9.00622 ], [ -78.33673, -9.00212 ], [ -78.35247, -9.01321 ], [ -78.3649, -9.00753 ], [ -78.37462, -9.00858 ], [ -78.37795, -9.0154 ], [ -78.38747, -9.01993 ], [ -78.39104, -9.02689 ], [ -78.39639, -9.02894 ], [ -78.40243, -9.02117 ], [ -78.40639, -9.0097 ], [ -78.42266, -9.00615 ], [ -78.42828, -9.01385 ], [ -78.43411, -9.01462 ], [ -78.44352, -9.0223 ], [ -78.45295, -9.02484 ], [ -78.45415, -9.02857 ], [ -78.46133, -9.03239 ], [ -78.46853, -9.04538 ], [ -78.47814, -9.05239 ], [ -78.48339, -9.05448 ], [ -78.49169, -9.05351 ], [ -78.50211, -9.06458 ], [ -78.51056, -9.06776 ], [ -78.51268, -9.07101 ], [ -78.52832, -9.07396 ], [ -78.53579, -9.08827 ], [ -78.54374, -9.08525 ], [ -78.54613, -9.09344 ], [ -78.53859, -9.10029 ], [ -78.53938, -9.10574 ], [ -78.5401, -9.10856 ], [ -78.54499, -9.1097 ], [ -78.55311, -9.11901 ], [ -78.55382, -9.14068 ], [ -78.55869, -9.14701 ], [ -78.56086, -9.12242 ], [ -78.56683, -9.12425 ], [ -78.56087, -9.12236 ], [ -78.56299, -9.12117 ], [ -78.56163, -9.11912 ], [ -78.56376, -9.11984 ], [ -78.56213, -9.11744 ], [ -78.56446, -9.11596 ], [ -78.56385, -9.11338 ], [ -78.56563, -9.11397 ], [ -78.56413, -9.1125 ], [ -78.56624, -9.11322 ], [ -78.56414, -9.11245 ], [ -78.56532, -9.10933 ], [ -78.56689, -9.11019 ], [ -78.56534, -9.10929 ], [ -78.5704, -9.09943 ], [ -78.57499, -9.09316 ], [ -78.57683, -9.09399 ], [ -78.57659, -9.091 ], [ -78.57809, -9.08933 ], [ -78.58009, -9.09113 ], [ -78.57827, -9.08917 ], [ -78.58268, -9.08416 ], [ -78.59492, -9.0775 ], [ -78.60001, -9.07662 ], [ -78.60042, -9.07927 ], [ -78.60014, -9.07666 ], [ -78.6013, -9.07803 ], [ -78.60556, -9.07529 ], [ -78.61245, -9.07991 ], [ -78.61028, -9.07647 ], [ -78.61168, -9.07402 ], [ -78.61698, -9.07992 ], [ -78.61218, -9.07424 ], [ -78.61409, -9.07242 ], [ -78.62243, -9.0765 ], [ -78.62355, -9.08031 ], [ -78.63329, -9.06678 ], [ -78.631, -9.05751 ], [ -78.63865, -9.04748 ], [ -78.62852, -9.04854 ], [ -78.62614, -9.03789 ], [ -78.61949, -9.03403 ], [ -78.60355, -9.03059 ], [ -78.5983, -9.02474 ], [ -78.58969, -9.02842 ], [ -78.57352, -9.02135 ], [ -78.57033, -9.0175 ], [ -78.58354, -8.98377 ], [ -78.58456, -8.9792 ], [ -78.58249, -8.9759 ], [ -78.60482, -8.95487 ], [ -78.59166, -8.946 ], [ -78.58994, -8.94262 ], [ -78.59029, -8.92656 ], [ -78.57979, -8.90544 ], [ -78.57648, -8.88905 ], [ -78.58279, -8.86568 ], [ -78.58828, -8.85868 ], [ -78.58253, -8.84662 ], [ -78.5758, -8.81973 ], [ -78.56541, -8.79791 ], [ -78.56534, -8.7926 ], [ -78.55161, -8.77504 ], [ -78.5301, -8.76378 ], [ -78.52626, -8.75777 ], [ -78.51814, -8.75298 ], [ -78.50093, -8.74866 ], [ -78.49825, -8.75097 ], [ -78.48724, -8.75116 ], [ -78.4664, -8.74086 ], [ -78.43841, -8.73275 ], [ -78.42533, -8.7239 ], [ -78.41133, -8.70876 ], [ -78.40308, -8.70794 ], [ -78.39733, -8.70256 ], [ -78.39024, -8.70231 ], [ -78.38778, -8.69848 ], [ -78.37917, -8.69657 ], [ -78.3732, -8.68724 ], [ -78.35481, -8.67328 ], [ -78.35111, -8.67234 ], [ -78.34587, -8.67604 ], [ -78.33821, -8.67596 ], [ -78.33425, -8.66645 ], [ -78.32924, -8.66767 ], [ -78.32523, -8.6649 ], [ -78.31095, -8.66721 ], [ -78.30118, -8.66395 ], [ -78.29626, -8.65872 ], [ -78.28717, -8.66255 ], [ -78.27414, -8.6565 ], [ -78.24736, -8.65858 ], [ -78.23557, -8.65368 ] ] ] } },
{ "type": "Feature", "properties": { "UBIGEO_INEI": "100704", "DEPARTAMEN": "HUANUCO", "PROVINCIA": "MARAÑON", "DISTRITO": "LA MORADA" }, "geometry": { "type": "Polygon", "coordinates": [ [ [ -76.27038, -8.62992 ], [ -76.26287, -8.6377 ], [ -76.26936, -8.64659 ], [ -76.26946, -8.65249 ], [ -76.25274, -8.66543 ], [ -76.24864, -8.68089 ], [ -76.24875, -8.68382 ], [ -76.25563, -8.68303 ], [ -76.25739, -8.6852 ], [ -76.25359, -8.69327 ], [ -76.2574, -8.70664 ], [ -76.24407, -8.71882 ], [ -76.24206, -8.72858 ], [ -76.22868, -8.74503 ], [ -76.23048, -8.74801 ], [ -76.24209, -8.74683 ], [ -76.24499, -8.7494 ], [ -76.2421, -8.75533 ], [ -76.23278, -8.75511 ], [ -76.23001, -8.75832 ], [ -76.23829, -8.76299 ], [ -76.24077, -8.76721 ], [ -76.23272, -8.77875 ], [ -76.23712, -8.79311 ], [ -76.23169, -8.79723 ], [ -76.22477, -8.79138 ], [ -76.21854, -8.79175 ], [ -76.21062, -8.78873 ], [ -76.20747, -8.79104 ], [ -76.20772, -8.78727 ], [ -76.19787, -8.78185 ], [ -76.19673, -8.78539 ], [ -76.19919, -8.78742 ], [ -76.19648, -8.79361 ], [ -76.18968, -8.79595 ], [ -76.19663, -8.79872 ], [ -76.1955, -8.80141 ], [ -76.19127, -8.80157 ], [ -76.19513, -8.80346 ], [ -76.19612, -8.80735 ], [ -76.20373, -8.80905 ], [ -76.20333, -8.8126 ], [ -76.19776, -8.81511 ], [ -76.20218, -8.81523 ], [ -76.19991, -8.81829 ], [ -76.20019, -8.8248 ], [ -76.20697, -8.8238 ], [ -76.20386, -8.82681 ], [ -76.20456, -8.83146 ], [ -76.20095, -8.83237 ], [ -76.20125, -8.83524 ], [ -76.20813, -8.83374 ], [ -76.20634, -8.83928 ], [ -76.21498, -8.84105 ], [ -76.21981, -8.84804 ], [ -76.22437, -8.84719 ], [ -76.22222, -8.85565 ], [ -76.22719, -8.85948 ], [ -76.22207, -8.85955 ], [ -76.22077, -8.8617 ], [ -76.22868, -8.86551 ], [ -76.229, -8.86996 ], [ -76.22404, -8.87118 ], [ -76.22317, -8.87601 ], [ -76.22787, -8.87771 ], [ -76.22524, -8.88137 ], [ -76.21872, -8.88154 ], [ -76.22512, -8.88698 ], [ -76.22239, -8.89118 ], [ -76.21822, -8.89191 ], [ -76.22034, -8.89541 ], [ -76.21934, -8.90217 ], [ -76.22484, -8.90422 ], [ -76.22091, -8.91065 ], [ -76.22394, -8.91617 ], [ -76.21708, -8.91723 ], [ -76.21593, -8.92461 ], [ -76.21746, -8.92563 ], [ -76.22069, -8.92254 ], [ -76.22191, -8.92869 ], [ -76.2263, -8.93101 ], [ -76.22505, -8.93469 ], [ -76.22902, -8.9408 ], [ -76.23598, -8.94536 ], [ -76.22982, -8.95089 ], [ -76.23017, -8.95751 ], [ -76.24353, -8.96481 ], [ -76.24075, -8.96827 ], [ -76.24172, -8.97036 ], [ -76.25255, -8.97056 ], [ -76.25225, -8.97689 ], [ -76.25873, -8.97809 ], [ -76.26329, -8.97481 ], [ -76.26742, -8.97548 ], [ -76.26734, -8.98084 ], [ -76.2788, -8.99661 ], [ -76.28356, -8.99537 ], [ -76.29094, -8.99891 ], [ -76.29359, -8.99685 ], [ -76.29968, -9.00155 ], [ -76.29978, -9.00499 ], [ -76.30519, -9.00596 ], [ -76.30823, -9.00925 ], [ -76.31318, -9.00837 ], [ -76.31876, -9.01212 ], [ -76.32573, -9.0123 ], [ -76.32805, -9.01632 ], [ -76.35304, -9.02418 ], [ -76.37067, -9.02534 ], [ -76.374, -9.02047 ], [ -76.38091, -9.01822 ], [ -76.38143, -9.01299 ], [ -76.3897, -9.01285 ], [ -76.39728, -9.00292 ], [ -76.41802, -8.98689 ], [ -76.4373, -8.9856 ], [ -76.44962, -8.99557 ], [ -76.45551, -8.99471 ], [ -76.46585, -9.00649 ], [ -76.47668, -9.01438 ], [ -76.51047, -9.01658 ], [ -76.51702, -9.0224 ], [ -76.52999, -9.02793 ], [ -76.54341, -9.01464 ], [ -76.55409, -9.02213 ], [ -76.56123, -9.02116 ], [ -76.57165, -9.0321 ], [ -76.58498, -9.03761 ], [ -76.59533, -9.04836 ], [ -76.60923, -9.05262 ], [ -76.61753, -9.05431 ], [ -76.62717, -9.05021 ], [ -76.63766, -9.04141 ], [ -76.65244, -9.0253 ], [ -76.64691, -9.01759 ], [ -76.64032, -9.01538 ], [ -76.62845, -9.01687 ], [ -76.62305, -9.01057 ], [ -76.62277, -9.00482 ], [ -76.61522, -8.99836 ], [ -76.60256, -8.99504 ], [ -76.59389, -8.98465 ], [ -76.58846, -8.98372 ], [ -76.57677, -8.97605 ], [ -76.57165, -8.96887 ], [ -76.56637, -8.94782 ], [ -76.53698, -8.9298 ], [ -76.52624, -8.92686 ], [ -76.51761, -8.92872 ], [ -76.51377, -8.9238 ], [ -76.50039, -8.91661 ], [ -76.49356, -8.91865 ], [ -76.4852, -8.93064 ], [ -76.48085, -8.93076 ], [ -76.48006, -8.92395 ], [ -76.47658, -8.91955 ], [ -76.458, -8.90703 ], [ -76.45155, -8.8902 ], [ -76.42881, -8.88066 ], [ -76.42934, -8.87051 ], [ -76.41731, -8.85908 ], [ -76.41451, -8.85352 ], [ -76.41466, -8.84095 ], [ -76.42114, -8.8258 ], [ -76.41696, -8.81727 ], [ -76.41721, -8.80609 ], [ -76.42029, -8.79835 ], [ -76.40262, -8.78514 ], [ -76.39389, -8.78305 ], [ -76.38461, -8.77624 ], [ -76.37225, -8.77972 ], [ -76.3627, -8.77614 ], [ -76.35797, -8.77712 ], [ -76.34909, -8.77246 ], [ -76.35165, -8.76874 ], [ -76.34942, -8.76218 ], [ -76.35226, -8.75515 ], [ -76.33988, -8.7358 ], [ -76.34271, -8.7286 ], [ -76.35254, -8.7265 ], [ -76.35659, -8.72153 ], [ -76.36832, -8.7158 ], [ -76.36717, -8.71 ], [ -76.35727, -8.70221 ], [ -76.35394, -8.69385 ], [ -76.34516, -8.69168 ], [ -76.33408, -8.67943 ], [ -76.31984, -8.671 ], [ -76.31226, -8.67114 ], [ -76.30476, -8.66246 ], [ -76.29808, -8.64687 ], [ -76.28902, -8.64136 ], [ -76.28574, -8.63613 ], [ -76.27038, -8.62992 ] ] ] } },
{ "type": "Feature", "properties": { "UBIGEO_INEI": "100705", "DEPARTAMEN": "HUANUCO", "PROVINCIA": "MARAÑON", "DISTRITO": "SANTA ROSA DE ALTO YANAJANCA" }, "geometry": { "type": "Polygon", "coordinates": [ [ [ -76.32482, -8.53486 ], [ -76.31566, -8.53397 ], [ -76.31519, -8.54044 ], [ -76.3102, -8.54763 ], [ -76.29967, -8.55685 ], [ -76.30714, -8.5691 ], [ -76.30581, -8.57324 ], [ -76.30206, -8.57436 ], [ -76.29547, -8.56987 ], [ -76.28826, -8.56894 ], [ -76.28036, -8.57356 ], [ -76.27961, -8.5774 ], [ -76.28645, -8.58017 ], [ -76.28733, -8.58544 ], [ -76.27303, -8.5949 ], [ -76.27524, -8.60471 ], [ -76.26406, -8.6103 ], [ -76.26353, -8.61271 ], [ -76.27038, -8.62992 ], [ -76.28574, -8.63613 ], [ -76.28992, -8.64211 ], [ -76.2968, -8.64527 ], [ -76.30476, -8.66246 ], [ -76.31226, -8.67114 ], [ -76.31984, -8.671 ], [ -76.33408, -8.67943 ], [ -76.34516, -8.69168 ], [ -76.35394, -8.69385 ], [ -76.35727, -8.70221 ], [ -76.36717, -8.71 ], [ -76.36832, -8.7158 ], [ -76.35659, -8.72153 ], [ -76.35254, -8.7265 ], [ -76.34271, -8.7286 ], [ -76.33988, -8.7358 ], [ -76.35226, -8.75515 ], [ -76.34942, -8.76218 ], [ -76.35165, -8.76874 ], [ -76.34909, -8.77246 ], [ -76.35797, -8.77712 ], [ -76.3627, -8.77614 ], [ -76.37225, -8.77972 ], [ -76.38461, -8.77624 ], [ -76.39389, -8.78305 ], [ -76.40262, -8.78514 ], [ -76.41961, -8.79748 ], [ -76.41696, -8.81727 ], [ -76.42114, -8.8258 ], [ -76.41466, -8.84095 ], [ -76.41476, -8.8547 ], [ -76.42934, -8.87051 ], [ -76.42881, -8.88066 ], [ -76.45155, -8.8902 ], [ -76.458, -8.90703 ], [ -76.47658, -8.91955 ], [ -76.48006, -8.92395 ], [ -76.48085, -8.93076 ], [ -76.4852, -8.93064 ], [ -76.49356, -8.91865 ], [ -76.50039, -8.91661 ], [ -76.51377, -8.9238 ], [ -76.51761, -8.92872 ], [ -76.52624, -8.92686 ], [ -76.54646, -8.93454 ], [ -76.55173, -8.94026 ], [ -76.56637, -8.94782 ], [ -76.57165, -8.96887 ], [ -76.57677, -8.97605 ], [ -76.58846, -8.98372 ], [ -76.59389, -8.98465 ], [ -76.60256, -8.99504 ], [ -76.61522, -8.99836 ], [ -76.62277, -9.00482 ], [ -76.62305, -9.01057 ], [ -76.62845, -9.01687 ], [ -76.6394, -9.01601 ], [ -76.64727, -9.01003 ], [ -76.65109, -8.99808 ], [ -76.65606, -8.99383 ], [ -76.65691, -8.98277 ], [ -76.66513, -8.97438 ], [ -76.68454, -8.94265 ], [ -76.6815, -8.93735 ], [ -76.68377, -8.9313 ], [ -76.69642, -8.92964 ], [ -76.69927, -8.92425 ], [ -76.69957, -8.91665 ], [ -76.70604, -8.91194 ], [ -76.7116, -8.91211 ], [ -76.71316, -8.9005 ], [ -76.71931, -8.89563 ], [ -76.7209, -8.89116 ], [ -76.71879, -8.88586 ], [ -76.72284, -8.88044 ], [ -76.71061, -8.86101 ], [ -76.71205, -8.85248 ], [ -76.69827, -8.84777 ], [ -76.69107, -8.83612 ], [ -76.69024, -8.82543 ], [ -76.68471, -8.82233 ], [ -76.68283, -8.81674 ], [ -76.67553, -8.81771 ], [ -76.67394, -8.80803 ], [ -76.65534, -8.79937 ], [ -76.64272, -8.78482 ], [ -76.63799, -8.78325 ], [ -76.6372, -8.77519 ], [ -76.62896, -8.76464 ], [ -76.62527, -8.76412 ], [ -76.6259, -8.74768 ], [ -76.61942, -8.74428 ], [ -76.61533, -8.73866 ], [ -76.60877, -8.74007 ], [ -76.60037, -8.73502 ], [ -76.60462, -8.73177 ], [ -76.60548, -8.7177 ], [ -76.6081, -8.71216 ], [ -76.60651, -8.70858 ], [ -76.58759, -8.70054 ], [ -76.58078, -8.70347 ], [ -76.57392, -8.69871 ], [ -76.56492, -8.69929 ], [ -76.55864, -8.69279 ], [ -76.56003, -8.68495 ], [ -76.55661, -8.68048 ], [ -76.55057, -8.68599 ], [ -76.53689, -8.68084 ], [ -76.50758, -8.68538 ], [ -76.49806, -8.68404 ], [ -76.49322, -8.681 ], [ -76.49236, -8.67519 ], [ -76.48705, -8.67372 ], [ -76.46969, -8.65723 ], [ -76.46155, -8.6543 ], [ -76.45336, -8.64262 ], [ -76.44784, -8.63933 ], [ -76.42778, -8.63655 ], [ -76.40074, -8.61866 ], [ -76.39365, -8.61965 ], [ -76.38778, -8.616 ], [ -76.37007, -8.615 ], [ -76.36731, -8.6062 ], [ -76.35315, -8.60673 ], [ -76.35006, -8.60128 ], [ -76.35434, -8.59525 ], [ -76.3546, -8.5891 ], [ -76.34546, -8.58601 ], [ -76.34087, -8.57466 ], [ -76.33949, -8.56592 ], [ -76.34281, -8.55939 ], [ -76.3412, -8.55319 ], [ -76.33642, -8.54385 ], [ -76.32482, -8.53486 ] ] ] } },
{ "type": "Feature", "properties": { "UBIGEO_INEI": "100608", "DEPARTAMEN": "HUANUCO", "PROVINCIA": "LEONCIO PRADO", "DISTRITO": "CASTILLO GRANDE" }, "geometry": { "type": "Polygon", "coordinates": [ [ [ -76.08505, -9.12665 ], [ -76.07576, -9.13261 ], [ -76.07102, -9.13217 ], [ -76.07301, -9.13886 ], [ -76.06884, -9.144 ], [ -76.05571, -9.14159 ], [ -76.04478, -9.14375 ], [ -76.02999, -9.14811 ], [ -76.01899, -9.15727 ], [ -76.01903, -9.16673 ], [ -76.00854, -9.1861 ], [ -75.99429, -9.22411 ], [ -76.00073, -9.23469 ], [ -76.00614, -9.25556 ], [ -75.99966, -9.28039 ], [ -76.00108, -9.29261 ], [ -76.00834, -9.30759 ], [ -76.02022, -9.30428 ], [ -76.02814, -9.29851 ], [ -76.02839, -9.29284 ], [ -76.03136, -9.29008 ], [ -76.0287, -9.2848 ], [ -76.02824, -9.27333 ], [ -76.03486, -9.26866 ], [ -76.04055, -9.25678 ], [ -76.05009, -9.25032 ], [ -76.05019, -9.24543 ], [ -76.04514, -9.24231 ], [ -76.04054, -9.24336 ], [ -76.03946, -9.23973 ], [ -76.05147, -9.22956 ], [ -76.04995, -9.22704 ], [ -76.05802, -9.21171 ], [ -76.0689, -9.20725 ], [ -76.06738, -9.20125 ], [ -76.06968, -9.19568 ], [ -76.07342, -9.19638 ], [ -76.07796, -9.19198 ], [ -76.08985, -9.19338 ], [ -76.09191, -9.18655 ], [ -76.09585, -9.18431 ], [ -76.09614, -9.17266 ], [ -76.09286, -9.1667 ], [ -76.09437, -9.1589 ], [ -76.08824, -9.15683 ], [ -76.08671, -9.15205 ], [ -76.08237, -9.15009 ], [ -76.08392, -9.14617 ], [ -76.0823, -9.1337 ], [ -76.08505, -9.12665 ] ] ] } },
{ "type": "Feature", "properties": { "UBIGEO_INEI": "010611", "DEPARTAMEN": "AMAZONAS", "PROVINCIA": "RODRIGUEZ DE MENDOZA", "DISTRITO": "TOTORA" }, "geometry": { "type": "Polygon", "coordinates": [ [ [ -77.46373, -6.46842 ], [ -77.45721, -6.47065 ], [ -77.44992, -6.48332 ], [ -77.45059, -6.50192 ], [ -77.44197, -6.51115 ], [ -77.4396, -6.51812 ], [ -77.44235, -6.5166 ], [ -77.44841, -6.51852 ], [ -77.47622, -6.50887 ], [ -77.47629, -6.50437 ], [ -77.48267, -6.49495 ], [ -77.49662, -6.48216 ], [ -77.49738, -6.47724 ], [ -77.4819, -6.47129 ], [ -77.46373, -6.46842 ] ] ] } },
{ "type": "Feature", "properties": { "UBIGEO_INEI": "010121", "DEPARTAMEN": "AMAZONAS", "PROVINCIA": "CHACHAPOYAS", "DISTRITO": "SONCHE" }, "geometry": { "type": "Polygon", "coordinates": [ [ [ -77.86135, -6.11924 ], [ -77.8421, -6.12847 ], [ -77.82895, -6.12818 ], [ -77.82187, -6.1305 ], [ -77.8121, -6.12678 ], [ -77.8036, -6.12788 ], [ -77.78897, -6.12466 ], [ -77.78036, -6.1312 ], [ -77.77468, -6.13977 ], [ -77.77058, -6.14128 ], [ -77.7665, -6.14908 ], [ -77.75205, -6.16336 ], [ -77.73564, -6.17225 ], [ -77.72722, -6.17247 ], [ -77.72833, -6.18789 ], [ -77.73037, -6.19068 ], [ -77.72781, -6.19754 ], [ -77.73074, -6.20188 ], [ -77.72767, -6.20977 ], [ -77.73016, -6.21416 ], [ -77.75138, -6.21918 ], [ -77.75888, -6.22499 ], [ -77.76368, -6.2259 ], [ -77.76491, -6.22336 ], [ -77.76947, -6.22304 ], [ -77.78855, -6.22878 ], [ -77.79197, -6.22451 ], [ -77.79651, -6.22432 ], [ -77.79973, -6.22107 ], [ -77.81196, -6.22653 ], [ -77.82334, -6.21721 ], [ -77.83119, -6.21428 ], [ -77.83579, -6.21023 ], [ -77.83481, -6.19864 ], [ -77.84699, -6.17942 ], [ -77.8582, -6.15051 ], [ -77.86457, -6.14335 ], [ -77.86739, -6.1349 ], [ -77.86135, -6.11924 ] ] ] } },
{ "type": "Feature", "properties": { "UBIGEO_INEI": "010117", "DEPARTAMEN": "AMAZONAS", "PROVINCIA": "CHACHAPOYAS", "DISTRITO": "QUINJALCA" }, "geometry": { "type": "Polygon", "coordinates": [ [ [ -77.70291, -6.02618 ], [ -77.68063, -6.04884 ], [ -77.66223, -6.07194 ], [ -77.66011, -6.08135 ], [ -77.65066, -6.08335 ], [ -77.64096, -6.09466 ], [ -77.64196, -6.10384 ], [ -77.63428, -6.1105 ], [ -77.63699, -6.13918 ], [ -77.6407, -6.14864 ], [ -77.64597, -6.14899 ], [ -77.65886, -6.14288 ], [ -77.68003, -6.12715 ], [ -77.69529, -6.14401 ], [ -77.70178, -6.15697 ], [ -77.71805, -6.16275 ], [ -77.72722, -6.17247 ], [ -77.73564, -6.17225 ], [ -77.74852, -6.1644 ], [ -77.7478, -6.14937 ], [ -77.74219, -6.14551 ], [ -77.72431, -6.14087 ], [ -77.72276, -6.13642 ], [ -77.70165, -6.11866 ], [ -77.70786, -6.101 ], [ -77.70189, -6.06191 ], [ -77.70757, -6.05105 ], [ -77.71382, -6.04482 ], [ -77.70291, -6.02618 ] ] ] } },
{ "type": "Feature", "properties": { "UBIGEO_INEI": "160502", "DEPARTAMEN": "LORETO", "PROVINCIA": "REQUENA", "DISTRITO": "ALTO TAPICHE" }, "geometry": { "type": "Polygon", "coordinates": [ [ [ -74.17844, -5.94621 ], [ -74.17021, -5.95609 ], [ -74.14652, -5.96885 ], [ -74.1384, -5.97818 ], [ -74.12353, -5.98433 ], [ -74.11689, -5.99463 ], [ -74.1156, -6.00592 ], [ -74.11278, -6.00938 ], [ -74.07652, -6.02219 ], [ -74.03899, -6.03105 ], [ -74.01226, -6.04439 ], [ -74.01321, -6.08838 ], [ -74.01852, -6.1047 ], [ -74.03115, -6.17381 ], [ -74.02236, -6.20441 ], [ -74.03561, -6.27704 ], [ -74.03978, -6.34478 ], [ -74.03641, -6.37028 ], [ -74.02218, -6.43578 ], [ -74.00905, -6.44533 ], [ -74.00489, -6.46078 ], [ -74.0045, -6.47723 ], [ -73.99946, -6.47936 ], [ -73.98135, -6.47621 ], [ -73.95703, -6.48472 ], [ -73.95248, -6.51148 ], [ -73.9502, -6.51565 ], [ -73.93463, -6.52737 ], [ -73.93125, -6.53422 ], [ -73.93485, -6.58099 ], [ -73.93222, -6.60806 ], [ -73.93355, -6.61265 ], [ -73.9539, -6.62853 ], [ -73.95906, -6.63895 ], [ -73.96744, -6.64441 ], [ -73.98031, -6.66716 ], [ -74.00164, -6.68341 ], [ -74.01337, -6.7134 ], [ -74.0189, -6.73889 ], [ -74.02646, -6.79737 ], [ -74.0394, -6.81541 ], [ -74.03934, -6.81983 ], [ -74.02959, -6.82322 ], [ -74.02858, -6.82614 ], [ -74.01494, -6.83433 ], [ -74.01428, -6.84056 ], [ -74.00964, -6.84174 ], [ -74.00448, -6.85925 ], [ -73.99988, -6.86267 ], [ -73.98695, -6.86986 ], [ -73.97278, -6.86988 ], [ -73.96531, -6.86702 ], [ -73.95269, -6.86896 ], [ -73.92324, -6.8921 ], [ -73.91741, -6.90202 ], [ -73.9192, -6.91316 ], [ -73.91361, -6.93116 ], [ -73.90269, -6.9369 ], [ -73.88637, -6.95885 ], [ -73.8676, -6.96236 ], [ -73.87139, -6.967 ], [ -73.87395, -6.98339 ], [ -73.88038, -7.00251 ], [ -73.87118, -7.01985 ], [ -73.86615, -7.05274 ], [ -73.86186, -7.062 ], [ -73.84777, -7.08116 ], [ -73.81495, -7.09177 ], [ -73.80049, -7.10955 ], [ -73.79842, -7.11306 ], [ -73.79973, -7.11758 ], [ -73.79403, -7.11884 ], [ -73.79462, -7.13002 ], [ -73.78406, -7.12795 ], [ -73.78193, -7.1337 ], [ -73.78349, -7.13963 ], [ -73.79128, -7.1401 ], [ -73.78831, -7.14573 ], [ -73.76856, -7.15552 ], [ -73.76984, -7.16915 ], [ -73.76584, -7.16934 ], [ -73.76405, -7.1731 ], [ -73.75611, -7.17413 ], [ -73.75816, -7.18043 ], [ -73.75614, -7.18341 ], [ -73.75604, -7.1957 ], [ -73.74823, -7.20131 ], [ -73.75208, -7.20642 ], [ -73.74252, -7.21069 ], [ -73.74346, -7.21681 ], [ -73.74149, -7.22032 ], [ -73.73418, -7.21749 ], [ -73.73119, -7.22219 ], [ -73.72421, -7.2224 ], [ -73.71662, -7.22756 ], [ -73.72107, -7.23705 ], [ -73.71257, -7.23935 ], [ -73.70912, -7.24631 ], [ -73.71489, -7.26293 ], [ -73.716, -7.27371 ], [ -73.71135, -7.27735 ], [ -73.71035, -7.28204 ], [ -73.70499, -7.28286 ], [ -73.70458, -7.28717 ], [ -73.69889, -7.29066 ], [ -73.69488, -7.29907 ], [ -73.69681, -7.30145 ], [ -73.69548, -7.31104 ], [ -73.69908, -7.31547 ], [ -73.70039, -7.32246 ], [ -73.70454, -7.32448 ], [ -73.71093, -7.32271 ], [ -73.71077, -7.32617 ], [ -73.7175, -7.33381 ], [ -73.72234, -7.33566 ], [ -73.72256, -7.34122 ], [ -73.727, -7.34438 ], [ -73.7319, -7.34251 ], [ -73.75464, -7.35379 ], [ -73.7529, -7.34039 ], [ -73.76163, -7.3369 ], [ -73.78136, -7.33875 ], [ -73.78902, -7.34774 ], [ -73.81866, -7.33822 ], [ -73.82302, -7.33965 ], [ -73.82398, -7.34515 ], [ -73.82998, -7.35191 ], [ -73.84444, -7.3542 ], [ -73.84752, -7.35281 ], [ -73.85004, -7.35516 ], [ -73.85303, -7.35377 ], [ -73.8572, -7.36281 ], [ -73.85729, -7.37445 ], [ -73.86355, -7.38925 ], [ -73.87347, -7.3875 ], [ -73.88733, -7.37892 ], [ -73.89522, -7.38584 ], [ -73.90387, -7.3857 ], [ -73.90634, -7.38434 ], [ -73.9067, -7.37342 ], [ -73.91524, -7.37111 ], [ -73.9175, -7.36469 ], [ -73.92176, -7.36176 ], [ -73.93497, -7.37726 ], [ -73.94625, -7.35791 ], [ -73.95117, -7.35748 ], [ -73.95555, -7.37083 ], [ -73.94083, -7.39395 ], [ -73.93877, -7.40818 ], [ -73.92174, -7.41988 ], [ -73.92509, -7.42813 ], [ -73.9165, -7.44557 ], [ -73.91673, -7.45628 ], [ -73.90971, -7.46882 ], [ -73.91046, -7.4752 ], [ -73.92405, -7.48098 ], [ -73.92229, -7.49036 ], [ -73.91743, -7.49737 ], [ -73.91882, -7.50494 ], [ -73.92954, -7.511 ], [ -73.94216, -7.53365 ], [ -73.95421, -7.52935 ], [ -73.98303, -7.53436 ], [ -73.99986, -7.51818 ], [ -74.01047, -7.51508 ], [ -74.01339, -7.5124 ], [ -74.01837, -7.49145 ], [ -74.02602, -7.48978 ], [ -74.03647, -7.48124 ], [ -74.03519, -7.4663 ], [ -74.03911, -7.44888 ], [ -74.06663, -7.43821 ], [ -74.11539, -7.40607 ], [ -74.13294, -7.4008 ], [ -74.14072, -7.39281 ], [ -74.14164, -7.37777 ], [ -74.16182, -7.37112 ], [ -74.18086, -7.35875 ], [ -74.21751, -7.36116 ], [ -74.23373, -7.36002 ], [ -74.2381, -7.35784 ], [ -74.24455, -7.34741 ], [ -74.25526, -7.3435 ], [ -74.26703, -7.34913 ], [ -74.27331, -7.34742 ], [ -74.28196, -7.3541 ], [ -74.32936, -7.34848 ], [ -74.34544, -7.34435 ], [ -74.35657, -7.33663 ], [ -74.36157, -7.33661 ], [ -74.3666, -7.3202 ], [ -74.37018, -7.31727 ], [ -74.39397, -7.31782 ], [ -74.40887, -7.314 ], [ -74.41383, -7.3149 ], [ -74.42378, -7.31081 ], [ -74.43132, -7.30159 ], [ -74.44445, -7.30713 ], [ -74.4482, -7.30138 ], [ -74.45375, -7.29825 ], [ -74.46352, -7.2986 ], [ -74.47204, -7.27547 ], [ -74.49643, -7.26682 ], [ -74.50009, -7.26205 ], [ -74.50161, -7.25293 ], [ -74.51206, -7.2428 ], [ -74.51452, -7.21785 ], [ -74.5393, -7.20214 ], [ -74.54107, -7.19741 ], [ -74.53759, -7.1825 ], [ -74.54084, -7.17405 ], [ -74.55162, -7.16593 ], [ -74.56638, -7.17295 ], [ -74.5747, -7.17208 ], [ -74.59738, -7.17768 ], [ -74.60201, -7.17575 ], [ -74.60974, -7.17719 ], [ -74.61854, -7.17403 ], [ -74.61465, -7.16933 ], [ -74.61489, -7.16449 ], [ -74.62809, -7.14597 ], [ -74.63702, -7.13873 ], [ -74.63798, -7.13058 ], [ -74.64282, -7.12428 ], [ -74.6179, -7.10234 ], [ -74.61665, -7.08584 ], [ -74.60392, -7.08212 ], [ -74.5978, -7.07565 ], [ -74.59545, -7.06929 ], [ -74.58311, -7.07323 ], [ -74.57724, -7.06798 ], [ -74.56667, -7.06429 ], [ -74.55399, -7.04727 ], [ -74.54577, -7.04419 ], [ -74.53641, -7.02621 ], [ -74.53174, -7.02483 ], [ -74.52586, -7.01889 ], [ -74.52306, -6.99996 ], [ -74.5234, -6.98032 ], [ -74.52542, -6.95484 ], [ -74.53237, -6.91839 ], [ -74.52882, -6.86876 ], [ -74.51971, -6.83098 ], [ -74.51738, -6.80671 ], [ -74.51379, -6.73919 ], [ -74.51765, -6.70106 ], [ -74.51318, -6.65438 ], [ -74.47954, -6.5825 ], [ -74.44686, -6.48015 ], [ -74.42667, -6.43804 ], [ -74.419, -6.36622 ], [ -74.41845, -6.31649 ], [ -74.41303, -6.28516 ], [ -74.40779, -6.27665 ], [ -74.39558, -6.27209 ], [ -74.37931, -6.2615 ], [ -74.37472, -6.25316 ], [ -74.3764, -6.20499 ], [ -74.37458, -6.18957 ], [ -74.36487, -6.15613 ], [ -74.3158, -6.12115 ], [ -74.29315, -6.10091 ], [ -74.25949, -6.05143 ], [ -74.23684, -5.99649 ], [ -74.21361, -5.97575 ], [ -74.18773, -5.95709 ], [ -74.17844, -5.94621 ] ] ] } },
{ "type": "Feature", "properties": { "UBIGEO_INEI": "160508", "DEPARTAMEN": "LORETO", "PROVINCIA": "REQUENA", "DISTRITO": "SOPLIN" }, "geometry": { "type": "Polygon", "coordinates": [ [ [ -73.87278, -5.57102 ], [ -73.86679, -5.57613 ], [ -73.86589, -5.59206 ], [ -73.86031, -5.61493 ], [ -73.86029, -5.62567 ], [ -73.86527, -5.64154 ], [ -73.85736, -5.65408 ], [ -73.85239, -5.66955 ], [ -73.84496, -5.67829 ], [ -73.82745, -5.69177 ], [ -73.80828, -5.73963 ], [ -73.7783, -5.78378 ], [ -73.75037, -5.7794 ], [ -73.72958, -5.78339 ], [ -73.71882, -5.80714 ], [ -73.71271, -5.83364 ], [ -73.70798, -5.83743 ], [ -73.70857, -5.84549 ], [ -73.71845, -5.86216 ], [ -73.71732, -5.87434 ], [ -73.71348, -5.88261 ], [ -73.69965, -5.8995 ], [ -73.65632, -5.92434 ], [ -73.64725, -5.93553 ], [ -73.62289, -6.001 ], [ -73.62261, -6.00882 ], [ -73.62686, -6.011 ], [ -73.63018, -6.02645 ], [ -73.62736, -6.0336 ], [ -73.62456, -6.03531 ], [ -73.61365, -6.02667 ], [ -73.60733, -6.03772 ], [ -73.59244, -6.03808 ], [ -73.5791, -6.04929 ], [ -73.56397, -6.07126 ], [ -73.54296, -6.07548 ], [ -73.52769, -6.09589 ], [ -73.51531, -6.09621 ], [ -73.50195, -6.08792 ], [ -73.48242, -6.08839 ], [ -73.47561, -6.09162 ], [ -73.46155, -6.10425 ], [ -73.46319, -6.11215 ], [ -73.45872, -6.12312 ], [ -73.46294, -6.13618 ], [ -73.45607, -6.14972 ], [ -73.46917, -6.16699 ], [ -73.46062, -6.17185 ], [ -73.46414, -6.19086 ], [ -73.45955, -6.20058 ], [ -73.46607, -6.21211 ], [ -73.46337, -6.22708 ], [ -73.46564, -6.23096 ], [ -73.47368, -6.23138 ], [ -73.48068, -6.23711 ], [ -73.47816, -6.24065 ], [ -73.48293, -6.25052 ], [ -73.48056, -6.25192 ], [ -73.47352, -6.24846 ], [ -73.46416, -6.25095 ], [ -73.44943, -6.24387 ], [ -73.44457, -6.25003 ], [ -73.44671, -6.2662 ], [ -73.45375, -6.27044 ], [ -73.45302, -6.27779 ], [ -73.45744, -6.2908 ], [ -73.46951, -6.2928 ], [ -73.47404, -6.29998 ], [ -73.4706, -6.30403 ], [ -73.47265, -6.30797 ], [ -73.48537, -6.31447 ], [ -73.49316, -6.3149 ], [ -73.49797, -6.32043 ], [ -73.49658, -6.32794 ], [ -73.48334, -6.34213 ], [ -73.48075, -6.35626 ], [ -73.4708, -6.36815 ], [ -73.47039, -6.37471 ], [ -73.47797, -6.38641 ], [ -73.48489, -6.41409 ], [ -73.49103, -6.4191 ], [ -73.50588, -6.42241 ], [ -73.5152, -6.45559 ], [ -73.53, -6.46496 ], [ -73.52579, -6.47204 ], [ -73.52511, -6.47906 ], [ -73.52001, -6.4863 ], [ -73.5188, -6.52212 ], [ -73.52563, -6.54158 ], [ -73.53921, -6.56653 ], [ -73.55717, -6.5954 ], [ -73.57132, -6.6105 ], [ -73.60742, -6.63988 ], [ -73.61621, -6.66227 ], [ -73.63174, -6.68297 ], [ -73.67735, -6.71116 ], [ -73.69615, -6.73278 ], [ -73.7122, -6.74397 ], [ -73.72417, -6.7481 ], [ -73.75714, -6.75276 ], [ -73.77136, -6.76516 ], [ -73.78263, -6.78024 ], [ -73.78558, -6.79108 ], [ -73.78938, -6.85635 ], [ -73.82119, -6.89475 ], [ -73.82453, -6.91594 ], [ -73.83316, -6.92628 ], [ -73.84885, -6.9312 ], [ -73.86022, -6.94654 ], [ -73.86084, -6.95216 ], [ -73.8676, -6.96236 ], [ -73.88637, -6.95885 ], [ -73.90269, -6.9369 ], [ -73.91361, -6.93116 ], [ -73.9192, -6.91316 ], [ -73.91741, -6.90202 ], [ -73.92324, -6.8921 ], [ -73.95269, -6.86896 ], [ -73.96531, -6.86702 ], [ -73.97278, -6.86988 ], [ -73.98695, -6.86986 ], [ -74.00314, -6.86059 ], [ -74.00964, -6.84174 ], [ -74.01434, -6.84044 ], [ -74.01494, -6.83433 ], [ -74.02858, -6.82614 ], [ -74.02959, -6.82322 ], [ -74.03899, -6.82029 ], [ -74.03986, -6.81674 ], [ -74.02646, -6.79737 ], [ -74.0189, -6.73889 ], [ -74.01337, -6.7134 ], [ -74.00164, -6.68341 ], [ -73.98031, -6.66716 ], [ -73.96744, -6.64441 ], [ -73.95906, -6.63895 ], [ -73.9539, -6.62853 ], [ -73.93355, -6.61265 ], [ -73.93222, -6.60806 ], [ -73.93485, -6.58099 ], [ -73.93125, -6.53422 ], [ -73.93463, -6.52737 ], [ -73.9502, -6.51565 ], [ -73.95248, -6.51148 ], [ -73.95703, -6.48472 ], [ -73.95276, -6.47808 ], [ -73.92271, -6.46335 ], [ -73.90361, -6.43959 ], [ -73.89507, -6.42232 ], [ -73.89364, -6.41652 ], [ -73.89652, -6.39841 ], [ -73.88539, -6.37743 ], [ -73.89129, -6.3554 ], [ -73.88095, -6.35307 ], [ -73.87454, -6.34745 ], [ -73.87152, -6.33467 ], [ -73.86291, -6.32401 ], [ -73.8724, -6.30756 ], [ -73.86846, -6.29705 ], [ -73.86526, -6.28112 ], [ -73.86601, -6.27308 ], [ -73.8608, -6.25369 ], [ -73.86137, -6.24435 ], [ -73.86975, -6.22622 ], [ -73.87025, -6.21886 ], [ -73.86786, -6.21123 ], [ -73.85311, -6.19949 ], [ -73.84957, -6.18722 ], [ -73.85043, -6.17414 ], [ -73.858, -6.167 ], [ -73.8597, -6.16012 ], [ -73.84548, -6.132 ], [ -73.83386, -6.11616 ], [ -73.83499, -6.10011 ], [ -73.8391, -6.08796 ], [ -73.83545, -6.07289 ], [ -73.84447, -6.04799 ], [ -73.84493, -6.02209 ], [ -73.83854, -5.98964 ], [ -73.84306, -5.9736 ], [ -73.83009, -5.95672 ], [ -73.83083, -5.95415 ], [ -73.88126, -5.93632 ], [ -73.89319, -5.9299 ], [ -73.9027, -5.91611 ], [ -73.96279, -5.85942 ], [ -73.96755, -5.85266 ], [ -73.9708, -5.84041 ], [ -73.97009, -5.82483 ], [ -73.96044, -5.78959 ], [ -73.96022, -5.77532 ], [ -73.95011, -5.75377 ], [ -73.93541, -5.70332 ], [ -73.93324, -5.68392 ], [ -73.93395, -5.65289 ], [ -73.91324, -5.6266 ], [ -73.89061, -5.60684 ], [ -73.88403, -5.5837 ], [ -73.8871, -5.58065 ], [ -73.88695, -5.57416 ], [ -73.87278, -5.57102 ] ] ] } },
{ "type": "Feature", "properties": { "UBIGEO_INEI": "160509", "DEPARTAMEN": "LORETO", "PROVINCIA": "REQUENA", "DISTRITO": "TAPICHE" }, "geometry": { "type": "Polygon", "coordinates": [ [ [ -73.88695, -5.57416 ], [ -73.8871, -5.58065 ], [ -73.88403, -5.5837 ], [ -73.89061, -5.60684 ], [ -73.91324, -5.6266 ], [ -73.93395, -5.65289 ], [ -73.93324, -5.68392 ], [ -73.93541, -5.70332 ], [ -73.95011, -5.75377 ], [ -73.96022, -5.77532 ], [ -73.96044, -5.78959 ], [ -73.97009, -5.82483 ], [ -73.9708, -5.84041 ], [ -73.96755, -5.85266 ], [ -73.96279, -5.85942 ], [ -73.9027, -5.91611 ], [ -73.89319, -5.9299 ], [ -73.88126, -5.93632 ], [ -73.83083, -5.95415 ], [ -73.83009, -5.95672 ], [ -73.84306, -5.9736 ], [ -73.83854, -5.98964 ], [ -73.84493, -6.02209 ], [ -73.84447, -6.04799 ], [ -73.83545, -6.07289 ], [ -73.8391, -6.08796 ], [ -73.83358, -6.11386 ], [ -73.8597, -6.16012 ], [ -73.858, -6.167 ], [ -73.85043, -6.17414 ], [ -73.84957, -6.18722 ], [ -73.85311, -6.19949 ], [ -73.86786, -6.21123 ], [ -73.87025, -6.21886 ], [ -73.86975, -6.22622 ], [ -73.86137, -6.24435 ], [ -73.8608, -6.25369 ], [ -73.86601, -6.27308 ], [ -73.86526, -6.28112 ], [ -73.86846, -6.29705 ], [ -73.8724, -6.30756 ], [ -73.86291, -6.32401 ], [ -73.87152, -6.33467 ], [ -73.87454, -6.34745 ], [ -73.88095, -6.35307 ], [ -73.89129, -6.3554 ], [ -73.88539, -6.37743 ], [ -73.89652, -6.39841 ], [ -73.89364, -6.41652 ], [ -73.89507, -6.42232 ], [ -73.90361, -6.43959 ], [ -73.92271, -6.46335 ], [ -73.95276, -6.47808 ], [ -73.95703, -6.48472 ], [ -73.98135, -6.47621 ], [ -73.99946, -6.47936 ], [ -74.0045, -6.47723 ], [ -74.00489, -6.46078 ], [ -74.00905, -6.44533 ], [ -74.02218, -6.43578 ], [ -74.03846, -6.35549 ], [ -74.03978, -6.34478 ], [ -74.03561, -6.27704 ], [ -74.02254, -6.20993 ], [ -74.03115, -6.17381 ], [ -74.01852, -6.1047 ], [ -74.01321, -6.08838 ], [ -74.01226, -6.04439 ], [ -74.03899, -6.03105 ], [ -74.07652, -6.02219 ], [ -74.11278, -6.00938 ], [ -74.1156, -6.00592 ], [ -74.11689, -5.99463 ], [ -74.12353, -5.98433 ], [ -74.1384, -5.97818 ], [ -74.14652, -5.96885 ], [ -74.17021, -5.95609 ], [ -74.17736, -5.94897 ], [ -74.17707, -5.94368 ], [ -74.1583, -5.92169 ], [ -74.15151, -5.90453 ], [ -74.15858, -5.84087 ], [ -74.1576, -5.8328 ], [ -74.1411, -5.81898 ], [ -74.11957, -5.80922 ], [ -74.1037, -5.79905 ], [ -74.09668, -5.78773 ], [ -74.09864, -5.7805 ], [ -74.11265, -5.76837 ], [ -74.16764, -5.74391 ], [ -74.16753, -5.70347 ], [ -74.19259, -5.65776 ], [ -74.18935, -5.65141 ], [ -74.17915, -5.64371 ], [ -74.13313, -5.62087 ], [ -74.10978, -5.60588 ], [ -74.08889, -5.60893 ], [ -74.05557, -5.6014 ], [ -74.02604, -5.59896 ], [ -74.0131, -5.59305 ], [ -74.00656, -5.59261 ], [ -73.97328, -5.5979 ], [ -73.94435, -5.57752 ], [ -73.93092, -5.57587 ], [ -73.89917, -5.57766 ], [ -73.88695, -5.57416 ] ] ] } },
{ "type": "Feature", "properties": { "UBIGEO_INEI": "061302", "DEPARTAMEN": "CAJAMARCA", "PROVINCIA": "SANTA CRUZ", "DISTRITO": "ANDABAMBA" }, "geometry": { "type": "Polygon", "coordinates": [ [ [ -78.79954, -6.64732 ], [ -78.79629, -6.66959 ], [ -78.79863, -6.6766 ], [ -78.80553, -6.68097 ], [ -78.81863, -6.67425 ], [ -78.8335, -6.66017 ], [ -78.82075, -6.65954 ], [ -78.81008, -6.6493 ], [ -78.79954, -6.64732 ] ] ] } }
]
}
